phase,coefficient_bits,coefficient_scale,fraction,left_coefficient,right_coefficient,coefficient_sum,left_weight,right_weight
0,11,2048,0.0000000000,2048,0,2048,1.0000000000,0.0000000000
1,11,2048,0.0004882812,2047,1,2048,0.9995117188,0.0004882812
2,11,2048,0.0009765625,2046,2,2048,0.9990234375,0.0009765625
3,11,2048,0.0014648438,2045,3,2048,0.9985351562,0.0014648438
4,11,2048,0.0019531250,2044,4,2048,0.9980468750,0.0019531250
5,11,2048,0.0024414062,2043,5,2048,0.9975585938,0.0024414062
6,11,2048,0.0029296875,2042,6,2048,0.9970703125,0.0029296875
7,11,2048,0.0034179688,2041,7,2048,0.9965820312,0.0034179688
8,11,2048,0.0039062500,2040,8,2048,0.9960937500,0.0039062500
9,11,2048,0.0043945312,2039,9,2048,0.9956054688,0.0043945312
10,11,2048,0.0048828125,2038,10,2048,0.9951171875,0.0048828125
11,11,2048,0.0053710938,2037,11,2048,0.9946289062,0.0053710938
12,11,2048,0.0058593750,2036,12,2048,0.9941406250,0.0058593750
13,11,2048,0.0063476562,2035,13,2048,0.9936523438,0.0063476562
14,11,2048,0.0068359375,2034,14,2048,0.9931640625,0.0068359375
15,11,2048,0.0073242188,2033,15,2048,0.9926757812,0.0073242188
16,11,2048,0.0078125000,2032,16,2048,0.9921875000,0.0078125000
17,11,2048,0.0083007812,2031,17,2048,0.9916992188,0.0083007812
18,11,2048,0.0087890625,2030,18,2048,0.9912109375,0.0087890625
19,11,2048,0.0092773438,2029,19,2048,0.9907226562,0.0092773438
20,11,2048,0.0097656250,2028,20,2048,0.9902343750,0.0097656250
21,11,2048,0.0102539062,2027,21,2048,0.9897460938,0.0102539062
22,11,2048,0.0107421875,2026,22,2048,0.9892578125,0.0107421875
23,11,2048,0.0112304688,2025,23,2048,0.9887695312,0.0112304688
24,11,2048,0.0117187500,2024,24,2048,0.9882812500,0.0117187500
25,11,2048,0.0122070312,2023,25,2048,0.9877929688,0.0122070312
26,11,2048,0.0126953125,2022,26,2048,0.9873046875,0.0126953125
27,11,2048,0.0131835938,2021,27,2048,0.9868164062,0.0131835938
28,11,2048,0.0136718750,2020,28,2048,0.9863281250,0.0136718750
29,11,2048,0.0141601562,2019,29,2048,0.9858398438,0.0141601562
30,11,2048,0.0146484375,2018,30,2048,0.9853515625,0.0146484375
31,11,2048,0.0151367188,2017,31,2048,0.9848632812,0.0151367188
32,11,2048,0.0156250000,2016,32,2048,0.9843750000,0.0156250000
33,11,2048,0.0161132812,2015,33,2048,0.9838867188,0.0161132812
34,11,2048,0.0166015625,2014,34,2048,0.9833984375,0.0166015625
35,11,2048,0.0170898438,2013,35,2048,0.9829101562,0.0170898438
36,11,2048,0.0175781250,2012,36,2048,0.9824218750,0.0175781250
37,11,2048,0.0180664062,2011,37,2048,0.9819335938,0.0180664062
38,11,2048,0.0185546875,2010,38,2048,0.9814453125,0.0185546875
39,11,2048,0.0190429688,2009,39,2048,0.9809570312,0.0190429688
40,11,2048,0.0195312500,2008,40,2048,0.9804687500,0.0195312500
41,11,2048,0.0200195312,2007,41,2048,0.9799804688,0.0200195312
42,11,2048,0.0205078125,2006,42,2048,0.9794921875,0.0205078125
43,11,2048,0.0209960938,2005,43,2048,0.9790039062,0.0209960938
44,11,2048,0.0214843750,2004,44,2048,0.9785156250,0.0214843750
45,11,2048,0.0219726562,2003,45,2048,0.9780273438,0.0219726562
46,11,2048,0.0224609375,2002,46,2048,0.9775390625,0.0224609375
47,11,2048,0.0229492188,2001,47,2048,0.9770507812,0.0229492188
48,11,2048,0.0234375000,2000,48,2048,0.9765625000,0.0234375000
49,11,2048,0.0239257812,1999,49,2048,0.9760742188,0.0239257812
50,11,2048,0.0244140625,1998,50,2048,0.9755859375,0.0244140625
51,11,2048,0.0249023438,1997,51,2048,0.9750976562,0.0249023438
52,11,2048,0.0253906250,1996,52,2048,0.9746093750,0.0253906250
53,11,2048,0.0258789062,1995,53,2048,0.9741210938,0.0258789062
54,11,2048,0.0263671875,1994,54,2048,0.9736328125,0.0263671875
55,11,2048,0.0268554688,1993,55,2048,0.9731445312,0.0268554688
56,11,2048,0.0273437500,1992,56,2048,0.9726562500,0.0273437500
57,11,2048,0.0278320312,1991,57,2048,0.9721679688,0.0278320312
58,11,2048,0.0283203125,1990,58,2048,0.9716796875,0.0283203125
59,11,2048,0.0288085938,1989,59,2048,0.9711914062,0.0288085938
60,11,2048,0.0292968750,1988,60,2048,0.9707031250,0.0292968750
61,11,2048,0.0297851562,1987,61,2048,0.9702148438,0.0297851562
62,11,2048,0.0302734375,1986,62,2048,0.9697265625,0.0302734375
63,11,2048,0.0307617188,1985,63,2048,0.9692382812,0.0307617188
64,11,2048,0.0312500000,1984,64,2048,0.9687500000,0.0312500000
65,11,2048,0.0317382812,1983,65,2048,0.9682617188,0.0317382812
66,11,2048,0.0322265625,1982,66,2048,0.9677734375,0.0322265625
67,11,2048,0.0327148438,1981,67,2048,0.9672851562,0.0327148438
68,11,2048,0.0332031250,1980,68,2048,0.9667968750,0.0332031250
69,11,2048,0.0336914062,1979,69,2048,0.9663085938,0.0336914062
70,11,2048,0.0341796875,1978,70,2048,0.9658203125,0.0341796875
71,11,2048,0.0346679688,1977,71,2048,0.9653320312,0.0346679688
72,11,2048,0.0351562500,1976,72,2048,0.9648437500,0.0351562500
73,11,2048,0.0356445312,1975,73,2048,0.9643554688,0.0356445312
74,11,2048,0.0361328125,1974,74,2048,0.9638671875,0.0361328125
75,11,2048,0.0366210938,1973,75,2048,0.9633789062,0.0366210938
76,11,2048,0.0371093750,1972,76,2048,0.9628906250,0.0371093750
77,11,2048,0.0375976562,1971,77,2048,0.9624023438,0.0375976562
78,11,2048,0.0380859375,1970,78,2048,0.9619140625,0.0380859375
79,11,2048,0.0385742188,1969,79,2048,0.9614257812,0.0385742188
80,11,2048,0.0390625000,1968,80,2048,0.9609375000,0.0390625000
81,11,2048,0.0395507812,1967,81,2048,0.9604492188,0.0395507812
82,11,2048,0.0400390625,1966,82,2048,0.9599609375,0.0400390625
83,11,2048,0.0405273438,1965,83,2048,0.9594726562,0.0405273438
84,11,2048,0.0410156250,1964,84,2048,0.9589843750,0.0410156250
85,11,2048,0.0415039062,1963,85,2048,0.9584960938,0.0415039062
86,11,2048,0.0419921875,1962,86,2048,0.9580078125,0.0419921875
87,11,2048,0.0424804688,1961,87,2048,0.9575195312,0.0424804688
88,11,2048,0.0429687500,1960,88,2048,0.9570312500,0.0429687500
89,11,2048,0.0434570312,1959,89,2048,0.9565429688,0.0434570312
90,11,2048,0.0439453125,1958,90,2048,0.9560546875,0.0439453125
91,11,2048,0.0444335938,1957,91,2048,0.9555664062,0.0444335938
92,11,2048,0.0449218750,1956,92,2048,0.9550781250,0.0449218750
93,11,2048,0.0454101562,1955,93,2048,0.9545898438,0.0454101562
94,11,2048,0.0458984375,1954,94,2048,0.9541015625,0.0458984375
95,11,2048,0.0463867188,1953,95,2048,0.9536132812,0.0463867188
96,11,2048,0.0468750000,1952,96,2048,0.9531250000,0.0468750000
97,11,2048,0.0473632812,1951,97,2048,0.9526367188,0.0473632812
98,11,2048,0.0478515625,1950,98,2048,0.9521484375,0.0478515625
99,11,2048,0.0483398438,1949,99,2048,0.9516601562,0.0483398438
100,11,2048,0.0488281250,1948,100,2048,0.9511718750,0.0488281250
101,11,2048,0.0493164062,1947,101,2048,0.9506835938,0.0493164062
102,11,2048,0.0498046875,1946,102,2048,0.9501953125,0.0498046875
103,11,2048,0.0502929688,1945,103,2048,0.9497070312,0.0502929688
104,11,2048,0.0507812500,1944,104,2048,0.9492187500,0.0507812500
105,11,2048,0.0512695312,1943,105,2048,0.9487304688,0.0512695312
106,11,2048,0.0517578125,1942,106,2048,0.9482421875,0.0517578125
107,11,2048,0.0522460938,1941,107,2048,0.9477539062,0.0522460938
108,11,2048,0.0527343750,1940,108,2048,0.9472656250,0.0527343750
109,11,2048,0.0532226562,1939,109,2048,0.9467773438,0.0532226562
110,11,2048,0.0537109375,1938,110,2048,0.9462890625,0.0537109375
111,11,2048,0.0541992188,1937,111,2048,0.9458007812,0.0541992188
112,11,2048,0.0546875000,1936,112,2048,0.9453125000,0.0546875000
113,11,2048,0.0551757812,1935,113,2048,0.9448242188,0.0551757812
114,11,2048,0.0556640625,1934,114,2048,0.9443359375,0.0556640625
115,11,2048,0.0561523438,1933,115,2048,0.9438476562,0.0561523438
116,11,2048,0.0566406250,1932,116,2048,0.9433593750,0.0566406250
117,11,2048,0.0571289062,1931,117,2048,0.9428710938,0.0571289062
118,11,2048,0.0576171875,1930,118,2048,0.9423828125,0.0576171875
119,11,2048,0.0581054688,1929,119,2048,0.9418945312,0.0581054688
120,11,2048,0.0585937500,1928,120,2048,0.9414062500,0.0585937500
121,11,2048,0.0590820312,1927,121,2048,0.9409179688,0.0590820312
122,11,2048,0.0595703125,1926,122,2048,0.9404296875,0.0595703125
123,11,2048,0.0600585938,1925,123,2048,0.9399414062,0.0600585938
124,11,2048,0.0605468750,1924,124,2048,0.9394531250,0.0605468750
125,11,2048,0.0610351562,1923,125,2048,0.9389648438,0.0610351562
126,11,2048,0.0615234375,1922,126,2048,0.9384765625,0.0615234375
127,11,2048,0.0620117188,1921,127,2048,0.9379882812,0.0620117188
128,11,2048,0.0625000000,1920,128,2048,0.9375000000,0.0625000000
129,11,2048,0.0629882812,1919,129,2048,0.9370117188,0.0629882812
130,11,2048,0.0634765625,1918,130,2048,0.9365234375,0.0634765625
131,11,2048,0.0639648438,1917,131,2048,0.9360351562,0.0639648438
132,11,2048,0.0644531250,1916,132,2048,0.9355468750,0.0644531250
133,11,2048,0.0649414062,1915,133,2048,0.9350585938,0.0649414062
134,11,2048,0.0654296875,1914,134,2048,0.9345703125,0.0654296875
135,11,2048,0.0659179688,1913,135,2048,0.9340820312,0.0659179688
136,11,2048,0.0664062500,1912,136,2048,0.9335937500,0.0664062500
137,11,2048,0.0668945312,1911,137,2048,0.9331054688,0.0668945312
138,11,2048,0.0673828125,1910,138,2048,0.9326171875,0.0673828125
139,11,2048,0.0678710938,1909,139,2048,0.9321289062,0.0678710938
140,11,2048,0.0683593750,1908,140,2048,0.9316406250,0.0683593750
141,11,2048,0.0688476562,1907,141,2048,0.9311523438,0.0688476562
142,11,2048,0.0693359375,1906,142,2048,0.9306640625,0.0693359375
143,11,2048,0.0698242188,1905,143,2048,0.9301757812,0.0698242188
144,11,2048,0.0703125000,1904,144,2048,0.9296875000,0.0703125000
145,11,2048,0.0708007812,1903,145,2048,0.9291992188,0.0708007812
146,11,2048,0.0712890625,1902,146,2048,0.9287109375,0.0712890625
147,11,2048,0.0717773438,1901,147,2048,0.9282226562,0.0717773438
148,11,2048,0.0722656250,1900,148,2048,0.9277343750,0.0722656250
149,11,2048,0.0727539062,1899,149,2048,0.9272460938,0.0727539062
150,11,2048,0.0732421875,1898,150,2048,0.9267578125,0.0732421875
151,11,2048,0.0737304688,1897,151,2048,0.9262695312,0.0737304688
152,11,2048,0.0742187500,1896,152,2048,0.9257812500,0.0742187500
153,11,2048,0.0747070312,1895,153,2048,0.9252929688,0.0747070312
154,11,2048,0.0751953125,1894,154,2048,0.9248046875,0.0751953125
155,11,2048,0.0756835938,1893,155,2048,0.9243164062,0.0756835938
156,11,2048,0.0761718750,1892,156,2048,0.9238281250,0.0761718750
157,11,2048,0.0766601562,1891,157,2048,0.9233398438,0.0766601562
158,11,2048,0.0771484375,1890,158,2048,0.9228515625,0.0771484375
159,11,2048,0.0776367188,1889,159,2048,0.9223632812,0.0776367188
160,11,2048,0.0781250000,1888,160,2048,0.9218750000,0.0781250000
161,11,2048,0.0786132812,1887,161,2048,0.9213867188,0.0786132812
162,11,2048,0.0791015625,1886,162,2048,0.9208984375,0.0791015625
163,11,2048,0.0795898438,1885,163,2048,0.9204101562,0.0795898438
164,11,2048,0.0800781250,1884,164,2048,0.9199218750,0.0800781250
165,11,2048,0.0805664062,1883,165,2048,0.9194335938,0.0805664062
166,11,2048,0.0810546875,1882,166,2048,0.9189453125,0.0810546875
167,11,2048,0.0815429688,1881,167,2048,0.9184570312,0.0815429688
168,11,2048,0.0820312500,1880,168,2048,0.9179687500,0.0820312500
169,11,2048,0.0825195312,1879,169,2048,0.9174804688,0.0825195312
170,11,2048,0.0830078125,1878,170,2048,0.9169921875,0.0830078125
171,11,2048,0.0834960938,1877,171,2048,0.9165039062,0.0834960938
172,11,2048,0.0839843750,1876,172,2048,0.9160156250,0.0839843750
173,11,2048,0.0844726562,1875,173,2048,0.9155273438,0.0844726562
174,11,2048,0.0849609375,1874,174,2048,0.9150390625,0.0849609375
175,11,2048,0.0854492188,1873,175,2048,0.9145507812,0.0854492188
176,11,2048,0.0859375000,1872,176,2048,0.9140625000,0.0859375000
177,11,2048,0.0864257812,1871,177,2048,0.9135742188,0.0864257812
178,11,2048,0.0869140625,1870,178,2048,0.9130859375,0.0869140625
179,11,2048,0.0874023438,1869,179,2048,0.9125976562,0.0874023438
180,11,2048,0.0878906250,1868,180,2048,0.9121093750,0.0878906250
181,11,2048,0.0883789062,1867,181,2048,0.9116210938,0.0883789062
182,11,2048,0.0888671875,1866,182,2048,0.9111328125,0.0888671875
183,11,2048,0.0893554688,1865,183,2048,0.9106445312,0.0893554688
184,11,2048,0.0898437500,1864,184,2048,0.9101562500,0.0898437500
185,11,2048,0.0903320312,1863,185,2048,0.9096679688,0.0903320312
186,11,2048,0.0908203125,1862,186,2048,0.9091796875,0.0908203125
187,11,2048,0.0913085938,1861,187,2048,0.9086914062,0.0913085938
188,11,2048,0.0917968750,1860,188,2048,0.9082031250,0.0917968750
189,11,2048,0.0922851562,1859,189,2048,0.9077148438,0.0922851562
190,11,2048,0.0927734375,1858,190,2048,0.9072265625,0.0927734375
191,11,2048,0.0932617188,1857,191,2048,0.9067382812,0.0932617188
192,11,2048,0.0937500000,1856,192,2048,0.9062500000,0.0937500000
193,11,2048,0.0942382812,1855,193,2048,0.9057617188,0.0942382812
194,11,2048,0.0947265625,1854,194,2048,0.9052734375,0.0947265625
195,11,2048,0.0952148438,1853,195,2048,0.9047851562,0.0952148438
196,11,2048,0.0957031250,1852,196,2048,0.9042968750,0.0957031250
197,11,2048,0.0961914062,1851,197,2048,0.9038085938,0.0961914062
198,11,2048,0.0966796875,1850,198,2048,0.9033203125,0.0966796875
199,11,2048,0.0971679688,1849,199,2048,0.9028320312,0.0971679688
200,11,2048,0.0976562500,1848,200,2048,0.9023437500,0.0976562500
201,11,2048,0.0981445312,1847,201,2048,0.9018554688,0.0981445312
202,11,2048,0.0986328125,1846,202,2048,0.9013671875,0.0986328125
203,11,2048,0.0991210938,1845,203,2048,0.9008789062,0.0991210938
204,11,2048,0.0996093750,1844,204,2048,0.9003906250,0.0996093750
205,11,2048,0.1000976562,1843,205,2048,0.8999023438,0.1000976562
206,11,2048,0.1005859375,1842,206,2048,0.8994140625,0.1005859375
207,11,2048,0.1010742188,1841,207,2048,0.8989257812,0.1010742188
208,11,2048,0.1015625000,1840,208,2048,0.8984375000,0.1015625000
209,11,2048,0.1020507812,1839,209,2048,0.8979492188,0.1020507812
210,11,2048,0.1025390625,1838,210,2048,0.8974609375,0.1025390625
211,11,2048,0.1030273438,1837,211,2048,0.8969726562,0.1030273438
212,11,2048,0.1035156250,1836,212,2048,0.8964843750,0.1035156250
213,11,2048,0.1040039062,1835,213,2048,0.8959960938,0.1040039062
214,11,2048,0.1044921875,1834,214,2048,0.8955078125,0.1044921875
215,11,2048,0.1049804688,1833,215,2048,0.8950195312,0.1049804688
216,11,2048,0.1054687500,1832,216,2048,0.8945312500,0.1054687500
217,11,2048,0.1059570312,1831,217,2048,0.8940429688,0.1059570312
218,11,2048,0.1064453125,1830,218,2048,0.8935546875,0.1064453125
219,11,2048,0.1069335938,1829,219,2048,0.8930664062,0.1069335938
220,11,2048,0.1074218750,1828,220,2048,0.8925781250,0.1074218750
221,11,2048,0.1079101562,1827,221,2048,0.8920898438,0.1079101562
222,11,2048,0.1083984375,1826,222,2048,0.8916015625,0.1083984375
223,11,2048,0.1088867188,1825,223,2048,0.8911132812,0.1088867188
224,11,2048,0.1093750000,1824,224,2048,0.8906250000,0.1093750000
225,11,2048,0.1098632812,1823,225,2048,0.8901367188,0.1098632812
226,11,2048,0.1103515625,1822,226,2048,0.8896484375,0.1103515625
227,11,2048,0.1108398438,1821,227,2048,0.8891601562,0.1108398438
228,11,2048,0.1113281250,1820,228,2048,0.8886718750,0.1113281250
229,11,2048,0.1118164062,1819,229,2048,0.8881835938,0.1118164062
230,11,2048,0.1123046875,1818,230,2048,0.8876953125,0.1123046875
231,11,2048,0.1127929688,1817,231,2048,0.8872070312,0.1127929688
232,11,2048,0.1132812500,1816,232,2048,0.8867187500,0.1132812500
233,11,2048,0.1137695312,1815,233,2048,0.8862304688,0.1137695312
234,11,2048,0.1142578125,1814,234,2048,0.8857421875,0.1142578125
235,11,2048,0.1147460938,1813,235,2048,0.8852539062,0.1147460938
236,11,2048,0.1152343750,1812,236,2048,0.8847656250,0.1152343750
237,11,2048,0.1157226562,1811,237,2048,0.8842773438,0.1157226562
238,11,2048,0.1162109375,1810,238,2048,0.8837890625,0.1162109375
239,11,2048,0.1166992188,1809,239,2048,0.8833007812,0.1166992188
240,11,2048,0.1171875000,1808,240,2048,0.8828125000,0.1171875000
241,11,2048,0.1176757812,1807,241,2048,0.8823242188,0.1176757812
242,11,2048,0.1181640625,1806,242,2048,0.8818359375,0.1181640625
243,11,2048,0.1186523438,1805,243,2048,0.8813476562,0.1186523438
244,11,2048,0.1191406250,1804,244,2048,0.8808593750,0.1191406250
245,11,2048,0.1196289062,1803,245,2048,0.8803710938,0.1196289062
246,11,2048,0.1201171875,1802,246,2048,0.8798828125,0.1201171875
247,11,2048,0.1206054688,1801,247,2048,0.8793945312,0.1206054688
248,11,2048,0.1210937500,1800,248,2048,0.8789062500,0.1210937500
249,11,2048,0.1215820312,1799,249,2048,0.8784179688,0.1215820312
250,11,2048,0.1220703125,1798,250,2048,0.8779296875,0.1220703125
251,11,2048,0.1225585938,1797,251,2048,0.8774414062,0.1225585938
252,11,2048,0.1230468750,1796,252,2048,0.8769531250,0.1230468750
253,11,2048,0.1235351562,1795,253,2048,0.8764648438,0.1235351562
254,11,2048,0.1240234375,1794,254,2048,0.8759765625,0.1240234375
255,11,2048,0.1245117188,1793,255,2048,0.8754882812,0.1245117188
256,11,2048,0.1250000000,1792,256,2048,0.8750000000,0.1250000000
257,11,2048,0.1254882812,1791,257,2048,0.8745117188,0.1254882812
258,11,2048,0.1259765625,1790,258,2048,0.8740234375,0.1259765625
259,11,2048,0.1264648438,1789,259,2048,0.8735351562,0.1264648438
260,11,2048,0.1269531250,1788,260,2048,0.8730468750,0.1269531250
261,11,2048,0.1274414062,1787,261,2048,0.8725585938,0.1274414062
262,11,2048,0.1279296875,1786,262,2048,0.8720703125,0.1279296875
263,11,2048,0.1284179688,1785,263,2048,0.8715820312,0.1284179688
264,11,2048,0.1289062500,1784,264,2048,0.8710937500,0.1289062500
265,11,2048,0.1293945312,1783,265,2048,0.8706054688,0.1293945312
266,11,2048,0.1298828125,1782,266,2048,0.8701171875,0.1298828125
267,11,2048,0.1303710938,1781,267,2048,0.8696289062,0.1303710938
268,11,2048,0.1308593750,1780,268,2048,0.8691406250,0.1308593750
269,11,2048,0.1313476562,1779,269,2048,0.8686523438,0.1313476562
270,11,2048,0.1318359375,1778,270,2048,0.8681640625,0.1318359375
271,11,2048,0.1323242188,1777,271,2048,0.8676757812,0.1323242188
272,11,2048,0.1328125000,1776,272,2048,0.8671875000,0.1328125000
273,11,2048,0.1333007812,1775,273,2048,0.8666992188,0.1333007812
274,11,2048,0.1337890625,1774,274,2048,0.8662109375,0.1337890625
275,11,2048,0.1342773438,1773,275,2048,0.8657226562,0.1342773438
276,11,2048,0.1347656250,1772,276,2048,0.8652343750,0.1347656250
277,11,2048,0.1352539062,1771,277,2048,0.8647460938,0.1352539062
278,11,2048,0.1357421875,1770,278,2048,0.8642578125,0.1357421875
279,11,2048,0.1362304688,1769,279,2048,0.8637695312,0.1362304688
280,11,2048,0.1367187500,1768,280,2048,0.8632812500,0.1367187500
281,11,2048,0.1372070312,1767,281,2048,0.8627929688,0.1372070312
282,11,2048,0.1376953125,1766,282,2048,0.8623046875,0.1376953125
283,11,2048,0.1381835938,1765,283,2048,0.8618164062,0.1381835938
284,11,2048,0.1386718750,1764,284,2048,0.8613281250,0.1386718750
285,11,2048,0.1391601562,1763,285,2048,0.8608398438,0.1391601562
286,11,2048,0.1396484375,1762,286,2048,0.8603515625,0.1396484375
287,11,2048,0.1401367188,1761,287,2048,0.8598632812,0.1401367188
288,11,2048,0.1406250000,1760,288,2048,0.8593750000,0.1406250000
289,11,2048,0.1411132812,1759,289,2048,0.8588867188,0.1411132812
290,11,2048,0.1416015625,1758,290,2048,0.8583984375,0.1416015625
291,11,2048,0.1420898438,1757,291,2048,0.8579101562,0.1420898438
292,11,2048,0.1425781250,1756,292,2048,0.8574218750,0.1425781250
293,11,2048,0.1430664062,1755,293,2048,0.8569335938,0.1430664062
294,11,2048,0.1435546875,1754,294,2048,0.8564453125,0.1435546875
295,11,2048,0.1440429688,1753,295,2048,0.8559570312,0.1440429688
296,11,2048,0.1445312500,1752,296,2048,0.8554687500,0.1445312500
297,11,2048,0.1450195312,1751,297,2048,0.8549804688,0.1450195312
298,11,2048,0.1455078125,1750,298,2048,0.8544921875,0.1455078125
299,11,2048,0.1459960938,1749,299,2048,0.8540039062,0.1459960938
300,11,2048,0.1464843750,1748,300,2048,0.8535156250,0.1464843750
301,11,2048,0.1469726562,1747,301,2048,0.8530273438,0.1469726562
302,11,2048,0.1474609375,1746,302,2048,0.8525390625,0.1474609375
303,11,2048,0.1479492188,1745,303,2048,0.8520507812,0.1479492188
304,11,2048,0.1484375000,1744,304,2048,0.8515625000,0.1484375000
305,11,2048,0.1489257812,1743,305,2048,0.8510742188,0.1489257812
306,11,2048,0.1494140625,1742,306,2048,0.8505859375,0.1494140625
307,11,2048,0.1499023438,1741,307,2048,0.8500976562,0.1499023438
308,11,2048,0.1503906250,1740,308,2048,0.8496093750,0.1503906250
309,11,2048,0.1508789062,1739,309,2048,0.8491210938,0.1508789062
310,11,2048,0.1513671875,1738,310,2048,0.8486328125,0.1513671875
311,11,2048,0.1518554688,1737,311,2048,0.8481445312,0.1518554688
312,11,2048,0.1523437500,1736,312,2048,0.8476562500,0.1523437500
313,11,2048,0.1528320312,1735,313,2048,0.8471679688,0.1528320312
314,11,2048,0.1533203125,1734,314,2048,0.8466796875,0.1533203125
315,11,2048,0.1538085938,1733,315,2048,0.8461914062,0.1538085938
316,11,2048,0.1542968750,1732,316,2048,0.8457031250,0.1542968750
317,11,2048,0.1547851562,1731,317,2048,0.8452148438,0.1547851562
318,11,2048,0.1552734375,1730,318,2048,0.8447265625,0.1552734375
319,11,2048,0.1557617188,1729,319,2048,0.8442382812,0.1557617188
320,11,2048,0.1562500000,1728,320,2048,0.8437500000,0.1562500000
321,11,2048,0.1567382812,1727,321,2048,0.8432617188,0.1567382812
322,11,2048,0.1572265625,1726,322,2048,0.8427734375,0.1572265625
323,11,2048,0.1577148438,1725,323,2048,0.8422851562,0.1577148438
324,11,2048,0.1582031250,1724,324,2048,0.8417968750,0.1582031250
325,11,2048,0.1586914062,1723,325,2048,0.8413085938,0.1586914062
326,11,2048,0.1591796875,1722,326,2048,0.8408203125,0.1591796875
327,11,2048,0.1596679688,1721,327,2048,0.8403320312,0.1596679688
328,11,2048,0.1601562500,1720,328,2048,0.8398437500,0.1601562500
329,11,2048,0.1606445312,1719,329,2048,0.8393554688,0.1606445312
330,11,2048,0.1611328125,1718,330,2048,0.8388671875,0.1611328125
331,11,2048,0.1616210938,1717,331,2048,0.8383789062,0.1616210938
332,11,2048,0.1621093750,1716,332,2048,0.8378906250,0.1621093750
333,11,2048,0.1625976562,1715,333,2048,0.8374023438,0.1625976562
334,11,2048,0.1630859375,1714,334,2048,0.8369140625,0.1630859375
335,11,2048,0.1635742188,1713,335,2048,0.8364257812,0.1635742188
336,11,2048,0.1640625000,1712,336,2048,0.8359375000,0.1640625000
337,11,2048,0.1645507812,1711,337,2048,0.8354492188,0.1645507812
338,11,2048,0.1650390625,1710,338,2048,0.8349609375,0.1650390625
339,11,2048,0.1655273438,1709,339,2048,0.8344726562,0.1655273438
340,11,2048,0.1660156250,1708,340,2048,0.8339843750,0.1660156250
341,11,2048,0.1665039062,1707,341,2048,0.8334960938,0.1665039062
342,11,2048,0.1669921875,1706,342,2048,0.8330078125,0.1669921875
343,11,2048,0.1674804688,1705,343,2048,0.8325195312,0.1674804688
344,11,2048,0.1679687500,1704,344,2048,0.8320312500,0.1679687500
345,11,2048,0.1684570312,1703,345,2048,0.8315429688,0.1684570312
346,11,2048,0.1689453125,1702,346,2048,0.8310546875,0.1689453125
347,11,2048,0.1694335938,1701,347,2048,0.8305664062,0.1694335938
348,11,2048,0.1699218750,1700,348,2048,0.8300781250,0.1699218750
349,11,2048,0.1704101562,1699,349,2048,0.8295898438,0.1704101562
350,11,2048,0.1708984375,1698,350,2048,0.8291015625,0.1708984375
351,11,2048,0.1713867188,1697,351,2048,0.8286132812,0.1713867188
352,11,2048,0.1718750000,1696,352,2048,0.8281250000,0.1718750000
353,11,2048,0.1723632812,1695,353,2048,0.8276367188,0.1723632812
354,11,2048,0.1728515625,1694,354,2048,0.8271484375,0.1728515625
355,11,2048,0.1733398438,1693,355,2048,0.8266601562,0.1733398438
356,11,2048,0.1738281250,1692,356,2048,0.8261718750,0.1738281250
357,11,2048,0.1743164062,1691,357,2048,0.8256835938,0.1743164062
358,11,2048,0.1748046875,1690,358,2048,0.8251953125,0.1748046875
359,11,2048,0.1752929688,1689,359,2048,0.8247070312,0.1752929688
360,11,2048,0.1757812500,1688,360,2048,0.8242187500,0.1757812500
361,11,2048,0.1762695312,1687,361,2048,0.8237304688,0.1762695312
362,11,2048,0.1767578125,1686,362,2048,0.8232421875,0.1767578125
363,11,2048,0.1772460938,1685,363,2048,0.8227539062,0.1772460938
364,11,2048,0.1777343750,1684,364,2048,0.8222656250,0.1777343750
365,11,2048,0.1782226562,1683,365,2048,0.8217773438,0.1782226562
366,11,2048,0.1787109375,1682,366,2048,0.8212890625,0.1787109375
367,11,2048,0.1791992188,1681,367,2048,0.8208007812,0.1791992188
368,11,2048,0.1796875000,1680,368,2048,0.8203125000,0.1796875000
369,11,2048,0.1801757812,1679,369,2048,0.8198242188,0.1801757812
370,11,2048,0.1806640625,1678,370,2048,0.8193359375,0.1806640625
371,11,2048,0.1811523438,1677,371,2048,0.8188476562,0.1811523438
372,11,2048,0.1816406250,1676,372,2048,0.8183593750,0.1816406250
373,11,2048,0.1821289062,1675,373,2048,0.8178710938,0.1821289062
374,11,2048,0.1826171875,1674,374,2048,0.8173828125,0.1826171875
375,11,2048,0.1831054688,1673,375,2048,0.8168945312,0.1831054688
376,11,2048,0.1835937500,1672,376,2048,0.8164062500,0.1835937500
377,11,2048,0.1840820312,1671,377,2048,0.8159179688,0.1840820312
378,11,2048,0.1845703125,1670,378,2048,0.8154296875,0.1845703125
379,11,2048,0.1850585938,1669,379,2048,0.8149414062,0.1850585938
380,11,2048,0.1855468750,1668,380,2048,0.8144531250,0.1855468750
381,11,2048,0.1860351562,1667,381,2048,0.8139648438,0.1860351562
382,11,2048,0.1865234375,1666,382,2048,0.8134765625,0.1865234375
383,11,2048,0.1870117188,1665,383,2048,0.8129882812,0.1870117188
384,11,2048,0.1875000000,1664,384,2048,0.8125000000,0.1875000000
385,11,2048,0.1879882812,1663,385,2048,0.8120117188,0.1879882812
386,11,2048,0.1884765625,1662,386,2048,0.8115234375,0.1884765625
387,11,2048,0.1889648438,1661,387,2048,0.8110351562,0.1889648438
388,11,2048,0.1894531250,1660,388,2048,0.8105468750,0.1894531250
389,11,2048,0.1899414062,1659,389,2048,0.8100585938,0.1899414062
390,11,2048,0.1904296875,1658,390,2048,0.8095703125,0.1904296875
391,11,2048,0.1909179688,1657,391,2048,0.8090820312,0.1909179688
392,11,2048,0.1914062500,1656,392,2048,0.8085937500,0.1914062500
393,11,2048,0.1918945312,1655,393,2048,0.8081054688,0.1918945312
394,11,2048,0.1923828125,1654,394,2048,0.8076171875,0.1923828125
395,11,2048,0.1928710938,1653,395,2048,0.8071289062,0.1928710938
396,11,2048,0.1933593750,1652,396,2048,0.8066406250,0.1933593750
397,11,2048,0.1938476562,1651,397,2048,0.8061523438,0.1938476562
398,11,2048,0.1943359375,1650,398,2048,0.8056640625,0.1943359375
399,11,2048,0.1948242188,1649,399,2048,0.8051757812,0.1948242188
400,11,2048,0.1953125000,1648,400,2048,0.8046875000,0.1953125000
401,11,2048,0.1958007812,1647,401,2048,0.8041992188,0.1958007812
402,11,2048,0.1962890625,1646,402,2048,0.8037109375,0.1962890625
403,11,2048,0.1967773438,1645,403,2048,0.8032226562,0.1967773438
404,11,2048,0.1972656250,1644,404,2048,0.8027343750,0.1972656250
405,11,2048,0.1977539062,1643,405,2048,0.8022460938,0.1977539062
406,11,2048,0.1982421875,1642,406,2048,0.8017578125,0.1982421875
407,11,2048,0.1987304688,1641,407,2048,0.8012695312,0.1987304688
408,11,2048,0.1992187500,1640,408,2048,0.8007812500,0.1992187500
409,11,2048,0.1997070312,1639,409,2048,0.8002929688,0.1997070312
410,11,2048,0.2001953125,1638,410,2048,0.7998046875,0.2001953125
411,11,2048,0.2006835938,1637,411,2048,0.7993164062,0.2006835938
412,11,2048,0.2011718750,1636,412,2048,0.7988281250,0.2011718750
413,11,2048,0.2016601562,1635,413,2048,0.7983398438,0.2016601562
414,11,2048,0.2021484375,1634,414,2048,0.7978515625,0.2021484375
415,11,2048,0.2026367188,1633,415,2048,0.7973632812,0.2026367188
416,11,2048,0.2031250000,1632,416,2048,0.7968750000,0.2031250000
417,11,2048,0.2036132812,1631,417,2048,0.7963867188,0.2036132812
418,11,2048,0.2041015625,1630,418,2048,0.7958984375,0.2041015625
419,11,2048,0.2045898438,1629,419,2048,0.7954101562,0.2045898438
420,11,2048,0.2050781250,1628,420,2048,0.7949218750,0.2050781250
421,11,2048,0.2055664062,1627,421,2048,0.7944335938,0.2055664062
422,11,2048,0.2060546875,1626,422,2048,0.7939453125,0.2060546875
423,11,2048,0.2065429688,1625,423,2048,0.7934570312,0.2065429688
424,11,2048,0.2070312500,1624,424,2048,0.7929687500,0.2070312500
425,11,2048,0.2075195312,1623,425,2048,0.7924804688,0.2075195312
426,11,2048,0.2080078125,1622,426,2048,0.7919921875,0.2080078125
427,11,2048,0.2084960938,1621,427,2048,0.7915039062,0.2084960938
428,11,2048,0.2089843750,1620,428,2048,0.7910156250,0.2089843750
429,11,2048,0.2094726562,1619,429,2048,0.7905273438,0.2094726562
430,11,2048,0.2099609375,1618,430,2048,0.7900390625,0.2099609375
431,11,2048,0.2104492188,1617,431,2048,0.7895507812,0.2104492188
432,11,2048,0.2109375000,1616,432,2048,0.7890625000,0.2109375000
433,11,2048,0.2114257812,1615,433,2048,0.7885742188,0.2114257812
434,11,2048,0.2119140625,1614,434,2048,0.7880859375,0.2119140625
435,11,2048,0.2124023438,1613,435,2048,0.7875976562,0.2124023438
436,11,2048,0.2128906250,1612,436,2048,0.7871093750,0.2128906250
437,11,2048,0.2133789062,1611,437,2048,0.7866210938,0.2133789062
438,11,2048,0.2138671875,1610,438,2048,0.7861328125,0.2138671875
439,11,2048,0.2143554688,1609,439,2048,0.7856445312,0.2143554688
440,11,2048,0.2148437500,1608,440,2048,0.7851562500,0.2148437500
441,11,2048,0.2153320312,1607,441,2048,0.7846679688,0.2153320312
442,11,2048,0.2158203125,1606,442,2048,0.7841796875,0.2158203125
443,11,2048,0.2163085938,1605,443,2048,0.7836914062,0.2163085938
444,11,2048,0.2167968750,1604,444,2048,0.7832031250,0.2167968750
445,11,2048,0.2172851562,1603,445,2048,0.7827148438,0.2172851562
446,11,2048,0.2177734375,1602,446,2048,0.7822265625,0.2177734375
447,11,2048,0.2182617188,1601,447,2048,0.7817382812,0.2182617188
448,11,2048,0.2187500000,1600,448,2048,0.7812500000,0.2187500000
449,11,2048,0.2192382812,1599,449,2048,0.7807617188,0.2192382812
450,11,2048,0.2197265625,1598,450,2048,0.7802734375,0.2197265625
451,11,2048,0.2202148438,1597,451,2048,0.7797851562,0.2202148438
452,11,2048,0.2207031250,1596,452,2048,0.7792968750,0.2207031250
453,11,2048,0.2211914062,1595,453,2048,0.7788085938,0.2211914062
454,11,2048,0.2216796875,1594,454,2048,0.7783203125,0.2216796875
455,11,2048,0.2221679688,1593,455,2048,0.7778320312,0.2221679688
456,11,2048,0.2226562500,1592,456,2048,0.7773437500,0.2226562500
457,11,2048,0.2231445312,1591,457,2048,0.7768554688,0.2231445312
458,11,2048,0.2236328125,1590,458,2048,0.7763671875,0.2236328125
459,11,2048,0.2241210938,1589,459,2048,0.7758789062,0.2241210938
460,11,2048,0.2246093750,1588,460,2048,0.7753906250,0.2246093750
461,11,2048,0.2250976562,1587,461,2048,0.7749023438,0.2250976562
462,11,2048,0.2255859375,1586,462,2048,0.7744140625,0.2255859375
463,11,2048,0.2260742188,1585,463,2048,0.7739257812,0.2260742188
464,11,2048,0.2265625000,1584,464,2048,0.7734375000,0.2265625000
465,11,2048,0.2270507812,1583,465,2048,0.7729492188,0.2270507812
466,11,2048,0.2275390625,1582,466,2048,0.7724609375,0.2275390625
467,11,2048,0.2280273438,1581,467,2048,0.7719726562,0.2280273438
468,11,2048,0.2285156250,1580,468,2048,0.7714843750,0.2285156250
469,11,2048,0.2290039062,1579,469,2048,0.7709960938,0.2290039062
470,11,2048,0.2294921875,1578,470,2048,0.7705078125,0.2294921875
471,11,2048,0.2299804688,1577,471,2048,0.7700195312,0.2299804688
472,11,2048,0.2304687500,1576,472,2048,0.7695312500,0.2304687500
473,11,2048,0.2309570312,1575,473,2048,0.7690429688,0.2309570312
474,11,2048,0.2314453125,1574,474,2048,0.7685546875,0.2314453125
475,11,2048,0.2319335938,1573,475,2048,0.7680664062,0.2319335938
476,11,2048,0.2324218750,1572,476,2048,0.7675781250,0.2324218750
477,11,2048,0.2329101562,1571,477,2048,0.7670898438,0.2329101562
478,11,2048,0.2333984375,1570,478,2048,0.7666015625,0.2333984375
479,11,2048,0.2338867188,1569,479,2048,0.7661132812,0.2338867188
480,11,2048,0.2343750000,1568,480,2048,0.7656250000,0.2343750000
481,11,2048,0.2348632812,1567,481,2048,0.7651367188,0.2348632812
482,11,2048,0.2353515625,1566,482,2048,0.7646484375,0.2353515625
483,11,2048,0.2358398438,1565,483,2048,0.7641601562,0.2358398438
484,11,2048,0.2363281250,1564,484,2048,0.7636718750,0.2363281250
485,11,2048,0.2368164062,1563,485,2048,0.7631835938,0.2368164062
486,11,2048,0.2373046875,1562,486,2048,0.7626953125,0.2373046875
487,11,2048,0.2377929688,1561,487,2048,0.7622070312,0.2377929688
488,11,2048,0.2382812500,1560,488,2048,0.7617187500,0.2382812500
489,11,2048,0.2387695312,1559,489,2048,0.7612304688,0.2387695312
490,11,2048,0.2392578125,1558,490,2048,0.7607421875,0.2392578125
491,11,2048,0.2397460938,1557,491,2048,0.7602539062,0.2397460938
492,11,2048,0.2402343750,1556,492,2048,0.7597656250,0.2402343750
493,11,2048,0.2407226562,1555,493,2048,0.7592773438,0.2407226562
494,11,2048,0.2412109375,1554,494,2048,0.7587890625,0.2412109375
495,11,2048,0.2416992188,1553,495,2048,0.7583007812,0.2416992188
496,11,2048,0.2421875000,1552,496,2048,0.7578125000,0.2421875000
497,11,2048,0.2426757812,1551,497,2048,0.7573242188,0.2426757812
498,11,2048,0.2431640625,1550,498,2048,0.7568359375,0.2431640625
499,11,2048,0.2436523438,1549,499,2048,0.7563476562,0.2436523438
500,11,2048,0.2441406250,1548,500,2048,0.7558593750,0.2441406250
501,11,2048,0.2446289062,1547,501,2048,0.7553710938,0.2446289062
502,11,2048,0.2451171875,1546,502,2048,0.7548828125,0.2451171875
503,11,2048,0.2456054688,1545,503,2048,0.7543945312,0.2456054688
504,11,2048,0.2460937500,1544,504,2048,0.7539062500,0.2460937500
505,11,2048,0.2465820312,1543,505,2048,0.7534179688,0.2465820312
506,11,2048,0.2470703125,1542,506,2048,0.7529296875,0.2470703125
507,11,2048,0.2475585938,1541,507,2048,0.7524414062,0.2475585938
508,11,2048,0.2480468750,1540,508,2048,0.7519531250,0.2480468750
509,11,2048,0.2485351562,1539,509,2048,0.7514648438,0.2485351562
510,11,2048,0.2490234375,1538,510,2048,0.7509765625,0.2490234375
511,11,2048,0.2495117188,1537,511,2048,0.7504882812,0.2495117188
512,11,2048,0.2500000000,1536,512,2048,0.7500000000,0.2500000000
513,11,2048,0.2504882812,1535,513,2048,0.7495117188,0.2504882812
514,11,2048,0.2509765625,1534,514,2048,0.7490234375,0.2509765625
515,11,2048,0.2514648438,1533,515,2048,0.7485351562,0.2514648438
516,11,2048,0.2519531250,1532,516,2048,0.7480468750,0.2519531250
517,11,2048,0.2524414062,1531,517,2048,0.7475585938,0.2524414062
518,11,2048,0.2529296875,1530,518,2048,0.7470703125,0.2529296875
519,11,2048,0.2534179688,1529,519,2048,0.7465820312,0.2534179688
520,11,2048,0.2539062500,1528,520,2048,0.7460937500,0.2539062500
521,11,2048,0.2543945312,1527,521,2048,0.7456054688,0.2543945312
522,11,2048,0.2548828125,1526,522,2048,0.7451171875,0.2548828125
523,11,2048,0.2553710938,1525,523,2048,0.7446289062,0.2553710938
524,11,2048,0.2558593750,1524,524,2048,0.7441406250,0.2558593750
525,11,2048,0.2563476562,1523,525,2048,0.7436523438,0.2563476562
526,11,2048,0.2568359375,1522,526,2048,0.7431640625,0.2568359375
527,11,2048,0.2573242188,1521,527,2048,0.7426757812,0.2573242188
528,11,2048,0.2578125000,1520,528,2048,0.7421875000,0.2578125000
529,11,2048,0.2583007812,1519,529,2048,0.7416992188,0.2583007812
530,11,2048,0.2587890625,1518,530,2048,0.7412109375,0.2587890625
531,11,2048,0.2592773438,1517,531,2048,0.7407226562,0.2592773438
532,11,2048,0.2597656250,1516,532,2048,0.7402343750,0.2597656250
533,11,2048,0.2602539062,1515,533,2048,0.7397460938,0.2602539062
534,11,2048,0.2607421875,1514,534,2048,0.7392578125,0.2607421875
535,11,2048,0.2612304688,1513,535,2048,0.7387695312,0.2612304688
536,11,2048,0.2617187500,1512,536,2048,0.7382812500,0.2617187500
537,11,2048,0.2622070312,1511,537,2048,0.7377929688,0.2622070312
538,11,2048,0.2626953125,1510,538,2048,0.7373046875,0.2626953125
539,11,2048,0.2631835938,1509,539,2048,0.7368164062,0.2631835938
540,11,2048,0.2636718750,1508,540,2048,0.7363281250,0.2636718750
541,11,2048,0.2641601562,1507,541,2048,0.7358398438,0.2641601562
542,11,2048,0.2646484375,1506,542,2048,0.7353515625,0.2646484375
543,11,2048,0.2651367188,1505,543,2048,0.7348632812,0.2651367188
544,11,2048,0.2656250000,1504,544,2048,0.7343750000,0.2656250000
545,11,2048,0.2661132812,1503,545,2048,0.7338867188,0.2661132812
546,11,2048,0.2666015625,1502,546,2048,0.7333984375,0.2666015625
547,11,2048,0.2670898438,1501,547,2048,0.7329101562,0.2670898438
548,11,2048,0.2675781250,1500,548,2048,0.7324218750,0.2675781250
549,11,2048,0.2680664062,1499,549,2048,0.7319335938,0.2680664062
550,11,2048,0.2685546875,1498,550,2048,0.7314453125,0.2685546875
551,11,2048,0.2690429688,1497,551,2048,0.7309570312,0.2690429688
552,11,2048,0.2695312500,1496,552,2048,0.7304687500,0.2695312500
553,11,2048,0.2700195312,1495,553,2048,0.7299804688,0.2700195312
554,11,2048,0.2705078125,1494,554,2048,0.7294921875,0.2705078125
555,11,2048,0.2709960938,1493,555,2048,0.7290039062,0.2709960938
556,11,2048,0.2714843750,1492,556,2048,0.7285156250,0.2714843750
557,11,2048,0.2719726562,1491,557,2048,0.7280273438,0.2719726562
558,11,2048,0.2724609375,1490,558,2048,0.7275390625,0.2724609375
559,11,2048,0.2729492188,1489,559,2048,0.7270507812,0.2729492188
560,11,2048,0.2734375000,1488,560,2048,0.7265625000,0.2734375000
561,11,2048,0.2739257812,1487,561,2048,0.7260742188,0.2739257812
562,11,2048,0.2744140625,1486,562,2048,0.7255859375,0.2744140625
563,11,2048,0.2749023438,1485,563,2048,0.7250976562,0.2749023438
564,11,2048,0.2753906250,1484,564,2048,0.7246093750,0.2753906250
565,11,2048,0.2758789062,1483,565,2048,0.7241210938,0.2758789062
566,11,2048,0.2763671875,1482,566,2048,0.7236328125,0.2763671875
567,11,2048,0.2768554688,1481,567,2048,0.7231445312,0.2768554688
568,11,2048,0.2773437500,1480,568,2048,0.7226562500,0.2773437500
569,11,2048,0.2778320312,1479,569,2048,0.7221679688,0.2778320312
570,11,2048,0.2783203125,1478,570,2048,0.7216796875,0.2783203125
571,11,2048,0.2788085938,1477,571,2048,0.7211914062,0.2788085938
572,11,2048,0.2792968750,1476,572,2048,0.7207031250,0.2792968750
573,11,2048,0.2797851562,1475,573,2048,0.7202148438,0.2797851562
574,11,2048,0.2802734375,1474,574,2048,0.7197265625,0.2802734375
575,11,2048,0.2807617188,1473,575,2048,0.7192382812,0.2807617188
576,11,2048,0.2812500000,1472,576,2048,0.7187500000,0.2812500000
577,11,2048,0.2817382812,1471,577,2048,0.7182617188,0.2817382812
578,11,2048,0.2822265625,1470,578,2048,0.7177734375,0.2822265625
579,11,2048,0.2827148438,1469,579,2048,0.7172851562,0.2827148438
580,11,2048,0.2832031250,1468,580,2048,0.7167968750,0.2832031250
581,11,2048,0.2836914062,1467,581,2048,0.7163085938,0.2836914062
582,11,2048,0.2841796875,1466,582,2048,0.7158203125,0.2841796875
583,11,2048,0.2846679688,1465,583,2048,0.7153320312,0.2846679688
584,11,2048,0.2851562500,1464,584,2048,0.7148437500,0.2851562500
585,11,2048,0.2856445312,1463,585,2048,0.7143554688,0.2856445312
586,11,2048,0.2861328125,1462,586,2048,0.7138671875,0.2861328125
587,11,2048,0.2866210938,1461,587,2048,0.7133789062,0.2866210938
588,11,2048,0.2871093750,1460,588,2048,0.7128906250,0.2871093750
589,11,2048,0.2875976562,1459,589,2048,0.7124023438,0.2875976562
590,11,2048,0.2880859375,1458,590,2048,0.7119140625,0.2880859375
591,11,2048,0.2885742188,1457,591,2048,0.7114257812,0.2885742188
592,11,2048,0.2890625000,1456,592,2048,0.7109375000,0.2890625000
593,11,2048,0.2895507812,1455,593,2048,0.7104492188,0.2895507812
594,11,2048,0.2900390625,1454,594,2048,0.7099609375,0.2900390625
595,11,2048,0.2905273438,1453,595,2048,0.7094726562,0.2905273438
596,11,2048,0.2910156250,1452,596,2048,0.7089843750,0.2910156250
597,11,2048,0.2915039062,1451,597,2048,0.7084960938,0.2915039062
598,11,2048,0.2919921875,1450,598,2048,0.7080078125,0.2919921875
599,11,2048,0.2924804688,1449,599,2048,0.7075195312,0.2924804688
600,11,2048,0.2929687500,1448,600,2048,0.7070312500,0.2929687500
601,11,2048,0.2934570312,1447,601,2048,0.7065429688,0.2934570312
602,11,2048,0.2939453125,1446,602,2048,0.7060546875,0.2939453125
603,11,2048,0.2944335938,1445,603,2048,0.7055664062,0.2944335938
604,11,2048,0.2949218750,1444,604,2048,0.7050781250,0.2949218750
605,11,2048,0.2954101562,1443,605,2048,0.7045898438,0.2954101562
606,11,2048,0.2958984375,1442,606,2048,0.7041015625,0.2958984375
607,11,2048,0.2963867188,1441,607,2048,0.7036132812,0.2963867188
608,11,2048,0.2968750000,1440,608,2048,0.7031250000,0.2968750000
609,11,2048,0.2973632812,1439,609,2048,0.7026367188,0.2973632812
610,11,2048,0.2978515625,1438,610,2048,0.7021484375,0.2978515625
611,11,2048,0.2983398438,1437,611,2048,0.7016601562,0.2983398438
612,11,2048,0.2988281250,1436,612,2048,0.7011718750,0.2988281250
613,11,2048,0.2993164062,1435,613,2048,0.7006835938,0.2993164062
614,11,2048,0.2998046875,1434,614,2048,0.7001953125,0.2998046875
615,11,2048,0.3002929688,1433,615,2048,0.6997070312,0.3002929688
616,11,2048,0.3007812500,1432,616,2048,0.6992187500,0.3007812500
617,11,2048,0.3012695312,1431,617,2048,0.6987304688,0.3012695312
618,11,2048,0.3017578125,1430,618,2048,0.6982421875,0.3017578125
619,11,2048,0.3022460938,1429,619,2048,0.6977539062,0.3022460938
620,11,2048,0.3027343750,1428,620,2048,0.6972656250,0.3027343750
621,11,2048,0.3032226562,1427,621,2048,0.6967773438,0.3032226562
622,11,2048,0.3037109375,1426,622,2048,0.6962890625,0.3037109375
623,11,2048,0.3041992188,1425,623,2048,0.6958007812,0.3041992188
624,11,2048,0.3046875000,1424,624,2048,0.6953125000,0.3046875000
625,11,2048,0.3051757812,1423,625,2048,0.6948242188,0.3051757812
626,11,2048,0.3056640625,1422,626,2048,0.6943359375,0.3056640625
627,11,2048,0.3061523438,1421,627,2048,0.6938476562,0.3061523438
628,11,2048,0.3066406250,1420,628,2048,0.6933593750,0.3066406250
629,11,2048,0.3071289062,1419,629,2048,0.6928710938,0.3071289062
630,11,2048,0.3076171875,1418,630,2048,0.6923828125,0.3076171875
631,11,2048,0.3081054688,1417,631,2048,0.6918945312,0.3081054688
632,11,2048,0.3085937500,1416,632,2048,0.6914062500,0.3085937500
633,11,2048,0.3090820312,1415,633,2048,0.6909179688,0.3090820312
634,11,2048,0.3095703125,1414,634,2048,0.6904296875,0.3095703125
635,11,2048,0.3100585938,1413,635,2048,0.6899414062,0.3100585938
636,11,2048,0.3105468750,1412,636,2048,0.6894531250,0.3105468750
637,11,2048,0.3110351562,1411,637,2048,0.6889648438,0.3110351562
638,11,2048,0.3115234375,1410,638,2048,0.6884765625,0.3115234375
639,11,2048,0.3120117188,1409,639,2048,0.6879882812,0.3120117188
640,11,2048,0.3125000000,1408,640,2048,0.6875000000,0.3125000000
641,11,2048,0.3129882812,1407,641,2048,0.6870117188,0.3129882812
642,11,2048,0.3134765625,1406,642,2048,0.6865234375,0.3134765625
643,11,2048,0.3139648438,1405,643,2048,0.6860351562,0.3139648438
644,11,2048,0.3144531250,1404,644,2048,0.6855468750,0.3144531250
645,11,2048,0.3149414062,1403,645,2048,0.6850585938,0.3149414062
646,11,2048,0.3154296875,1402,646,2048,0.6845703125,0.3154296875
647,11,2048,0.3159179688,1401,647,2048,0.6840820312,0.3159179688
648,11,2048,0.3164062500,1400,648,2048,0.6835937500,0.3164062500
649,11,2048,0.3168945312,1399,649,2048,0.6831054688,0.3168945312
650,11,2048,0.3173828125,1398,650,2048,0.6826171875,0.3173828125
651,11,2048,0.3178710938,1397,651,2048,0.6821289062,0.3178710938
652,11,2048,0.3183593750,1396,652,2048,0.6816406250,0.3183593750
653,11,2048,0.3188476562,1395,653,2048,0.6811523438,0.3188476562
654,11,2048,0.3193359375,1394,654,2048,0.6806640625,0.3193359375
655,11,2048,0.3198242188,1393,655,2048,0.6801757812,0.3198242188
656,11,2048,0.3203125000,1392,656,2048,0.6796875000,0.3203125000
657,11,2048,0.3208007812,1391,657,2048,0.6791992188,0.3208007812
658,11,2048,0.3212890625,1390,658,2048,0.6787109375,0.3212890625
659,11,2048,0.3217773438,1389,659,2048,0.6782226562,0.3217773438
660,11,2048,0.3222656250,1388,660,2048,0.6777343750,0.3222656250
661,11,2048,0.3227539062,1387,661,2048,0.6772460938,0.3227539062
662,11,2048,0.3232421875,1386,662,2048,0.6767578125,0.3232421875
663,11,2048,0.3237304688,1385,663,2048,0.6762695312,0.3237304688
664,11,2048,0.3242187500,1384,664,2048,0.6757812500,0.3242187500
665,11,2048,0.3247070312,1383,665,2048,0.6752929688,0.3247070312
666,11,2048,0.3251953125,1382,666,2048,0.6748046875,0.3251953125
667,11,2048,0.3256835938,1381,667,2048,0.6743164062,0.3256835938
668,11,2048,0.3261718750,1380,668,2048,0.6738281250,0.3261718750
669,11,2048,0.3266601562,1379,669,2048,0.6733398438,0.3266601562
670,11,2048,0.3271484375,1378,670,2048,0.6728515625,0.3271484375
671,11,2048,0.3276367188,1377,671,2048,0.6723632812,0.3276367188
672,11,2048,0.3281250000,1376,672,2048,0.6718750000,0.3281250000
673,11,2048,0.3286132812,1375,673,2048,0.6713867188,0.3286132812
674,11,2048,0.3291015625,1374,674,2048,0.6708984375,0.3291015625
675,11,2048,0.3295898438,1373,675,2048,0.6704101562,0.3295898438
676,11,2048,0.3300781250,1372,676,2048,0.6699218750,0.3300781250
677,11,2048,0.3305664062,1371,677,2048,0.6694335938,0.3305664062
678,11,2048,0.3310546875,1370,678,2048,0.6689453125,0.3310546875
679,11,2048,0.3315429688,1369,679,2048,0.6684570312,0.3315429688
680,11,2048,0.3320312500,1368,680,2048,0.6679687500,0.3320312500
681,11,2048,0.3325195312,1367,681,2048,0.6674804688,0.3325195312
682,11,2048,0.3330078125,1366,682,2048,0.6669921875,0.3330078125
683,11,2048,0.3334960938,1365,683,2048,0.6665039062,0.3334960938
684,11,2048,0.3339843750,1364,684,2048,0.6660156250,0.3339843750
685,11,2048,0.3344726562,1363,685,2048,0.6655273438,0.3344726562
686,11,2048,0.3349609375,1362,686,2048,0.6650390625,0.3349609375
687,11,2048,0.3354492188,1361,687,2048,0.6645507812,0.3354492188
688,11,2048,0.3359375000,1360,688,2048,0.6640625000,0.3359375000
689,11,2048,0.3364257812,1359,689,2048,0.6635742188,0.3364257812
690,11,2048,0.3369140625,1358,690,2048,0.6630859375,0.3369140625
691,11,2048,0.3374023438,1357,691,2048,0.6625976562,0.3374023438
692,11,2048,0.3378906250,1356,692,2048,0.6621093750,0.3378906250
693,11,2048,0.3383789062,1355,693,2048,0.6616210938,0.3383789062
694,11,2048,0.3388671875,1354,694,2048,0.6611328125,0.3388671875
695,11,2048,0.3393554688,1353,695,2048,0.6606445312,0.3393554688
696,11,2048,0.3398437500,1352,696,2048,0.6601562500,0.3398437500
697,11,2048,0.3403320312,1351,697,2048,0.6596679688,0.3403320312
698,11,2048,0.3408203125,1350,698,2048,0.6591796875,0.3408203125
699,11,2048,0.3413085938,1349,699,2048,0.6586914062,0.3413085938
700,11,2048,0.3417968750,1348,700,2048,0.6582031250,0.3417968750
701,11,2048,0.3422851562,1347,701,2048,0.6577148438,0.3422851562
702,11,2048,0.3427734375,1346,702,2048,0.6572265625,0.3427734375
703,11,2048,0.3432617188,1345,703,2048,0.6567382812,0.3432617188
704,11,2048,0.3437500000,1344,704,2048,0.6562500000,0.3437500000
705,11,2048,0.3442382812,1343,705,2048,0.6557617188,0.3442382812
706,11,2048,0.3447265625,1342,706,2048,0.6552734375,0.3447265625
707,11,2048,0.3452148438,1341,707,2048,0.6547851562,0.3452148438
708,11,2048,0.3457031250,1340,708,2048,0.6542968750,0.3457031250
709,11,2048,0.3461914062,1339,709,2048,0.6538085938,0.3461914062
710,11,2048,0.3466796875,1338,710,2048,0.6533203125,0.3466796875
711,11,2048,0.3471679688,1337,711,2048,0.6528320312,0.3471679688
712,11,2048,0.3476562500,1336,712,2048,0.6523437500,0.3476562500
713,11,2048,0.3481445312,1335,713,2048,0.6518554688,0.3481445312
714,11,2048,0.3486328125,1334,714,2048,0.6513671875,0.3486328125
715,11,2048,0.3491210938,1333,715,2048,0.6508789062,0.3491210938
716,11,2048,0.3496093750,1332,716,2048,0.6503906250,0.3496093750
717,11,2048,0.3500976562,1331,717,2048,0.6499023438,0.3500976562
718,11,2048,0.3505859375,1330,718,2048,0.6494140625,0.3505859375
719,11,2048,0.3510742188,1329,719,2048,0.6489257812,0.3510742188
720,11,2048,0.3515625000,1328,720,2048,0.6484375000,0.3515625000
721,11,2048,0.3520507812,1327,721,2048,0.6479492188,0.3520507812
722,11,2048,0.3525390625,1326,722,2048,0.6474609375,0.3525390625
723,11,2048,0.3530273438,1325,723,2048,0.6469726562,0.3530273438
724,11,2048,0.3535156250,1324,724,2048,0.6464843750,0.3535156250
725,11,2048,0.3540039062,1323,725,2048,0.6459960938,0.3540039062
726,11,2048,0.3544921875,1322,726,2048,0.6455078125,0.3544921875
727,11,2048,0.3549804688,1321,727,2048,0.6450195312,0.3549804688
728,11,2048,0.3554687500,1320,728,2048,0.6445312500,0.3554687500
729,11,2048,0.3559570312,1319,729,2048,0.6440429688,0.3559570312
730,11,2048,0.3564453125,1318,730,2048,0.6435546875,0.3564453125
731,11,2048,0.3569335938,1317,731,2048,0.6430664062,0.3569335938
732,11,2048,0.3574218750,1316,732,2048,0.6425781250,0.3574218750
733,11,2048,0.3579101562,1315,733,2048,0.6420898438,0.3579101562
734,11,2048,0.3583984375,1314,734,2048,0.6416015625,0.3583984375
735,11,2048,0.3588867188,1313,735,2048,0.6411132812,0.3588867188
736,11,2048,0.3593750000,1312,736,2048,0.6406250000,0.3593750000
737,11,2048,0.3598632812,1311,737,2048,0.6401367188,0.3598632812
738,11,2048,0.3603515625,1310,738,2048,0.6396484375,0.3603515625
739,11,2048,0.3608398438,1309,739,2048,0.6391601562,0.3608398438
740,11,2048,0.3613281250,1308,740,2048,0.6386718750,0.3613281250
741,11,2048,0.3618164062,1307,741,2048,0.6381835938,0.3618164062
742,11,2048,0.3623046875,1306,742,2048,0.6376953125,0.3623046875
743,11,2048,0.3627929688,1305,743,2048,0.6372070312,0.3627929688
744,11,2048,0.3632812500,1304,744,2048,0.6367187500,0.3632812500
745,11,2048,0.3637695312,1303,745,2048,0.6362304688,0.3637695312
746,11,2048,0.3642578125,1302,746,2048,0.6357421875,0.3642578125
747,11,2048,0.3647460938,1301,747,2048,0.6352539062,0.3647460938
748,11,2048,0.3652343750,1300,748,2048,0.6347656250,0.3652343750
749,11,2048,0.3657226562,1299,749,2048,0.6342773438,0.3657226562
750,11,2048,0.3662109375,1298,750,2048,0.6337890625,0.3662109375
751,11,2048,0.3666992188,1297,751,2048,0.6333007812,0.3666992188
752,11,2048,0.3671875000,1296,752,2048,0.6328125000,0.3671875000
753,11,2048,0.3676757812,1295,753,2048,0.6323242188,0.3676757812
754,11,2048,0.3681640625,1294,754,2048,0.6318359375,0.3681640625
755,11,2048,0.3686523438,1293,755,2048,0.6313476562,0.3686523438
756,11,2048,0.3691406250,1292,756,2048,0.6308593750,0.3691406250
757,11,2048,0.3696289062,1291,757,2048,0.6303710938,0.3696289062
758,11,2048,0.3701171875,1290,758,2048,0.6298828125,0.3701171875
759,11,2048,0.3706054688,1289,759,2048,0.6293945312,0.3706054688
760,11,2048,0.3710937500,1288,760,2048,0.6289062500,0.3710937500
761,11,2048,0.3715820312,1287,761,2048,0.6284179688,0.3715820312
762,11,2048,0.3720703125,1286,762,2048,0.6279296875,0.3720703125
763,11,2048,0.3725585938,1285,763,2048,0.6274414062,0.3725585938
764,11,2048,0.3730468750,1284,764,2048,0.6269531250,0.3730468750
765,11,2048,0.3735351562,1283,765,2048,0.6264648438,0.3735351562
766,11,2048,0.3740234375,1282,766,2048,0.6259765625,0.3740234375
767,11,2048,0.3745117188,1281,767,2048,0.6254882812,0.3745117188
768,11,2048,0.3750000000,1280,768,2048,0.6250000000,0.3750000000
769,11,2048,0.3754882812,1279,769,2048,0.6245117188,0.3754882812
770,11,2048,0.3759765625,1278,770,2048,0.6240234375,0.3759765625
771,11,2048,0.3764648438,1277,771,2048,0.6235351562,0.3764648438
772,11,2048,0.3769531250,1276,772,2048,0.6230468750,0.3769531250
773,11,2048,0.3774414062,1275,773,2048,0.6225585938,0.3774414062
774,11,2048,0.3779296875,1274,774,2048,0.6220703125,0.3779296875
775,11,2048,0.3784179688,1273,775,2048,0.6215820312,0.3784179688
776,11,2048,0.3789062500,1272,776,2048,0.6210937500,0.3789062500
777,11,2048,0.3793945312,1271,777,2048,0.6206054688,0.3793945312
778,11,2048,0.3798828125,1270,778,2048,0.6201171875,0.3798828125
779,11,2048,0.3803710938,1269,779,2048,0.6196289062,0.3803710938
780,11,2048,0.3808593750,1268,780,2048,0.6191406250,0.3808593750
781,11,2048,0.3813476562,1267,781,2048,0.6186523438,0.3813476562
782,11,2048,0.3818359375,1266,782,2048,0.6181640625,0.3818359375
783,11,2048,0.3823242188,1265,783,2048,0.6176757812,0.3823242188
784,11,2048,0.3828125000,1264,784,2048,0.6171875000,0.3828125000
785,11,2048,0.3833007812,1263,785,2048,0.6166992188,0.3833007812
786,11,2048,0.3837890625,1262,786,2048,0.6162109375,0.3837890625
787,11,2048,0.3842773438,1261,787,2048,0.6157226562,0.3842773438
788,11,2048,0.3847656250,1260,788,2048,0.6152343750,0.3847656250
789,11,2048,0.3852539062,1259,789,2048,0.6147460938,0.3852539062
790,11,2048,0.3857421875,1258,790,2048,0.6142578125,0.3857421875
791,11,2048,0.3862304688,1257,791,2048,0.6137695312,0.3862304688
792,11,2048,0.3867187500,1256,792,2048,0.6132812500,0.3867187500
793,11,2048,0.3872070312,1255,793,2048,0.6127929688,0.3872070312
794,11,2048,0.3876953125,1254,794,2048,0.6123046875,0.3876953125
795,11,2048,0.3881835938,1253,795,2048,0.6118164062,0.3881835938
796,11,2048,0.3886718750,1252,796,2048,0.6113281250,0.3886718750
797,11,2048,0.3891601562,1251,797,2048,0.6108398438,0.3891601562
798,11,2048,0.3896484375,1250,798,2048,0.6103515625,0.3896484375
799,11,2048,0.3901367188,1249,799,2048,0.6098632812,0.3901367188
800,11,2048,0.3906250000,1248,800,2048,0.6093750000,0.3906250000
801,11,2048,0.3911132812,1247,801,2048,0.6088867188,0.3911132812
802,11,2048,0.3916015625,1246,802,2048,0.6083984375,0.3916015625
803,11,2048,0.3920898438,1245,803,2048,0.6079101562,0.3920898438
804,11,2048,0.3925781250,1244,804,2048,0.6074218750,0.3925781250
805,11,2048,0.3930664062,1243,805,2048,0.6069335938,0.3930664062
806,11,2048,0.3935546875,1242,806,2048,0.6064453125,0.3935546875
807,11,2048,0.3940429688,1241,807,2048,0.6059570312,0.3940429688
808,11,2048,0.3945312500,1240,808,2048,0.6054687500,0.3945312500
809,11,2048,0.3950195312,1239,809,2048,0.6049804688,0.3950195312
810,11,2048,0.3955078125,1238,810,2048,0.6044921875,0.3955078125
811,11,2048,0.3959960938,1237,811,2048,0.6040039062,0.3959960938
812,11,2048,0.3964843750,1236,812,2048,0.6035156250,0.3964843750
813,11,2048,0.3969726562,1235,813,2048,0.6030273438,0.3969726562
814,11,2048,0.3974609375,1234,814,2048,0.6025390625,0.3974609375
815,11,2048,0.3979492188,1233,815,2048,0.6020507812,0.3979492188
816,11,2048,0.3984375000,1232,816,2048,0.6015625000,0.3984375000
817,11,2048,0.3989257812,1231,817,2048,0.6010742188,0.3989257812
818,11,2048,0.3994140625,1230,818,2048,0.6005859375,0.3994140625
819,11,2048,0.3999023438,1229,819,2048,0.6000976562,0.3999023438
820,11,2048,0.4003906250,1228,820,2048,0.5996093750,0.4003906250
821,11,2048,0.4008789062,1227,821,2048,0.5991210938,0.4008789062
822,11,2048,0.4013671875,1226,822,2048,0.5986328125,0.4013671875
823,11,2048,0.4018554688,1225,823,2048,0.5981445312,0.4018554688
824,11,2048,0.4023437500,1224,824,2048,0.5976562500,0.4023437500
825,11,2048,0.4028320312,1223,825,2048,0.5971679688,0.4028320312
826,11,2048,0.4033203125,1222,826,2048,0.5966796875,0.4033203125
827,11,2048,0.4038085938,1221,827,2048,0.5961914062,0.4038085938
828,11,2048,0.4042968750,1220,828,2048,0.5957031250,0.4042968750
829,11,2048,0.4047851562,1219,829,2048,0.5952148438,0.4047851562
830,11,2048,0.4052734375,1218,830,2048,0.5947265625,0.4052734375
831,11,2048,0.4057617188,1217,831,2048,0.5942382812,0.4057617188
832,11,2048,0.4062500000,1216,832,2048,0.5937500000,0.4062500000
833,11,2048,0.4067382812,1215,833,2048,0.5932617188,0.4067382812
834,11,2048,0.4072265625,1214,834,2048,0.5927734375,0.4072265625
835,11,2048,0.4077148438,1213,835,2048,0.5922851562,0.4077148438
836,11,2048,0.4082031250,1212,836,2048,0.5917968750,0.4082031250
837,11,2048,0.4086914062,1211,837,2048,0.5913085938,0.4086914062
838,11,2048,0.4091796875,1210,838,2048,0.5908203125,0.4091796875
839,11,2048,0.4096679688,1209,839,2048,0.5903320312,0.4096679688
840,11,2048,0.4101562500,1208,840,2048,0.5898437500,0.4101562500
841,11,2048,0.4106445312,1207,841,2048,0.5893554688,0.4106445312
842,11,2048,0.4111328125,1206,842,2048,0.5888671875,0.4111328125
843,11,2048,0.4116210938,1205,843,2048,0.5883789062,0.4116210938
844,11,2048,0.4121093750,1204,844,2048,0.5878906250,0.4121093750
845,11,2048,0.4125976562,1203,845,2048,0.5874023438,0.4125976562
846,11,2048,0.4130859375,1202,846,2048,0.5869140625,0.4130859375
847,11,2048,0.4135742188,1201,847,2048,0.5864257812,0.4135742188
848,11,2048,0.4140625000,1200,848,2048,0.5859375000,0.4140625000
849,11,2048,0.4145507812,1199,849,2048,0.5854492188,0.4145507812
850,11,2048,0.4150390625,1198,850,2048,0.5849609375,0.4150390625
851,11,2048,0.4155273438,1197,851,2048,0.5844726562,0.4155273438
852,11,2048,0.4160156250,1196,852,2048,0.5839843750,0.4160156250
853,11,2048,0.4165039062,1195,853,2048,0.5834960938,0.4165039062
854,11,2048,0.4169921875,1194,854,2048,0.5830078125,0.4169921875
855,11,2048,0.4174804688,1193,855,2048,0.5825195312,0.4174804688
856,11,2048,0.4179687500,1192,856,2048,0.5820312500,0.4179687500
857,11,2048,0.4184570312,1191,857,2048,0.5815429688,0.4184570312
858,11,2048,0.4189453125,1190,858,2048,0.5810546875,0.4189453125
859,11,2048,0.4194335938,1189,859,2048,0.5805664062,0.4194335938
860,11,2048,0.4199218750,1188,860,2048,0.5800781250,0.4199218750
861,11,2048,0.4204101562,1187,861,2048,0.5795898438,0.4204101562
862,11,2048,0.4208984375,1186,862,2048,0.5791015625,0.4208984375
863,11,2048,0.4213867188,1185,863,2048,0.5786132812,0.4213867188
864,11,2048,0.4218750000,1184,864,2048,0.5781250000,0.4218750000
865,11,2048,0.4223632812,1183,865,2048,0.5776367188,0.4223632812
866,11,2048,0.4228515625,1182,866,2048,0.5771484375,0.4228515625
867,11,2048,0.4233398438,1181,867,2048,0.5766601562,0.4233398438
868,11,2048,0.4238281250,1180,868,2048,0.5761718750,0.4238281250
869,11,2048,0.4243164062,1179,869,2048,0.5756835938,0.4243164062
870,11,2048,0.4248046875,1178,870,2048,0.5751953125,0.4248046875
871,11,2048,0.4252929688,1177,871,2048,0.5747070312,0.4252929688
872,11,2048,0.4257812500,1176,872,2048,0.5742187500,0.4257812500
873,11,2048,0.4262695312,1175,873,2048,0.5737304688,0.4262695312
874,11,2048,0.4267578125,1174,874,2048,0.5732421875,0.4267578125
875,11,2048,0.4272460938,1173,875,2048,0.5727539062,0.4272460938
876,11,2048,0.4277343750,1172,876,2048,0.5722656250,0.4277343750
877,11,2048,0.4282226562,1171,877,2048,0.5717773438,0.4282226562
878,11,2048,0.4287109375,1170,878,2048,0.5712890625,0.4287109375
879,11,2048,0.4291992188,1169,879,2048,0.5708007812,0.4291992188
880,11,2048,0.4296875000,1168,880,2048,0.5703125000,0.4296875000
881,11,2048,0.4301757812,1167,881,2048,0.5698242188,0.4301757812
882,11,2048,0.4306640625,1166,882,2048,0.5693359375,0.4306640625
883,11,2048,0.4311523438,1165,883,2048,0.5688476562,0.4311523438
884,11,2048,0.4316406250,1164,884,2048,0.5683593750,0.4316406250
885,11,2048,0.4321289062,1163,885,2048,0.5678710938,0.4321289062
886,11,2048,0.4326171875,1162,886,2048,0.5673828125,0.4326171875
887,11,2048,0.4331054688,1161,887,2048,0.5668945312,0.4331054688
888,11,2048,0.4335937500,1160,888,2048,0.5664062500,0.4335937500
889,11,2048,0.4340820312,1159,889,2048,0.5659179688,0.4340820312
890,11,2048,0.4345703125,1158,890,2048,0.5654296875,0.4345703125
891,11,2048,0.4350585938,1157,891,2048,0.5649414062,0.4350585938
892,11,2048,0.4355468750,1156,892,2048,0.5644531250,0.4355468750
893,11,2048,0.4360351562,1155,893,2048,0.5639648438,0.4360351562
894,11,2048,0.4365234375,1154,894,2048,0.5634765625,0.4365234375
895,11,2048,0.4370117188,1153,895,2048,0.5629882812,0.4370117188
896,11,2048,0.4375000000,1152,896,2048,0.5625000000,0.4375000000
897,11,2048,0.4379882812,1151,897,2048,0.5620117188,0.4379882812
898,11,2048,0.4384765625,1150,898,2048,0.5615234375,0.4384765625
899,11,2048,0.4389648438,1149,899,2048,0.5610351562,0.4389648438
900,11,2048,0.4394531250,1148,900,2048,0.5605468750,0.4394531250
901,11,2048,0.4399414062,1147,901,2048,0.5600585938,0.4399414062
902,11,2048,0.4404296875,1146,902,2048,0.5595703125,0.4404296875
903,11,2048,0.4409179688,1145,903,2048,0.5590820312,0.4409179688
904,11,2048,0.4414062500,1144,904,2048,0.5585937500,0.4414062500
905,11,2048,0.4418945312,1143,905,2048,0.5581054688,0.4418945312
906,11,2048,0.4423828125,1142,906,2048,0.5576171875,0.4423828125
907,11,2048,0.4428710938,1141,907,2048,0.5571289062,0.4428710938
908,11,2048,0.4433593750,1140,908,2048,0.5566406250,0.4433593750
909,11,2048,0.4438476562,1139,909,2048,0.5561523438,0.4438476562
910,11,2048,0.4443359375,1138,910,2048,0.5556640625,0.4443359375
911,11,2048,0.4448242188,1137,911,2048,0.5551757812,0.4448242188
912,11,2048,0.4453125000,1136,912,2048,0.5546875000,0.4453125000
913,11,2048,0.4458007812,1135,913,2048,0.5541992188,0.4458007812
914,11,2048,0.4462890625,1134,914,2048,0.5537109375,0.4462890625
915,11,2048,0.4467773438,1133,915,2048,0.5532226562,0.4467773438
916,11,2048,0.4472656250,1132,916,2048,0.5527343750,0.4472656250
917,11,2048,0.4477539062,1131,917,2048,0.5522460938,0.4477539062
918,11,2048,0.4482421875,1130,918,2048,0.5517578125,0.4482421875
919,11,2048,0.4487304688,1129,919,2048,0.5512695312,0.4487304688
920,11,2048,0.4492187500,1128,920,2048,0.5507812500,0.4492187500
921,11,2048,0.4497070312,1127,921,2048,0.5502929688,0.4497070312
922,11,2048,0.4501953125,1126,922,2048,0.5498046875,0.4501953125
923,11,2048,0.4506835938,1125,923,2048,0.5493164062,0.4506835938
924,11,2048,0.4511718750,1124,924,2048,0.5488281250,0.4511718750
925,11,2048,0.4516601562,1123,925,2048,0.5483398438,0.4516601562
926,11,2048,0.4521484375,1122,926,2048,0.5478515625,0.4521484375
927,11,2048,0.4526367188,1121,927,2048,0.5473632812,0.4526367188
928,11,2048,0.4531250000,1120,928,2048,0.5468750000,0.4531250000
929,11,2048,0.4536132812,1119,929,2048,0.5463867188,0.4536132812
930,11,2048,0.4541015625,1118,930,2048,0.5458984375,0.4541015625
931,11,2048,0.4545898438,1117,931,2048,0.5454101562,0.4545898438
932,11,2048,0.4550781250,1116,932,2048,0.5449218750,0.4550781250
933,11,2048,0.4555664062,1115,933,2048,0.5444335938,0.4555664062
934,11,2048,0.4560546875,1114,934,2048,0.5439453125,0.4560546875
935,11,2048,0.4565429688,1113,935,2048,0.5434570312,0.4565429688
936,11,2048,0.4570312500,1112,936,2048,0.5429687500,0.4570312500
937,11,2048,0.4575195312,1111,937,2048,0.5424804688,0.4575195312
938,11,2048,0.4580078125,1110,938,2048,0.5419921875,0.4580078125
939,11,2048,0.4584960938,1109,939,2048,0.5415039062,0.4584960938
940,11,2048,0.4589843750,1108,940,2048,0.5410156250,0.4589843750
941,11,2048,0.4594726562,1107,941,2048,0.5405273438,0.4594726562
942,11,2048,0.4599609375,1106,942,2048,0.5400390625,0.4599609375
943,11,2048,0.4604492188,1105,943,2048,0.5395507812,0.4604492188
944,11,2048,0.4609375000,1104,944,2048,0.5390625000,0.4609375000
945,11,2048,0.4614257812,1103,945,2048,0.5385742188,0.4614257812
946,11,2048,0.4619140625,1102,946,2048,0.5380859375,0.4619140625
947,11,2048,0.4624023438,1101,947,2048,0.5375976562,0.4624023438
948,11,2048,0.4628906250,1100,948,2048,0.5371093750,0.4628906250
949,11,2048,0.4633789062,1099,949,2048,0.5366210938,0.4633789062
950,11,2048,0.4638671875,1098,950,2048,0.5361328125,0.4638671875
951,11,2048,0.4643554688,1097,951,2048,0.5356445312,0.4643554688
952,11,2048,0.4648437500,1096,952,2048,0.5351562500,0.4648437500
953,11,2048,0.4653320312,1095,953,2048,0.5346679688,0.4653320312
954,11,2048,0.4658203125,1094,954,2048,0.5341796875,0.4658203125
955,11,2048,0.4663085938,1093,955,2048,0.5336914062,0.4663085938
956,11,2048,0.4667968750,1092,956,2048,0.5332031250,0.4667968750
957,11,2048,0.4672851562,1091,957,2048,0.5327148438,0.4672851562
958,11,2048,0.4677734375,1090,958,2048,0.5322265625,0.4677734375
959,11,2048,0.4682617188,1089,959,2048,0.5317382812,0.4682617188
960,11,2048,0.4687500000,1088,960,2048,0.5312500000,0.4687500000
961,11,2048,0.4692382812,1087,961,2048,0.5307617188,0.4692382812
962,11,2048,0.4697265625,1086,962,2048,0.5302734375,0.4697265625
963,11,2048,0.4702148438,1085,963,2048,0.5297851562,0.4702148438
964,11,2048,0.4707031250,1084,964,2048,0.5292968750,0.4707031250
965,11,2048,0.4711914062,1083,965,2048,0.5288085938,0.4711914062
966,11,2048,0.4716796875,1082,966,2048,0.5283203125,0.4716796875
967,11,2048,0.4721679688,1081,967,2048,0.5278320312,0.4721679688
968,11,2048,0.4726562500,1080,968,2048,0.5273437500,0.4726562500
969,11,2048,0.4731445312,1079,969,2048,0.5268554688,0.4731445312
970,11,2048,0.4736328125,1078,970,2048,0.5263671875,0.4736328125
971,11,2048,0.4741210938,1077,971,2048,0.5258789062,0.4741210938
972,11,2048,0.4746093750,1076,972,2048,0.5253906250,0.4746093750
973,11,2048,0.4750976562,1075,973,2048,0.5249023438,0.4750976562
974,11,2048,0.4755859375,1074,974,2048,0.5244140625,0.4755859375
975,11,2048,0.4760742188,1073,975,2048,0.5239257812,0.4760742188
976,11,2048,0.4765625000,1072,976,2048,0.5234375000,0.4765625000
977,11,2048,0.4770507812,1071,977,2048,0.5229492188,0.4770507812
978,11,2048,0.4775390625,1070,978,2048,0.5224609375,0.4775390625
979,11,2048,0.4780273438,1069,979,2048,0.5219726562,0.4780273438
980,11,2048,0.4785156250,1068,980,2048,0.5214843750,0.4785156250
981,11,2048,0.4790039062,1067,981,2048,0.5209960938,0.4790039062
982,11,2048,0.4794921875,1066,982,2048,0.5205078125,0.4794921875
983,11,2048,0.4799804688,1065,983,2048,0.5200195312,0.4799804688
984,11,2048,0.4804687500,1064,984,2048,0.5195312500,0.4804687500
985,11,2048,0.4809570312,1063,985,2048,0.5190429688,0.4809570312
986,11,2048,0.4814453125,1062,986,2048,0.5185546875,0.4814453125
987,11,2048,0.4819335938,1061,987,2048,0.5180664062,0.4819335938
988,11,2048,0.4824218750,1060,988,2048,0.5175781250,0.4824218750
989,11,2048,0.4829101562,1059,989,2048,0.5170898438,0.4829101562
990,11,2048,0.4833984375,1058,990,2048,0.5166015625,0.4833984375
991,11,2048,0.4838867188,1057,991,2048,0.5161132812,0.4838867188
992,11,2048,0.4843750000,1056,992,2048,0.5156250000,0.4843750000
993,11,2048,0.4848632812,1055,993,2048,0.5151367188,0.4848632812
994,11,2048,0.4853515625,1054,994,2048,0.5146484375,0.4853515625
995,11,2048,0.4858398438,1053,995,2048,0.5141601562,0.4858398438
996,11,2048,0.4863281250,1052,996,2048,0.5136718750,0.4863281250
997,11,2048,0.4868164062,1051,997,2048,0.5131835938,0.4868164062
998,11,2048,0.4873046875,1050,998,2048,0.5126953125,0.4873046875
999,11,2048,0.4877929688,1049,999,2048,0.5122070312,0.4877929688
1000,11,2048,0.4882812500,1048,1000,2048,0.5117187500,0.4882812500
1001,11,2048,0.4887695312,1047,1001,2048,0.5112304688,0.4887695312
1002,11,2048,0.4892578125,1046,1002,2048,0.5107421875,0.4892578125
1003,11,2048,0.4897460938,1045,1003,2048,0.5102539062,0.4897460938
1004,11,2048,0.4902343750,1044,1004,2048,0.5097656250,0.4902343750
1005,11,2048,0.4907226562,1043,1005,2048,0.5092773438,0.4907226562
1006,11,2048,0.4912109375,1042,1006,2048,0.5087890625,0.4912109375
1007,11,2048,0.4916992188,1041,1007,2048,0.5083007812,0.4916992188
1008,11,2048,0.4921875000,1040,1008,2048,0.5078125000,0.4921875000
1009,11,2048,0.4926757812,1039,1009,2048,0.5073242188,0.4926757812
1010,11,2048,0.4931640625,1038,1010,2048,0.5068359375,0.4931640625
1011,11,2048,0.4936523438,1037,1011,2048,0.5063476562,0.4936523438
1012,11,2048,0.4941406250,1036,1012,2048,0.5058593750,0.4941406250
1013,11,2048,0.4946289062,1035,1013,2048,0.5053710938,0.4946289062
1014,11,2048,0.4951171875,1034,1014,2048,0.5048828125,0.4951171875
1015,11,2048,0.4956054688,1033,1015,2048,0.5043945312,0.4956054688
1016,11,2048,0.4960937500,1032,1016,2048,0.5039062500,0.4960937500
1017,11,2048,0.4965820312,1031,1017,2048,0.5034179688,0.4965820312
1018,11,2048,0.4970703125,1030,1018,2048,0.5029296875,0.4970703125
1019,11,2048,0.4975585938,1029,1019,2048,0.5024414062,0.4975585938
1020,11,2048,0.4980468750,1028,1020,2048,0.5019531250,0.4980468750
1021,11,2048,0.4985351562,1027,1021,2048,0.5014648438,0.4985351562
1022,11,2048,0.4990234375,1026,1022,2048,0.5009765625,0.4990234375
1023,11,2048,0.4995117188,1025,1023,2048,0.5004882812,0.4995117188
1024,11,2048,0.5000000000,1024,1024,2048,0.5000000000,0.5000000000
1025,11,2048,0.5004882812,1023,1025,2048,0.4995117188,0.5004882812
1026,11,2048,0.5009765625,1022,1026,2048,0.4990234375,0.5009765625
1027,11,2048,0.5014648438,1021,1027,2048,0.4985351562,0.5014648438
1028,11,2048,0.5019531250,1020,1028,2048,0.4980468750,0.5019531250
1029,11,2048,0.5024414062,1019,1029,2048,0.4975585938,0.5024414062
1030,11,2048,0.5029296875,1018,1030,2048,0.4970703125,0.5029296875
1031,11,2048,0.5034179688,1017,1031,2048,0.4965820312,0.5034179688
1032,11,2048,0.5039062500,1016,1032,2048,0.4960937500,0.5039062500
1033,11,2048,0.5043945312,1015,1033,2048,0.4956054688,0.5043945312
1034,11,2048,0.5048828125,1014,1034,2048,0.4951171875,0.5048828125
1035,11,2048,0.5053710938,1013,1035,2048,0.4946289062,0.5053710938
1036,11,2048,0.5058593750,1012,1036,2048,0.4941406250,0.5058593750
1037,11,2048,0.5063476562,1011,1037,2048,0.4936523438,0.5063476562
1038,11,2048,0.5068359375,1010,1038,2048,0.4931640625,0.5068359375
1039,11,2048,0.5073242188,1009,1039,2048,0.4926757812,0.5073242188
1040,11,2048,0.5078125000,1008,1040,2048,0.4921875000,0.5078125000
1041,11,2048,0.5083007812,1007,1041,2048,0.4916992188,0.5083007812
1042,11,2048,0.5087890625,1006,1042,2048,0.4912109375,0.5087890625
1043,11,2048,0.5092773438,1005,1043,2048,0.4907226562,0.5092773438
1044,11,2048,0.5097656250,1004,1044,2048,0.4902343750,0.5097656250
1045,11,2048,0.5102539062,1003,1045,2048,0.4897460938,0.5102539062
1046,11,2048,0.5107421875,1002,1046,2048,0.4892578125,0.5107421875
1047,11,2048,0.5112304688,1001,1047,2048,0.4887695312,0.5112304688
1048,11,2048,0.5117187500,1000,1048,2048,0.4882812500,0.5117187500
1049,11,2048,0.5122070312,999,1049,2048,0.4877929688,0.5122070312
1050,11,2048,0.5126953125,998,1050,2048,0.4873046875,0.5126953125
1051,11,2048,0.5131835938,997,1051,2048,0.4868164062,0.5131835938
1052,11,2048,0.5136718750,996,1052,2048,0.4863281250,0.5136718750
1053,11,2048,0.5141601562,995,1053,2048,0.4858398438,0.5141601562
1054,11,2048,0.5146484375,994,1054,2048,0.4853515625,0.5146484375
1055,11,2048,0.5151367188,993,1055,2048,0.4848632812,0.5151367188
1056,11,2048,0.5156250000,992,1056,2048,0.4843750000,0.5156250000
1057,11,2048,0.5161132812,991,1057,2048,0.4838867188,0.5161132812
1058,11,2048,0.5166015625,990,1058,2048,0.4833984375,0.5166015625
1059,11,2048,0.5170898438,989,1059,2048,0.4829101562,0.5170898438
1060,11,2048,0.5175781250,988,1060,2048,0.4824218750,0.5175781250
1061,11,2048,0.5180664062,987,1061,2048,0.4819335938,0.5180664062
1062,11,2048,0.5185546875,986,1062,2048,0.4814453125,0.5185546875
1063,11,2048,0.5190429688,985,1063,2048,0.4809570312,0.5190429688
1064,11,2048,0.5195312500,984,1064,2048,0.4804687500,0.5195312500
1065,11,2048,0.5200195312,983,1065,2048,0.4799804688,0.5200195312
1066,11,2048,0.5205078125,982,1066,2048,0.4794921875,0.5205078125
1067,11,2048,0.5209960938,981,1067,2048,0.4790039062,0.5209960938
1068,11,2048,0.5214843750,980,1068,2048,0.4785156250,0.5214843750
1069,11,2048,0.5219726562,979,1069,2048,0.4780273438,0.5219726562
1070,11,2048,0.5224609375,978,1070,2048,0.4775390625,0.5224609375
1071,11,2048,0.5229492188,977,1071,2048,0.4770507812,0.5229492188
1072,11,2048,0.5234375000,976,1072,2048,0.4765625000,0.5234375000
1073,11,2048,0.5239257812,975,1073,2048,0.4760742188,0.5239257812
1074,11,2048,0.5244140625,974,1074,2048,0.4755859375,0.5244140625
1075,11,2048,0.5249023438,973,1075,2048,0.4750976562,0.5249023438
1076,11,2048,0.5253906250,972,1076,2048,0.4746093750,0.5253906250
1077,11,2048,0.5258789062,971,1077,2048,0.4741210938,0.5258789062
1078,11,2048,0.5263671875,970,1078,2048,0.4736328125,0.5263671875
1079,11,2048,0.5268554688,969,1079,2048,0.4731445312,0.5268554688
1080,11,2048,0.5273437500,968,1080,2048,0.4726562500,0.5273437500
1081,11,2048,0.5278320312,967,1081,2048,0.4721679688,0.5278320312
1082,11,2048,0.5283203125,966,1082,2048,0.4716796875,0.5283203125
1083,11,2048,0.5288085938,965,1083,2048,0.4711914062,0.5288085938
1084,11,2048,0.5292968750,964,1084,2048,0.4707031250,0.5292968750
1085,11,2048,0.5297851562,963,1085,2048,0.4702148438,0.5297851562
1086,11,2048,0.5302734375,962,1086,2048,0.4697265625,0.5302734375
1087,11,2048,0.5307617188,961,1087,2048,0.4692382812,0.5307617188
1088,11,2048,0.5312500000,960,1088,2048,0.4687500000,0.5312500000
1089,11,2048,0.5317382812,959,1089,2048,0.4682617188,0.5317382812
1090,11,2048,0.5322265625,958,1090,2048,0.4677734375,0.5322265625
1091,11,2048,0.5327148438,957,1091,2048,0.4672851562,0.5327148438
1092,11,2048,0.5332031250,956,1092,2048,0.4667968750,0.5332031250
1093,11,2048,0.5336914062,955,1093,2048,0.4663085938,0.5336914062
1094,11,2048,0.5341796875,954,1094,2048,0.4658203125,0.5341796875
1095,11,2048,0.5346679688,953,1095,2048,0.4653320312,0.5346679688
1096,11,2048,0.5351562500,952,1096,2048,0.4648437500,0.5351562500
1097,11,2048,0.5356445312,951,1097,2048,0.4643554688,0.5356445312
1098,11,2048,0.5361328125,950,1098,2048,0.4638671875,0.5361328125
1099,11,2048,0.5366210938,949,1099,2048,0.4633789062,0.5366210938
1100,11,2048,0.5371093750,948,1100,2048,0.4628906250,0.5371093750
1101,11,2048,0.5375976562,947,1101,2048,0.4624023438,0.5375976562
1102,11,2048,0.5380859375,946,1102,2048,0.4619140625,0.5380859375
1103,11,2048,0.5385742188,945,1103,2048,0.4614257812,0.5385742188
1104,11,2048,0.5390625000,944,1104,2048,0.4609375000,0.5390625000
1105,11,2048,0.5395507812,943,1105,2048,0.4604492188,0.5395507812
1106,11,2048,0.5400390625,942,1106,2048,0.4599609375,0.5400390625
1107,11,2048,0.5405273438,941,1107,2048,0.4594726562,0.5405273438
1108,11,2048,0.5410156250,940,1108,2048,0.4589843750,0.5410156250
1109,11,2048,0.5415039062,939,1109,2048,0.4584960938,0.5415039062
1110,11,2048,0.5419921875,938,1110,2048,0.4580078125,0.5419921875
1111,11,2048,0.5424804688,937,1111,2048,0.4575195312,0.5424804688
1112,11,2048,0.5429687500,936,1112,2048,0.4570312500,0.5429687500
1113,11,2048,0.5434570312,935,1113,2048,0.4565429688,0.5434570312
1114,11,2048,0.5439453125,934,1114,2048,0.4560546875,0.5439453125
1115,11,2048,0.5444335938,933,1115,2048,0.4555664062,0.5444335938
1116,11,2048,0.5449218750,932,1116,2048,0.4550781250,0.5449218750
1117,11,2048,0.5454101562,931,1117,2048,0.4545898438,0.5454101562
1118,11,2048,0.5458984375,930,1118,2048,0.4541015625,0.5458984375
1119,11,2048,0.5463867188,929,1119,2048,0.4536132812,0.5463867188
1120,11,2048,0.5468750000,928,1120,2048,0.4531250000,0.5468750000
1121,11,2048,0.5473632812,927,1121,2048,0.4526367188,0.5473632812
1122,11,2048,0.5478515625,926,1122,2048,0.4521484375,0.5478515625
1123,11,2048,0.5483398438,925,1123,2048,0.4516601562,0.5483398438
1124,11,2048,0.5488281250,924,1124,2048,0.4511718750,0.5488281250
1125,11,2048,0.5493164062,923,1125,2048,0.4506835938,0.5493164062
1126,11,2048,0.5498046875,922,1126,2048,0.4501953125,0.5498046875
1127,11,2048,0.5502929688,921,1127,2048,0.4497070312,0.5502929688
1128,11,2048,0.5507812500,920,1128,2048,0.4492187500,0.5507812500
1129,11,2048,0.5512695312,919,1129,2048,0.4487304688,0.5512695312
1130,11,2048,0.5517578125,918,1130,2048,0.4482421875,0.5517578125
1131,11,2048,0.5522460938,917,1131,2048,0.4477539062,0.5522460938
1132,11,2048,0.5527343750,916,1132,2048,0.4472656250,0.5527343750
1133,11,2048,0.5532226562,915,1133,2048,0.4467773438,0.5532226562
1134,11,2048,0.5537109375,914,1134,2048,0.4462890625,0.5537109375
1135,11,2048,0.5541992188,913,1135,2048,0.4458007812,0.5541992188
1136,11,2048,0.5546875000,912,1136,2048,0.4453125000,0.5546875000
1137,11,2048,0.5551757812,911,1137,2048,0.4448242188,0.5551757812
1138,11,2048,0.5556640625,910,1138,2048,0.4443359375,0.5556640625
1139,11,2048,0.5561523438,909,1139,2048,0.4438476562,0.5561523438
1140,11,2048,0.5566406250,908,1140,2048,0.4433593750,0.5566406250
1141,11,2048,0.5571289062,907,1141,2048,0.4428710938,0.5571289062
1142,11,2048,0.5576171875,906,1142,2048,0.4423828125,0.5576171875
1143,11,2048,0.5581054688,905,1143,2048,0.4418945312,0.5581054688
1144,11,2048,0.5585937500,904,1144,2048,0.4414062500,0.5585937500
1145,11,2048,0.5590820312,903,1145,2048,0.4409179688,0.5590820312
1146,11,2048,0.5595703125,902,1146,2048,0.4404296875,0.5595703125
1147,11,2048,0.5600585938,901,1147,2048,0.4399414062,0.5600585938
1148,11,2048,0.5605468750,900,1148,2048,0.4394531250,0.5605468750
1149,11,2048,0.5610351562,899,1149,2048,0.4389648438,0.5610351562
1150,11,2048,0.5615234375,898,1150,2048,0.4384765625,0.5615234375
1151,11,2048,0.5620117188,897,1151,2048,0.4379882812,0.5620117188
1152,11,2048,0.5625000000,896,1152,2048,0.4375000000,0.5625000000
1153,11,2048,0.5629882812,895,1153,2048,0.4370117188,0.5629882812
1154,11,2048,0.5634765625,894,1154,2048,0.4365234375,0.5634765625
1155,11,2048,0.5639648438,893,1155,2048,0.4360351562,0.5639648438
1156,11,2048,0.5644531250,892,1156,2048,0.4355468750,0.5644531250
1157,11,2048,0.5649414062,891,1157,2048,0.4350585938,0.5649414062
1158,11,2048,0.5654296875,890,1158,2048,0.4345703125,0.5654296875
1159,11,2048,0.5659179688,889,1159,2048,0.4340820312,0.5659179688
1160,11,2048,0.5664062500,888,1160,2048,0.4335937500,0.5664062500
1161,11,2048,0.5668945312,887,1161,2048,0.4331054688,0.5668945312
1162,11,2048,0.5673828125,886,1162,2048,0.4326171875,0.5673828125
1163,11,2048,0.5678710938,885,1163,2048,0.4321289062,0.5678710938
1164,11,2048,0.5683593750,884,1164,2048,0.4316406250,0.5683593750
1165,11,2048,0.5688476562,883,1165,2048,0.4311523438,0.5688476562
1166,11,2048,0.5693359375,882,1166,2048,0.4306640625,0.5693359375
1167,11,2048,0.5698242188,881,1167,2048,0.4301757812,0.5698242188
1168,11,2048,0.5703125000,880,1168,2048,0.4296875000,0.5703125000
1169,11,2048,0.5708007812,879,1169,2048,0.4291992188,0.5708007812
1170,11,2048,0.5712890625,878,1170,2048,0.4287109375,0.5712890625
1171,11,2048,0.5717773438,877,1171,2048,0.4282226562,0.5717773438
1172,11,2048,0.5722656250,876,1172,2048,0.4277343750,0.5722656250
1173,11,2048,0.5727539062,875,1173,2048,0.4272460938,0.5727539062
1174,11,2048,0.5732421875,874,1174,2048,0.4267578125,0.5732421875
1175,11,2048,0.5737304688,873,1175,2048,0.4262695312,0.5737304688
1176,11,2048,0.5742187500,872,1176,2048,0.4257812500,0.5742187500
1177,11,2048,0.5747070312,871,1177,2048,0.4252929688,0.5747070312
1178,11,2048,0.5751953125,870,1178,2048,0.4248046875,0.5751953125
1179,11,2048,0.5756835938,869,1179,2048,0.4243164062,0.5756835938
1180,11,2048,0.5761718750,868,1180,2048,0.4238281250,0.5761718750
1181,11,2048,0.5766601562,867,1181,2048,0.4233398438,0.5766601562
1182,11,2048,0.5771484375,866,1182,2048,0.4228515625,0.5771484375
1183,11,2048,0.5776367188,865,1183,2048,0.4223632812,0.5776367188
1184,11,2048,0.5781250000,864,1184,2048,0.4218750000,0.5781250000
1185,11,2048,0.5786132812,863,1185,2048,0.4213867188,0.5786132812
1186,11,2048,0.5791015625,862,1186,2048,0.4208984375,0.5791015625
1187,11,2048,0.5795898438,861,1187,2048,0.4204101562,0.5795898438
1188,11,2048,0.5800781250,860,1188,2048,0.4199218750,0.5800781250
1189,11,2048,0.5805664062,859,1189,2048,0.4194335938,0.5805664062
1190,11,2048,0.5810546875,858,1190,2048,0.4189453125,0.5810546875
1191,11,2048,0.5815429688,857,1191,2048,0.4184570312,0.5815429688
1192,11,2048,0.5820312500,856,1192,2048,0.4179687500,0.5820312500
1193,11,2048,0.5825195312,855,1193,2048,0.4174804688,0.5825195312
1194,11,2048,0.5830078125,854,1194,2048,0.4169921875,0.5830078125
1195,11,2048,0.5834960938,853,1195,2048,0.4165039062,0.5834960938
1196,11,2048,0.5839843750,852,1196,2048,0.4160156250,0.5839843750
1197,11,2048,0.5844726562,851,1197,2048,0.4155273438,0.5844726562
1198,11,2048,0.5849609375,850,1198,2048,0.4150390625,0.5849609375
1199,11,2048,0.5854492188,849,1199,2048,0.4145507812,0.5854492188
1200,11,2048,0.5859375000,848,1200,2048,0.4140625000,0.5859375000
1201,11,2048,0.5864257812,847,1201,2048,0.4135742188,0.5864257812
1202,11,2048,0.5869140625,846,1202,2048,0.4130859375,0.5869140625
1203,11,2048,0.5874023438,845,1203,2048,0.4125976562,0.5874023438
1204,11,2048,0.5878906250,844,1204,2048,0.4121093750,0.5878906250
1205,11,2048,0.5883789062,843,1205,2048,0.4116210938,0.5883789062
1206,11,2048,0.5888671875,842,1206,2048,0.4111328125,0.5888671875
1207,11,2048,0.5893554688,841,1207,2048,0.4106445312,0.5893554688
1208,11,2048,0.5898437500,840,1208,2048,0.4101562500,0.5898437500
1209,11,2048,0.5903320312,839,1209,2048,0.4096679688,0.5903320312
1210,11,2048,0.5908203125,838,1210,2048,0.4091796875,0.5908203125
1211,11,2048,0.5913085938,837,1211,2048,0.4086914062,0.5913085938
1212,11,2048,0.5917968750,836,1212,2048,0.4082031250,0.5917968750
1213,11,2048,0.5922851562,835,1213,2048,0.4077148438,0.5922851562
1214,11,2048,0.5927734375,834,1214,2048,0.4072265625,0.5927734375
1215,11,2048,0.5932617188,833,1215,2048,0.4067382812,0.5932617188
1216,11,2048,0.5937500000,832,1216,2048,0.4062500000,0.5937500000
1217,11,2048,0.5942382812,831,1217,2048,0.4057617188,0.5942382812
1218,11,2048,0.5947265625,830,1218,2048,0.4052734375,0.5947265625
1219,11,2048,0.5952148438,829,1219,2048,0.4047851562,0.5952148438
1220,11,2048,0.5957031250,828,1220,2048,0.4042968750,0.5957031250
1221,11,2048,0.5961914062,827,1221,2048,0.4038085938,0.5961914062
1222,11,2048,0.5966796875,826,1222,2048,0.4033203125,0.5966796875
1223,11,2048,0.5971679688,825,1223,2048,0.4028320312,0.5971679688
1224,11,2048,0.5976562500,824,1224,2048,0.4023437500,0.5976562500
1225,11,2048,0.5981445312,823,1225,2048,0.4018554688,0.5981445312
1226,11,2048,0.5986328125,822,1226,2048,0.4013671875,0.5986328125
1227,11,2048,0.5991210938,821,1227,2048,0.4008789062,0.5991210938
1228,11,2048,0.5996093750,820,1228,2048,0.4003906250,0.5996093750
1229,11,2048,0.6000976562,819,1229,2048,0.3999023438,0.6000976562
1230,11,2048,0.6005859375,818,1230,2048,0.3994140625,0.6005859375
1231,11,2048,0.6010742188,817,1231,2048,0.3989257812,0.6010742188
1232,11,2048,0.6015625000,816,1232,2048,0.3984375000,0.6015625000
1233,11,2048,0.6020507812,815,1233,2048,0.3979492188,0.6020507812
1234,11,2048,0.6025390625,814,1234,2048,0.3974609375,0.6025390625
1235,11,2048,0.6030273438,813,1235,2048,0.3969726562,0.6030273438
1236,11,2048,0.6035156250,812,1236,2048,0.3964843750,0.6035156250
1237,11,2048,0.6040039062,811,1237,2048,0.3959960938,0.6040039062
1238,11,2048,0.6044921875,810,1238,2048,0.3955078125,0.6044921875
1239,11,2048,0.6049804688,809,1239,2048,0.3950195312,0.6049804688
1240,11,2048,0.6054687500,808,1240,2048,0.3945312500,0.6054687500
1241,11,2048,0.6059570312,807,1241,2048,0.3940429688,0.6059570312
1242,11,2048,0.6064453125,806,1242,2048,0.3935546875,0.6064453125
1243,11,2048,0.6069335938,805,1243,2048,0.3930664062,0.6069335938
1244,11,2048,0.6074218750,804,1244,2048,0.3925781250,0.6074218750
1245,11,2048,0.6079101562,803,1245,2048,0.3920898438,0.6079101562
1246,11,2048,0.6083984375,802,1246,2048,0.3916015625,0.6083984375
1247,11,2048,0.6088867188,801,1247,2048,0.3911132812,0.6088867188
1248,11,2048,0.6093750000,800,1248,2048,0.3906250000,0.6093750000
1249,11,2048,0.6098632812,799,1249,2048,0.3901367188,0.6098632812
1250,11,2048,0.6103515625,798,1250,2048,0.3896484375,0.6103515625
1251,11,2048,0.6108398438,797,1251,2048,0.3891601562,0.6108398438
1252,11,2048,0.6113281250,796,1252,2048,0.3886718750,0.6113281250
1253,11,2048,0.6118164062,795,1253,2048,0.3881835938,0.6118164062
1254,11,2048,0.6123046875,794,1254,2048,0.3876953125,0.6123046875
1255,11,2048,0.6127929688,793,1255,2048,0.3872070312,0.6127929688
1256,11,2048,0.6132812500,792,1256,2048,0.3867187500,0.6132812500
1257,11,2048,0.6137695312,791,1257,2048,0.3862304688,0.6137695312
1258,11,2048,0.6142578125,790,1258,2048,0.3857421875,0.6142578125
1259,11,2048,0.6147460938,789,1259,2048,0.3852539062,0.6147460938
1260,11,2048,0.6152343750,788,1260,2048,0.3847656250,0.6152343750
1261,11,2048,0.6157226562,787,1261,2048,0.3842773438,0.6157226562
1262,11,2048,0.6162109375,786,1262,2048,0.3837890625,0.6162109375
1263,11,2048,0.6166992188,785,1263,2048,0.3833007812,0.6166992188
1264,11,2048,0.6171875000,784,1264,2048,0.3828125000,0.6171875000
1265,11,2048,0.6176757812,783,1265,2048,0.3823242188,0.6176757812
1266,11,2048,0.6181640625,782,1266,2048,0.3818359375,0.6181640625
1267,11,2048,0.6186523438,781,1267,2048,0.3813476562,0.6186523438
1268,11,2048,0.6191406250,780,1268,2048,0.3808593750,0.6191406250
1269,11,2048,0.6196289062,779,1269,2048,0.3803710938,0.6196289062
1270,11,2048,0.6201171875,778,1270,2048,0.3798828125,0.6201171875
1271,11,2048,0.6206054688,777,1271,2048,0.3793945312,0.6206054688
1272,11,2048,0.6210937500,776,1272,2048,0.3789062500,0.6210937500
1273,11,2048,0.6215820312,775,1273,2048,0.3784179688,0.6215820312
1274,11,2048,0.6220703125,774,1274,2048,0.3779296875,0.6220703125
1275,11,2048,0.6225585938,773,1275,2048,0.3774414062,0.6225585938
1276,11,2048,0.6230468750,772,1276,2048,0.3769531250,0.6230468750
1277,11,2048,0.6235351562,771,1277,2048,0.3764648438,0.6235351562
1278,11,2048,0.6240234375,770,1278,2048,0.3759765625,0.6240234375
1279,11,2048,0.6245117188,769,1279,2048,0.3754882812,0.6245117188
1280,11,2048,0.6250000000,768,1280,2048,0.3750000000,0.6250000000
1281,11,2048,0.6254882812,767,1281,2048,0.3745117188,0.6254882812
1282,11,2048,0.6259765625,766,1282,2048,0.3740234375,0.6259765625
1283,11,2048,0.6264648438,765,1283,2048,0.3735351562,0.6264648438
1284,11,2048,0.6269531250,764,1284,2048,0.3730468750,0.6269531250
1285,11,2048,0.6274414062,763,1285,2048,0.3725585938,0.6274414062
1286,11,2048,0.6279296875,762,1286,2048,0.3720703125,0.6279296875
1287,11,2048,0.6284179688,761,1287,2048,0.3715820312,0.6284179688
1288,11,2048,0.6289062500,760,1288,2048,0.3710937500,0.6289062500
1289,11,2048,0.6293945312,759,1289,2048,0.3706054688,0.6293945312
1290,11,2048,0.6298828125,758,1290,2048,0.3701171875,0.6298828125
1291,11,2048,0.6303710938,757,1291,2048,0.3696289062,0.6303710938
1292,11,2048,0.6308593750,756,1292,2048,0.3691406250,0.6308593750
1293,11,2048,0.6313476562,755,1293,2048,0.3686523438,0.6313476562
1294,11,2048,0.6318359375,754,1294,2048,0.3681640625,0.6318359375
1295,11,2048,0.6323242188,753,1295,2048,0.3676757812,0.6323242188
1296,11,2048,0.6328125000,752,1296,2048,0.3671875000,0.6328125000
1297,11,2048,0.6333007812,751,1297,2048,0.3666992188,0.6333007812
1298,11,2048,0.6337890625,750,1298,2048,0.3662109375,0.6337890625
1299,11,2048,0.6342773438,749,1299,2048,0.3657226562,0.6342773438
1300,11,2048,0.6347656250,748,1300,2048,0.3652343750,0.6347656250
1301,11,2048,0.6352539062,747,1301,2048,0.3647460938,0.6352539062
1302,11,2048,0.6357421875,746,1302,2048,0.3642578125,0.6357421875
1303,11,2048,0.6362304688,745,1303,2048,0.3637695312,0.6362304688
1304,11,2048,0.6367187500,744,1304,2048,0.3632812500,0.6367187500
1305,11,2048,0.6372070312,743,1305,2048,0.3627929688,0.6372070312
1306,11,2048,0.6376953125,742,1306,2048,0.3623046875,0.6376953125
1307,11,2048,0.6381835938,741,1307,2048,0.3618164062,0.6381835938
1308,11,2048,0.6386718750,740,1308,2048,0.3613281250,0.6386718750
1309,11,2048,0.6391601562,739,1309,2048,0.3608398438,0.6391601562
1310,11,2048,0.6396484375,738,1310,2048,0.3603515625,0.6396484375
1311,11,2048,0.6401367188,737,1311,2048,0.3598632812,0.6401367188
1312,11,2048,0.6406250000,736,1312,2048,0.3593750000,0.6406250000
1313,11,2048,0.6411132812,735,1313,2048,0.3588867188,0.6411132812
1314,11,2048,0.6416015625,734,1314,2048,0.3583984375,0.6416015625
1315,11,2048,0.6420898438,733,1315,2048,0.3579101562,0.6420898438
1316,11,2048,0.6425781250,732,1316,2048,0.3574218750,0.6425781250
1317,11,2048,0.6430664062,731,1317,2048,0.3569335938,0.6430664062
1318,11,2048,0.6435546875,730,1318,2048,0.3564453125,0.6435546875
1319,11,2048,0.6440429688,729,1319,2048,0.3559570312,0.6440429688
1320,11,2048,0.6445312500,728,1320,2048,0.3554687500,0.6445312500
1321,11,2048,0.6450195312,727,1321,2048,0.3549804688,0.6450195312
1322,11,2048,0.6455078125,726,1322,2048,0.3544921875,0.6455078125
1323,11,2048,0.6459960938,725,1323,2048,0.3540039062,0.6459960938
1324,11,2048,0.6464843750,724,1324,2048,0.3535156250,0.6464843750
1325,11,2048,0.6469726562,723,1325,2048,0.3530273438,0.6469726562
1326,11,2048,0.6474609375,722,1326,2048,0.3525390625,0.6474609375
1327,11,2048,0.6479492188,721,1327,2048,0.3520507812,0.6479492188
1328,11,2048,0.6484375000,720,1328,2048,0.3515625000,0.6484375000
1329,11,2048,0.6489257812,719,1329,2048,0.3510742188,0.6489257812
1330,11,2048,0.6494140625,718,1330,2048,0.3505859375,0.6494140625
1331,11,2048,0.6499023438,717,1331,2048,0.3500976562,0.6499023438
1332,11,2048,0.6503906250,716,1332,2048,0.3496093750,0.6503906250
1333,11,2048,0.6508789062,715,1333,2048,0.3491210938,0.6508789062
1334,11,2048,0.6513671875,714,1334,2048,0.3486328125,0.6513671875
1335,11,2048,0.6518554688,713,1335,2048,0.3481445312,0.6518554688
1336,11,2048,0.6523437500,712,1336,2048,0.3476562500,0.6523437500
1337,11,2048,0.6528320312,711,1337,2048,0.3471679688,0.6528320312
1338,11,2048,0.6533203125,710,1338,2048,0.3466796875,0.6533203125
1339,11,2048,0.6538085938,709,1339,2048,0.3461914062,0.6538085938
1340,11,2048,0.6542968750,708,1340,2048,0.3457031250,0.6542968750
1341,11,2048,0.6547851562,707,1341,2048,0.3452148438,0.6547851562
1342,11,2048,0.6552734375,706,1342,2048,0.3447265625,0.6552734375
1343,11,2048,0.6557617188,705,1343,2048,0.3442382812,0.6557617188
1344,11,2048,0.6562500000,704,1344,2048,0.3437500000,0.6562500000
1345,11,2048,0.6567382812,703,1345,2048,0.3432617188,0.6567382812
1346,11,2048,0.6572265625,702,1346,2048,0.3427734375,0.6572265625
1347,11,2048,0.6577148438,701,1347,2048,0.3422851562,0.6577148438
1348,11,2048,0.6582031250,700,1348,2048,0.3417968750,0.6582031250
1349,11,2048,0.6586914062,699,1349,2048,0.3413085938,0.6586914062
1350,11,2048,0.6591796875,698,1350,2048,0.3408203125,0.6591796875
1351,11,2048,0.6596679688,697,1351,2048,0.3403320312,0.6596679688
1352,11,2048,0.6601562500,696,1352,2048,0.3398437500,0.6601562500
1353,11,2048,0.6606445312,695,1353,2048,0.3393554688,0.6606445312
1354,11,2048,0.6611328125,694,1354,2048,0.3388671875,0.6611328125
1355,11,2048,0.6616210938,693,1355,2048,0.3383789062,0.6616210938
1356,11,2048,0.6621093750,692,1356,2048,0.3378906250,0.6621093750
1357,11,2048,0.6625976562,691,1357,2048,0.3374023438,0.6625976562
1358,11,2048,0.6630859375,690,1358,2048,0.3369140625,0.6630859375
1359,11,2048,0.6635742188,689,1359,2048,0.3364257812,0.6635742188
1360,11,2048,0.6640625000,688,1360,2048,0.3359375000,0.6640625000
1361,11,2048,0.6645507812,687,1361,2048,0.3354492188,0.6645507812
1362,11,2048,0.6650390625,686,1362,2048,0.3349609375,0.6650390625
1363,11,2048,0.6655273438,685,1363,2048,0.3344726562,0.6655273438
1364,11,2048,0.6660156250,684,1364,2048,0.3339843750,0.6660156250
1365,11,2048,0.6665039062,683,1365,2048,0.3334960938,0.6665039062
1366,11,2048,0.6669921875,682,1366,2048,0.3330078125,0.6669921875
1367,11,2048,0.6674804688,681,1367,2048,0.3325195312,0.6674804688
1368,11,2048,0.6679687500,680,1368,2048,0.3320312500,0.6679687500
1369,11,2048,0.6684570312,679,1369,2048,0.3315429688,0.6684570312
1370,11,2048,0.6689453125,678,1370,2048,0.3310546875,0.6689453125
1371,11,2048,0.6694335938,677,1371,2048,0.3305664062,0.6694335938
1372,11,2048,0.6699218750,676,1372,2048,0.3300781250,0.6699218750
1373,11,2048,0.6704101562,675,1373,2048,0.3295898438,0.6704101562
1374,11,2048,0.6708984375,674,1374,2048,0.3291015625,0.6708984375
1375,11,2048,0.6713867188,673,1375,2048,0.3286132812,0.6713867188
1376,11,2048,0.6718750000,672,1376,2048,0.3281250000,0.6718750000
1377,11,2048,0.6723632812,671,1377,2048,0.3276367188,0.6723632812
1378,11,2048,0.6728515625,670,1378,2048,0.3271484375,0.6728515625
1379,11,2048,0.6733398438,669,1379,2048,0.3266601562,0.6733398438
1380,11,2048,0.6738281250,668,1380,2048,0.3261718750,0.6738281250
1381,11,2048,0.6743164062,667,1381,2048,0.3256835938,0.6743164062
1382,11,2048,0.6748046875,666,1382,2048,0.3251953125,0.6748046875
1383,11,2048,0.6752929688,665,1383,2048,0.3247070312,0.6752929688
1384,11,2048,0.6757812500,664,1384,2048,0.3242187500,0.6757812500
1385,11,2048,0.6762695312,663,1385,2048,0.3237304688,0.6762695312
1386,11,2048,0.6767578125,662,1386,2048,0.3232421875,0.6767578125
1387,11,2048,0.6772460938,661,1387,2048,0.3227539062,0.6772460938
1388,11,2048,0.6777343750,660,1388,2048,0.3222656250,0.6777343750
1389,11,2048,0.6782226562,659,1389,2048,0.3217773438,0.6782226562
1390,11,2048,0.6787109375,658,1390,2048,0.3212890625,0.6787109375
1391,11,2048,0.6791992188,657,1391,2048,0.3208007812,0.6791992188
1392,11,2048,0.6796875000,656,1392,2048,0.3203125000,0.6796875000
1393,11,2048,0.6801757812,655,1393,2048,0.3198242188,0.6801757812
1394,11,2048,0.6806640625,654,1394,2048,0.3193359375,0.6806640625
1395,11,2048,0.6811523438,653,1395,2048,0.3188476562,0.6811523438
1396,11,2048,0.6816406250,652,1396,2048,0.3183593750,0.6816406250
1397,11,2048,0.6821289062,651,1397,2048,0.3178710938,0.6821289062
1398,11,2048,0.6826171875,650,1398,2048,0.3173828125,0.6826171875
1399,11,2048,0.6831054688,649,1399,2048,0.3168945312,0.6831054688
1400,11,2048,0.6835937500,648,1400,2048,0.3164062500,0.6835937500
1401,11,2048,0.6840820312,647,1401,2048,0.3159179688,0.6840820312
1402,11,2048,0.6845703125,646,1402,2048,0.3154296875,0.6845703125
1403,11,2048,0.6850585938,645,1403,2048,0.3149414062,0.6850585938
1404,11,2048,0.6855468750,644,1404,2048,0.3144531250,0.6855468750
1405,11,2048,0.6860351562,643,1405,2048,0.3139648438,0.6860351562
1406,11,2048,0.6865234375,642,1406,2048,0.3134765625,0.6865234375
1407,11,2048,0.6870117188,641,1407,2048,0.3129882812,0.6870117188
1408,11,2048,0.6875000000,640,1408,2048,0.3125000000,0.6875000000
1409,11,2048,0.6879882812,639,1409,2048,0.3120117188,0.6879882812
1410,11,2048,0.6884765625,638,1410,2048,0.3115234375,0.6884765625
1411,11,2048,0.6889648438,637,1411,2048,0.3110351562,0.6889648438
1412,11,2048,0.6894531250,636,1412,2048,0.3105468750,0.6894531250
1413,11,2048,0.6899414062,635,1413,2048,0.3100585938,0.6899414062
1414,11,2048,0.6904296875,634,1414,2048,0.3095703125,0.6904296875
1415,11,2048,0.6909179688,633,1415,2048,0.3090820312,0.6909179688
1416,11,2048,0.6914062500,632,1416,2048,0.3085937500,0.6914062500
1417,11,2048,0.6918945312,631,1417,2048,0.3081054688,0.6918945312
1418,11,2048,0.6923828125,630,1418,2048,0.3076171875,0.6923828125
1419,11,2048,0.6928710938,629,1419,2048,0.3071289062,0.6928710938
1420,11,2048,0.6933593750,628,1420,2048,0.3066406250,0.6933593750
1421,11,2048,0.6938476562,627,1421,2048,0.3061523438,0.6938476562
1422,11,2048,0.6943359375,626,1422,2048,0.3056640625,0.6943359375
1423,11,2048,0.6948242188,625,1423,2048,0.3051757812,0.6948242188
1424,11,2048,0.6953125000,624,1424,2048,0.3046875000,0.6953125000
1425,11,2048,0.6958007812,623,1425,2048,0.3041992188,0.6958007812
1426,11,2048,0.6962890625,622,1426,2048,0.3037109375,0.6962890625
1427,11,2048,0.6967773438,621,1427,2048,0.3032226562,0.6967773438
1428,11,2048,0.6972656250,620,1428,2048,0.3027343750,0.6972656250
1429,11,2048,0.6977539062,619,1429,2048,0.3022460938,0.6977539062
1430,11,2048,0.6982421875,618,1430,2048,0.3017578125,0.6982421875
1431,11,2048,0.6987304688,617,1431,2048,0.3012695312,0.6987304688
1432,11,2048,0.6992187500,616,1432,2048,0.3007812500,0.6992187500
1433,11,2048,0.6997070312,615,1433,2048,0.3002929688,0.6997070312
1434,11,2048,0.7001953125,614,1434,2048,0.2998046875,0.7001953125
1435,11,2048,0.7006835938,613,1435,2048,0.2993164062,0.7006835938
1436,11,2048,0.7011718750,612,1436,2048,0.2988281250,0.7011718750
1437,11,2048,0.7016601562,611,1437,2048,0.2983398438,0.7016601562
1438,11,2048,0.7021484375,610,1438,2048,0.2978515625,0.7021484375
1439,11,2048,0.7026367188,609,1439,2048,0.2973632812,0.7026367188
1440,11,2048,0.7031250000,608,1440,2048,0.2968750000,0.7031250000
1441,11,2048,0.7036132812,607,1441,2048,0.2963867188,0.7036132812
1442,11,2048,0.7041015625,606,1442,2048,0.2958984375,0.7041015625
1443,11,2048,0.7045898438,605,1443,2048,0.2954101562,0.7045898438
1444,11,2048,0.7050781250,604,1444,2048,0.2949218750,0.7050781250
1445,11,2048,0.7055664062,603,1445,2048,0.2944335938,0.7055664062
1446,11,2048,0.7060546875,602,1446,2048,0.2939453125,0.7060546875
1447,11,2048,0.7065429688,601,1447,2048,0.2934570312,0.7065429688
1448,11,2048,0.7070312500,600,1448,2048,0.2929687500,0.7070312500
1449,11,2048,0.7075195312,599,1449,2048,0.2924804688,0.7075195312
1450,11,2048,0.7080078125,598,1450,2048,0.2919921875,0.7080078125
1451,11,2048,0.7084960938,597,1451,2048,0.2915039062,0.7084960938
1452,11,2048,0.7089843750,596,1452,2048,0.2910156250,0.7089843750
1453,11,2048,0.7094726562,595,1453,2048,0.2905273438,0.7094726562
1454,11,2048,0.7099609375,594,1454,2048,0.2900390625,0.7099609375
1455,11,2048,0.7104492188,593,1455,2048,0.2895507812,0.7104492188
1456,11,2048,0.7109375000,592,1456,2048,0.2890625000,0.7109375000
1457,11,2048,0.7114257812,591,1457,2048,0.2885742188,0.7114257812
1458,11,2048,0.7119140625,590,1458,2048,0.2880859375,0.7119140625
1459,11,2048,0.7124023438,589,1459,2048,0.2875976562,0.7124023438
1460,11,2048,0.7128906250,588,1460,2048,0.2871093750,0.7128906250
1461,11,2048,0.7133789062,587,1461,2048,0.2866210938,0.7133789062
1462,11,2048,0.7138671875,586,1462,2048,0.2861328125,0.7138671875
1463,11,2048,0.7143554688,585,1463,2048,0.2856445312,0.7143554688
1464,11,2048,0.7148437500,584,1464,2048,0.2851562500,0.7148437500
1465,11,2048,0.7153320312,583,1465,2048,0.2846679688,0.7153320312
1466,11,2048,0.7158203125,582,1466,2048,0.2841796875,0.7158203125
1467,11,2048,0.7163085938,581,1467,2048,0.2836914062,0.7163085938
1468,11,2048,0.7167968750,580,1468,2048,0.2832031250,0.7167968750
1469,11,2048,0.7172851562,579,1469,2048,0.2827148438,0.7172851562
1470,11,2048,0.7177734375,578,1470,2048,0.2822265625,0.7177734375
1471,11,2048,0.7182617188,577,1471,2048,0.2817382812,0.7182617188
1472,11,2048,0.7187500000,576,1472,2048,0.2812500000,0.7187500000
1473,11,2048,0.7192382812,575,1473,2048,0.2807617188,0.7192382812
1474,11,2048,0.7197265625,574,1474,2048,0.2802734375,0.7197265625
1475,11,2048,0.7202148438,573,1475,2048,0.2797851562,0.7202148438
1476,11,2048,0.7207031250,572,1476,2048,0.2792968750,0.7207031250
1477,11,2048,0.7211914062,571,1477,2048,0.2788085938,0.7211914062
1478,11,2048,0.7216796875,570,1478,2048,0.2783203125,0.7216796875
1479,11,2048,0.7221679688,569,1479,2048,0.2778320312,0.7221679688
1480,11,2048,0.7226562500,568,1480,2048,0.2773437500,0.7226562500
1481,11,2048,0.7231445312,567,1481,2048,0.2768554688,0.7231445312
1482,11,2048,0.7236328125,566,1482,2048,0.2763671875,0.7236328125
1483,11,2048,0.7241210938,565,1483,2048,0.2758789062,0.7241210938
1484,11,2048,0.7246093750,564,1484,2048,0.2753906250,0.7246093750
1485,11,2048,0.7250976562,563,1485,2048,0.2749023438,0.7250976562
1486,11,2048,0.7255859375,562,1486,2048,0.2744140625,0.7255859375
1487,11,2048,0.7260742188,561,1487,2048,0.2739257812,0.7260742188
1488,11,2048,0.7265625000,560,1488,2048,0.2734375000,0.7265625000
1489,11,2048,0.7270507812,559,1489,2048,0.2729492188,0.7270507812
1490,11,2048,0.7275390625,558,1490,2048,0.2724609375,0.7275390625
1491,11,2048,0.7280273438,557,1491,2048,0.2719726562,0.7280273438
1492,11,2048,0.7285156250,556,1492,2048,0.2714843750,0.7285156250
1493,11,2048,0.7290039062,555,1493,2048,0.2709960938,0.7290039062
1494,11,2048,0.7294921875,554,1494,2048,0.2705078125,0.7294921875
1495,11,2048,0.7299804688,553,1495,2048,0.2700195312,0.7299804688
1496,11,2048,0.7304687500,552,1496,2048,0.2695312500,0.7304687500
1497,11,2048,0.7309570312,551,1497,2048,0.2690429688,0.7309570312
1498,11,2048,0.7314453125,550,1498,2048,0.2685546875,0.7314453125
1499,11,2048,0.7319335938,549,1499,2048,0.2680664062,0.7319335938
1500,11,2048,0.7324218750,548,1500,2048,0.2675781250,0.7324218750
1501,11,2048,0.7329101562,547,1501,2048,0.2670898438,0.7329101562
1502,11,2048,0.7333984375,546,1502,2048,0.2666015625,0.7333984375
1503,11,2048,0.7338867188,545,1503,2048,0.2661132812,0.7338867188
1504,11,2048,0.7343750000,544,1504,2048,0.2656250000,0.7343750000
1505,11,2048,0.7348632812,543,1505,2048,0.2651367188,0.7348632812
1506,11,2048,0.7353515625,542,1506,2048,0.2646484375,0.7353515625
1507,11,2048,0.7358398438,541,1507,2048,0.2641601562,0.7358398438
1508,11,2048,0.7363281250,540,1508,2048,0.2636718750,0.7363281250
1509,11,2048,0.7368164062,539,1509,2048,0.2631835938,0.7368164062
1510,11,2048,0.7373046875,538,1510,2048,0.2626953125,0.7373046875
1511,11,2048,0.7377929688,537,1511,2048,0.2622070312,0.7377929688
1512,11,2048,0.7382812500,536,1512,2048,0.2617187500,0.7382812500
1513,11,2048,0.7387695312,535,1513,2048,0.2612304688,0.7387695312
1514,11,2048,0.7392578125,534,1514,2048,0.2607421875,0.7392578125
1515,11,2048,0.7397460938,533,1515,2048,0.2602539062,0.7397460938
1516,11,2048,0.7402343750,532,1516,2048,0.2597656250,0.7402343750
1517,11,2048,0.7407226562,531,1517,2048,0.2592773438,0.7407226562
1518,11,2048,0.7412109375,530,1518,2048,0.2587890625,0.7412109375
1519,11,2048,0.7416992188,529,1519,2048,0.2583007812,0.7416992188
1520,11,2048,0.7421875000,528,1520,2048,0.2578125000,0.7421875000
1521,11,2048,0.7426757812,527,1521,2048,0.2573242188,0.7426757812
1522,11,2048,0.7431640625,526,1522,2048,0.2568359375,0.7431640625
1523,11,2048,0.7436523438,525,1523,2048,0.2563476562,0.7436523438
1524,11,2048,0.7441406250,524,1524,2048,0.2558593750,0.7441406250
1525,11,2048,0.7446289062,523,1525,2048,0.2553710938,0.7446289062
1526,11,2048,0.7451171875,522,1526,2048,0.2548828125,0.7451171875
1527,11,2048,0.7456054688,521,1527,2048,0.2543945312,0.7456054688
1528,11,2048,0.7460937500,520,1528,2048,0.2539062500,0.7460937500
1529,11,2048,0.7465820312,519,1529,2048,0.2534179688,0.7465820312
1530,11,2048,0.7470703125,518,1530,2048,0.2529296875,0.7470703125
1531,11,2048,0.7475585938,517,1531,2048,0.2524414062,0.7475585938
1532,11,2048,0.7480468750,516,1532,2048,0.2519531250,0.7480468750
1533,11,2048,0.7485351562,515,1533,2048,0.2514648438,0.7485351562
1534,11,2048,0.7490234375,514,1534,2048,0.2509765625,0.7490234375
1535,11,2048,0.7495117188,513,1535,2048,0.2504882812,0.7495117188
1536,11,2048,0.7500000000,512,1536,2048,0.2500000000,0.7500000000
1537,11,2048,0.7504882812,511,1537,2048,0.2495117188,0.7504882812
1538,11,2048,0.7509765625,510,1538,2048,0.2490234375,0.7509765625
1539,11,2048,0.7514648438,509,1539,2048,0.2485351562,0.7514648438
1540,11,2048,0.7519531250,508,1540,2048,0.2480468750,0.7519531250
1541,11,2048,0.7524414062,507,1541,2048,0.2475585938,0.7524414062
1542,11,2048,0.7529296875,506,1542,2048,0.2470703125,0.7529296875
1543,11,2048,0.7534179688,505,1543,2048,0.2465820312,0.7534179688
1544,11,2048,0.7539062500,504,1544,2048,0.2460937500,0.7539062500
1545,11,2048,0.7543945312,503,1545,2048,0.2456054688,0.7543945312
1546,11,2048,0.7548828125,502,1546,2048,0.2451171875,0.7548828125
1547,11,2048,0.7553710938,501,1547,2048,0.2446289062,0.7553710938
1548,11,2048,0.7558593750,500,1548,2048,0.2441406250,0.7558593750
1549,11,2048,0.7563476562,499,1549,2048,0.2436523438,0.7563476562
1550,11,2048,0.7568359375,498,1550,2048,0.2431640625,0.7568359375
1551,11,2048,0.7573242188,497,1551,2048,0.2426757812,0.7573242188
1552,11,2048,0.7578125000,496,1552,2048,0.2421875000,0.7578125000
1553,11,2048,0.7583007812,495,1553,2048,0.2416992188,0.7583007812
1554,11,2048,0.7587890625,494,1554,2048,0.2412109375,0.7587890625
1555,11,2048,0.7592773438,493,1555,2048,0.2407226562,0.7592773438
1556,11,2048,0.7597656250,492,1556,2048,0.2402343750,0.7597656250
1557,11,2048,0.7602539062,491,1557,2048,0.2397460938,0.7602539062
1558,11,2048,0.7607421875,490,1558,2048,0.2392578125,0.7607421875
1559,11,2048,0.7612304688,489,1559,2048,0.2387695312,0.7612304688
1560,11,2048,0.7617187500,488,1560,2048,0.2382812500,0.7617187500
1561,11,2048,0.7622070312,487,1561,2048,0.2377929688,0.7622070312
1562,11,2048,0.7626953125,486,1562,2048,0.2373046875,0.7626953125
1563,11,2048,0.7631835938,485,1563,2048,0.2368164062,0.7631835938
1564,11,2048,0.7636718750,484,1564,2048,0.2363281250,0.7636718750
1565,11,2048,0.7641601562,483,1565,2048,0.2358398438,0.7641601562
1566,11,2048,0.7646484375,482,1566,2048,0.2353515625,0.7646484375
1567,11,2048,0.7651367188,481,1567,2048,0.2348632812,0.7651367188
1568,11,2048,0.7656250000,480,1568,2048,0.2343750000,0.7656250000
1569,11,2048,0.7661132812,479,1569,2048,0.2338867188,0.7661132812
1570,11,2048,0.7666015625,478,1570,2048,0.2333984375,0.7666015625
1571,11,2048,0.7670898438,477,1571,2048,0.2329101562,0.7670898438
1572,11,2048,0.7675781250,476,1572,2048,0.2324218750,0.7675781250
1573,11,2048,0.7680664062,475,1573,2048,0.2319335938,0.7680664062
1574,11,2048,0.7685546875,474,1574,2048,0.2314453125,0.7685546875
1575,11,2048,0.7690429688,473,1575,2048,0.2309570312,0.7690429688
1576,11,2048,0.7695312500,472,1576,2048,0.2304687500,0.7695312500
1577,11,2048,0.7700195312,471,1577,2048,0.2299804688,0.7700195312
1578,11,2048,0.7705078125,470,1578,2048,0.2294921875,0.7705078125
1579,11,2048,0.7709960938,469,1579,2048,0.2290039062,0.7709960938
1580,11,2048,0.7714843750,468,1580,2048,0.2285156250,0.7714843750
1581,11,2048,0.7719726562,467,1581,2048,0.2280273438,0.7719726562
1582,11,2048,0.7724609375,466,1582,2048,0.2275390625,0.7724609375
1583,11,2048,0.7729492188,465,1583,2048,0.2270507812,0.7729492188
1584,11,2048,0.7734375000,464,1584,2048,0.2265625000,0.7734375000
1585,11,2048,0.7739257812,463,1585,2048,0.2260742188,0.7739257812
1586,11,2048,0.7744140625,462,1586,2048,0.2255859375,0.7744140625
1587,11,2048,0.7749023438,461,1587,2048,0.2250976562,0.7749023438
1588,11,2048,0.7753906250,460,1588,2048,0.2246093750,0.7753906250
1589,11,2048,0.7758789062,459,1589,2048,0.2241210938,0.7758789062
1590,11,2048,0.7763671875,458,1590,2048,0.2236328125,0.7763671875
1591,11,2048,0.7768554688,457,1591,2048,0.2231445312,0.7768554688
1592,11,2048,0.7773437500,456,1592,2048,0.2226562500,0.7773437500
1593,11,2048,0.7778320312,455,1593,2048,0.2221679688,0.7778320312
1594,11,2048,0.7783203125,454,1594,2048,0.2216796875,0.7783203125
1595,11,2048,0.7788085938,453,1595,2048,0.2211914062,0.7788085938
1596,11,2048,0.7792968750,452,1596,2048,0.2207031250,0.7792968750
1597,11,2048,0.7797851562,451,1597,2048,0.2202148438,0.7797851562
1598,11,2048,0.7802734375,450,1598,2048,0.2197265625,0.7802734375
1599,11,2048,0.7807617188,449,1599,2048,0.2192382812,0.7807617188
1600,11,2048,0.7812500000,448,1600,2048,0.2187500000,0.7812500000
1601,11,2048,0.7817382812,447,1601,2048,0.2182617188,0.7817382812
1602,11,2048,0.7822265625,446,1602,2048,0.2177734375,0.7822265625
1603,11,2048,0.7827148438,445,1603,2048,0.2172851562,0.7827148438
1604,11,2048,0.7832031250,444,1604,2048,0.2167968750,0.7832031250
1605,11,2048,0.7836914062,443,1605,2048,0.2163085938,0.7836914062
1606,11,2048,0.7841796875,442,1606,2048,0.2158203125,0.7841796875
1607,11,2048,0.7846679688,441,1607,2048,0.2153320312,0.7846679688
1608,11,2048,0.7851562500,440,1608,2048,0.2148437500,0.7851562500
1609,11,2048,0.7856445312,439,1609,2048,0.2143554688,0.7856445312
1610,11,2048,0.7861328125,438,1610,2048,0.2138671875,0.7861328125
1611,11,2048,0.7866210938,437,1611,2048,0.2133789062,0.7866210938
1612,11,2048,0.7871093750,436,1612,2048,0.2128906250,0.7871093750
1613,11,2048,0.7875976562,435,1613,2048,0.2124023438,0.7875976562
1614,11,2048,0.7880859375,434,1614,2048,0.2119140625,0.7880859375
1615,11,2048,0.7885742188,433,1615,2048,0.2114257812,0.7885742188
1616,11,2048,0.7890625000,432,1616,2048,0.2109375000,0.7890625000
1617,11,2048,0.7895507812,431,1617,2048,0.2104492188,0.7895507812
1618,11,2048,0.7900390625,430,1618,2048,0.2099609375,0.7900390625
1619,11,2048,0.7905273438,429,1619,2048,0.2094726562,0.7905273438
1620,11,2048,0.7910156250,428,1620,2048,0.2089843750,0.7910156250
1621,11,2048,0.7915039062,427,1621,2048,0.2084960938,0.7915039062
1622,11,2048,0.7919921875,426,1622,2048,0.2080078125,0.7919921875
1623,11,2048,0.7924804688,425,1623,2048,0.2075195312,0.7924804688
1624,11,2048,0.7929687500,424,1624,2048,0.2070312500,0.7929687500
1625,11,2048,0.7934570312,423,1625,2048,0.2065429688,0.7934570312
1626,11,2048,0.7939453125,422,1626,2048,0.2060546875,0.7939453125
1627,11,2048,0.7944335938,421,1627,2048,0.2055664062,0.7944335938
1628,11,2048,0.7949218750,420,1628,2048,0.2050781250,0.7949218750
1629,11,2048,0.7954101562,419,1629,2048,0.2045898438,0.7954101562
1630,11,2048,0.7958984375,418,1630,2048,0.2041015625,0.7958984375
1631,11,2048,0.7963867188,417,1631,2048,0.2036132812,0.7963867188
1632,11,2048,0.7968750000,416,1632,2048,0.2031250000,0.7968750000
1633,11,2048,0.7973632812,415,1633,2048,0.2026367188,0.7973632812
1634,11,2048,0.7978515625,414,1634,2048,0.2021484375,0.7978515625
1635,11,2048,0.7983398438,413,1635,2048,0.2016601562,0.7983398438
1636,11,2048,0.7988281250,412,1636,2048,0.2011718750,0.7988281250
1637,11,2048,0.7993164062,411,1637,2048,0.2006835938,0.7993164062
1638,11,2048,0.7998046875,410,1638,2048,0.2001953125,0.7998046875
1639,11,2048,0.8002929688,409,1639,2048,0.1997070312,0.8002929688
1640,11,2048,0.8007812500,408,1640,2048,0.1992187500,0.8007812500
1641,11,2048,0.8012695312,407,1641,2048,0.1987304688,0.8012695312
1642,11,2048,0.8017578125,406,1642,2048,0.1982421875,0.8017578125
1643,11,2048,0.8022460938,405,1643,2048,0.1977539062,0.8022460938
1644,11,2048,0.8027343750,404,1644,2048,0.1972656250,0.8027343750
1645,11,2048,0.8032226562,403,1645,2048,0.1967773438,0.8032226562
1646,11,2048,0.8037109375,402,1646,2048,0.1962890625,0.8037109375
1647,11,2048,0.8041992188,401,1647,2048,0.1958007812,0.8041992188
1648,11,2048,0.8046875000,400,1648,2048,0.1953125000,0.8046875000
1649,11,2048,0.8051757812,399,1649,2048,0.1948242188,0.8051757812
1650,11,2048,0.8056640625,398,1650,2048,0.1943359375,0.8056640625
1651,11,2048,0.8061523438,397,1651,2048,0.1938476562,0.8061523438
1652,11,2048,0.8066406250,396,1652,2048,0.1933593750,0.8066406250
1653,11,2048,0.8071289062,395,1653,2048,0.1928710938,0.8071289062
1654,11,2048,0.8076171875,394,1654,2048,0.1923828125,0.8076171875
1655,11,2048,0.8081054688,393,1655,2048,0.1918945312,0.8081054688
1656,11,2048,0.8085937500,392,1656,2048,0.1914062500,0.8085937500
1657,11,2048,0.8090820312,391,1657,2048,0.1909179688,0.8090820312
1658,11,2048,0.8095703125,390,1658,2048,0.1904296875,0.8095703125
1659,11,2048,0.8100585938,389,1659,2048,0.1899414062,0.8100585938
1660,11,2048,0.8105468750,388,1660,2048,0.1894531250,0.8105468750
1661,11,2048,0.8110351562,387,1661,2048,0.1889648438,0.8110351562
1662,11,2048,0.8115234375,386,1662,2048,0.1884765625,0.8115234375
1663,11,2048,0.8120117188,385,1663,2048,0.1879882812,0.8120117188
1664,11,2048,0.8125000000,384,1664,2048,0.1875000000,0.8125000000
1665,11,2048,0.8129882812,383,1665,2048,0.1870117188,0.8129882812
1666,11,2048,0.8134765625,382,1666,2048,0.1865234375,0.8134765625
1667,11,2048,0.8139648438,381,1667,2048,0.1860351562,0.8139648438
1668,11,2048,0.8144531250,380,1668,2048,0.1855468750,0.8144531250
1669,11,2048,0.8149414062,379,1669,2048,0.1850585938,0.8149414062
1670,11,2048,0.8154296875,378,1670,2048,0.1845703125,0.8154296875
1671,11,2048,0.8159179688,377,1671,2048,0.1840820312,0.8159179688
1672,11,2048,0.8164062500,376,1672,2048,0.1835937500,0.8164062500
1673,11,2048,0.8168945312,375,1673,2048,0.1831054688,0.8168945312
1674,11,2048,0.8173828125,374,1674,2048,0.1826171875,0.8173828125
1675,11,2048,0.8178710938,373,1675,2048,0.1821289062,0.8178710938
1676,11,2048,0.8183593750,372,1676,2048,0.1816406250,0.8183593750
1677,11,2048,0.8188476562,371,1677,2048,0.1811523438,0.8188476562
1678,11,2048,0.8193359375,370,1678,2048,0.1806640625,0.8193359375
1679,11,2048,0.8198242188,369,1679,2048,0.1801757812,0.8198242188
1680,11,2048,0.8203125000,368,1680,2048,0.1796875000,0.8203125000
1681,11,2048,0.8208007812,367,1681,2048,0.1791992188,0.8208007812
1682,11,2048,0.8212890625,366,1682,2048,0.1787109375,0.8212890625
1683,11,2048,0.8217773438,365,1683,2048,0.1782226562,0.8217773438
1684,11,2048,0.8222656250,364,1684,2048,0.1777343750,0.8222656250
1685,11,2048,0.8227539062,363,1685,2048,0.1772460938,0.8227539062
1686,11,2048,0.8232421875,362,1686,2048,0.1767578125,0.8232421875
1687,11,2048,0.8237304688,361,1687,2048,0.1762695312,0.8237304688
1688,11,2048,0.8242187500,360,1688,2048,0.1757812500,0.8242187500
1689,11,2048,0.8247070312,359,1689,2048,0.1752929688,0.8247070312
1690,11,2048,0.8251953125,358,1690,2048,0.1748046875,0.8251953125
1691,11,2048,0.8256835938,357,1691,2048,0.1743164062,0.8256835938
1692,11,2048,0.8261718750,356,1692,2048,0.1738281250,0.8261718750
1693,11,2048,0.8266601562,355,1693,2048,0.1733398438,0.8266601562
1694,11,2048,0.8271484375,354,1694,2048,0.1728515625,0.8271484375
1695,11,2048,0.8276367188,353,1695,2048,0.1723632812,0.8276367188
1696,11,2048,0.8281250000,352,1696,2048,0.1718750000,0.8281250000
1697,11,2048,0.8286132812,351,1697,2048,0.1713867188,0.8286132812
1698,11,2048,0.8291015625,350,1698,2048,0.1708984375,0.8291015625
1699,11,2048,0.8295898438,349,1699,2048,0.1704101562,0.8295898438
1700,11,2048,0.8300781250,348,1700,2048,0.1699218750,0.8300781250
1701,11,2048,0.8305664062,347,1701,2048,0.1694335938,0.8305664062
1702,11,2048,0.8310546875,346,1702,2048,0.1689453125,0.8310546875
1703,11,2048,0.8315429688,345,1703,2048,0.1684570312,0.8315429688
1704,11,2048,0.8320312500,344,1704,2048,0.1679687500,0.8320312500
1705,11,2048,0.8325195312,343,1705,2048,0.1674804688,0.8325195312
1706,11,2048,0.8330078125,342,1706,2048,0.1669921875,0.8330078125
1707,11,2048,0.8334960938,341,1707,2048,0.1665039062,0.8334960938
1708,11,2048,0.8339843750,340,1708,2048,0.1660156250,0.8339843750
1709,11,2048,0.8344726562,339,1709,2048,0.1655273438,0.8344726562
1710,11,2048,0.8349609375,338,1710,2048,0.1650390625,0.8349609375
1711,11,2048,0.8354492188,337,1711,2048,0.1645507812,0.8354492188
1712,11,2048,0.8359375000,336,1712,2048,0.1640625000,0.8359375000
1713,11,2048,0.8364257812,335,1713,2048,0.1635742188,0.8364257812
1714,11,2048,0.8369140625,334,1714,2048,0.1630859375,0.8369140625
1715,11,2048,0.8374023438,333,1715,2048,0.1625976562,0.8374023438
1716,11,2048,0.8378906250,332,1716,2048,0.1621093750,0.8378906250
1717,11,2048,0.8383789062,331,1717,2048,0.1616210938,0.8383789062
1718,11,2048,0.8388671875,330,1718,2048,0.1611328125,0.8388671875
1719,11,2048,0.8393554688,329,1719,2048,0.1606445312,0.8393554688
1720,11,2048,0.8398437500,328,1720,2048,0.1601562500,0.8398437500
1721,11,2048,0.8403320312,327,1721,2048,0.1596679688,0.8403320312
1722,11,2048,0.8408203125,326,1722,2048,0.1591796875,0.8408203125
1723,11,2048,0.8413085938,325,1723,2048,0.1586914062,0.8413085938
1724,11,2048,0.8417968750,324,1724,2048,0.1582031250,0.8417968750
1725,11,2048,0.8422851562,323,1725,2048,0.1577148438,0.8422851562
1726,11,2048,0.8427734375,322,1726,2048,0.1572265625,0.8427734375
1727,11,2048,0.8432617188,321,1727,2048,0.1567382812,0.8432617188
1728,11,2048,0.8437500000,320,1728,2048,0.1562500000,0.8437500000
1729,11,2048,0.8442382812,319,1729,2048,0.1557617188,0.8442382812
1730,11,2048,0.8447265625,318,1730,2048,0.1552734375,0.8447265625
1731,11,2048,0.8452148438,317,1731,2048,0.1547851562,0.8452148438
1732,11,2048,0.8457031250,316,1732,2048,0.1542968750,0.8457031250
1733,11,2048,0.8461914062,315,1733,2048,0.1538085938,0.8461914062
1734,11,2048,0.8466796875,314,1734,2048,0.1533203125,0.8466796875
1735,11,2048,0.8471679688,313,1735,2048,0.1528320312,0.8471679688
1736,11,2048,0.8476562500,312,1736,2048,0.1523437500,0.8476562500
1737,11,2048,0.8481445312,311,1737,2048,0.1518554688,0.8481445312
1738,11,2048,0.8486328125,310,1738,2048,0.1513671875,0.8486328125
1739,11,2048,0.8491210938,309,1739,2048,0.1508789062,0.8491210938
1740,11,2048,0.8496093750,308,1740,2048,0.1503906250,0.8496093750
1741,11,2048,0.8500976562,307,1741,2048,0.1499023438,0.8500976562
1742,11,2048,0.8505859375,306,1742,2048,0.1494140625,0.8505859375
1743,11,2048,0.8510742188,305,1743,2048,0.1489257812,0.8510742188
1744,11,2048,0.8515625000,304,1744,2048,0.1484375000,0.8515625000
1745,11,2048,0.8520507812,303,1745,2048,0.1479492188,0.8520507812
1746,11,2048,0.8525390625,302,1746,2048,0.1474609375,0.8525390625
1747,11,2048,0.8530273438,301,1747,2048,0.1469726562,0.8530273438
1748,11,2048,0.8535156250,300,1748,2048,0.1464843750,0.8535156250
1749,11,2048,0.8540039062,299,1749,2048,0.1459960938,0.8540039062
1750,11,2048,0.8544921875,298,1750,2048,0.1455078125,0.8544921875
1751,11,2048,0.8549804688,297,1751,2048,0.1450195312,0.8549804688
1752,11,2048,0.8554687500,296,1752,2048,0.1445312500,0.8554687500
1753,11,2048,0.8559570312,295,1753,2048,0.1440429688,0.8559570312
1754,11,2048,0.8564453125,294,1754,2048,0.1435546875,0.8564453125
1755,11,2048,0.8569335938,293,1755,2048,0.1430664062,0.8569335938
1756,11,2048,0.8574218750,292,1756,2048,0.1425781250,0.8574218750
1757,11,2048,0.8579101562,291,1757,2048,0.1420898438,0.8579101562
1758,11,2048,0.8583984375,290,1758,2048,0.1416015625,0.8583984375
1759,11,2048,0.8588867188,289,1759,2048,0.1411132812,0.8588867188
1760,11,2048,0.8593750000,288,1760,2048,0.1406250000,0.8593750000
1761,11,2048,0.8598632812,287,1761,2048,0.1401367188,0.8598632812
1762,11,2048,0.8603515625,286,1762,2048,0.1396484375,0.8603515625
1763,11,2048,0.8608398438,285,1763,2048,0.1391601562,0.8608398438
1764,11,2048,0.8613281250,284,1764,2048,0.1386718750,0.8613281250
1765,11,2048,0.8618164062,283,1765,2048,0.1381835938,0.8618164062
1766,11,2048,0.8623046875,282,1766,2048,0.1376953125,0.8623046875
1767,11,2048,0.8627929688,281,1767,2048,0.1372070312,0.8627929688
1768,11,2048,0.8632812500,280,1768,2048,0.1367187500,0.8632812500
1769,11,2048,0.8637695312,279,1769,2048,0.1362304688,0.8637695312
1770,11,2048,0.8642578125,278,1770,2048,0.1357421875,0.8642578125
1771,11,2048,0.8647460938,277,1771,2048,0.1352539062,0.8647460938
1772,11,2048,0.8652343750,276,1772,2048,0.1347656250,0.8652343750
1773,11,2048,0.8657226562,275,1773,2048,0.1342773438,0.8657226562
1774,11,2048,0.8662109375,274,1774,2048,0.1337890625,0.8662109375
1775,11,2048,0.8666992188,273,1775,2048,0.1333007812,0.8666992188
1776,11,2048,0.8671875000,272,1776,2048,0.1328125000,0.8671875000
1777,11,2048,0.8676757812,271,1777,2048,0.1323242188,0.8676757812
1778,11,2048,0.8681640625,270,1778,2048,0.1318359375,0.8681640625
1779,11,2048,0.8686523438,269,1779,2048,0.1313476562,0.8686523438
1780,11,2048,0.8691406250,268,1780,2048,0.1308593750,0.8691406250
1781,11,2048,0.8696289062,267,1781,2048,0.1303710938,0.8696289062
1782,11,2048,0.8701171875,266,1782,2048,0.1298828125,0.8701171875
1783,11,2048,0.8706054688,265,1783,2048,0.1293945312,0.8706054688
1784,11,2048,0.8710937500,264,1784,2048,0.1289062500,0.8710937500
1785,11,2048,0.8715820312,263,1785,2048,0.1284179688,0.8715820312
1786,11,2048,0.8720703125,262,1786,2048,0.1279296875,0.8720703125
1787,11,2048,0.8725585938,261,1787,2048,0.1274414062,0.8725585938
1788,11,2048,0.8730468750,260,1788,2048,0.1269531250,0.8730468750
1789,11,2048,0.8735351562,259,1789,2048,0.1264648438,0.8735351562
1790,11,2048,0.8740234375,258,1790,2048,0.1259765625,0.8740234375
1791,11,2048,0.8745117188,257,1791,2048,0.1254882812,0.8745117188
1792,11,2048,0.8750000000,256,1792,2048,0.1250000000,0.8750000000
1793,11,2048,0.8754882812,255,1793,2048,0.1245117188,0.8754882812
1794,11,2048,0.8759765625,254,1794,2048,0.1240234375,0.8759765625
1795,11,2048,0.8764648438,253,1795,2048,0.1235351562,0.8764648438
1796,11,2048,0.8769531250,252,1796,2048,0.1230468750,0.8769531250
1797,11,2048,0.8774414062,251,1797,2048,0.1225585938,0.8774414062
1798,11,2048,0.8779296875,250,1798,2048,0.1220703125,0.8779296875
1799,11,2048,0.8784179688,249,1799,2048,0.1215820312,0.8784179688
1800,11,2048,0.8789062500,248,1800,2048,0.1210937500,0.8789062500
1801,11,2048,0.8793945312,247,1801,2048,0.1206054688,0.8793945312
1802,11,2048,0.8798828125,246,1802,2048,0.1201171875,0.8798828125
1803,11,2048,0.8803710938,245,1803,2048,0.1196289062,0.8803710938
1804,11,2048,0.8808593750,244,1804,2048,0.1191406250,0.8808593750
1805,11,2048,0.8813476562,243,1805,2048,0.1186523438,0.8813476562
1806,11,2048,0.8818359375,242,1806,2048,0.1181640625,0.8818359375
1807,11,2048,0.8823242188,241,1807,2048,0.1176757812,0.8823242188
1808,11,2048,0.8828125000,240,1808,2048,0.1171875000,0.8828125000
1809,11,2048,0.8833007812,239,1809,2048,0.1166992188,0.8833007812
1810,11,2048,0.8837890625,238,1810,2048,0.1162109375,0.8837890625
1811,11,2048,0.8842773438,237,1811,2048,0.1157226562,0.8842773438
1812,11,2048,0.8847656250,236,1812,2048,0.1152343750,0.8847656250
1813,11,2048,0.8852539062,235,1813,2048,0.1147460938,0.8852539062
1814,11,2048,0.8857421875,234,1814,2048,0.1142578125,0.8857421875
1815,11,2048,0.8862304688,233,1815,2048,0.1137695312,0.8862304688
1816,11,2048,0.8867187500,232,1816,2048,0.1132812500,0.8867187500
1817,11,2048,0.8872070312,231,1817,2048,0.1127929688,0.8872070312
1818,11,2048,0.8876953125,230,1818,2048,0.1123046875,0.8876953125
1819,11,2048,0.8881835938,229,1819,2048,0.1118164062,0.8881835938
1820,11,2048,0.8886718750,228,1820,2048,0.1113281250,0.8886718750
1821,11,2048,0.8891601562,227,1821,2048,0.1108398438,0.8891601562
1822,11,2048,0.8896484375,226,1822,2048,0.1103515625,0.8896484375
1823,11,2048,0.8901367188,225,1823,2048,0.1098632812,0.8901367188
1824,11,2048,0.8906250000,224,1824,2048,0.1093750000,0.8906250000
1825,11,2048,0.8911132812,223,1825,2048,0.1088867188,0.8911132812
1826,11,2048,0.8916015625,222,1826,2048,0.1083984375,0.8916015625
1827,11,2048,0.8920898438,221,1827,2048,0.1079101562,0.8920898438
1828,11,2048,0.8925781250,220,1828,2048,0.1074218750,0.8925781250
1829,11,2048,0.8930664062,219,1829,2048,0.1069335938,0.8930664062
1830,11,2048,0.8935546875,218,1830,2048,0.1064453125,0.8935546875
1831,11,2048,0.8940429688,217,1831,2048,0.1059570312,0.8940429688
1832,11,2048,0.8945312500,216,1832,2048,0.1054687500,0.8945312500
1833,11,2048,0.8950195312,215,1833,2048,0.1049804688,0.8950195312
1834,11,2048,0.8955078125,214,1834,2048,0.1044921875,0.8955078125
1835,11,2048,0.8959960938,213,1835,2048,0.1040039062,0.8959960938
1836,11,2048,0.8964843750,212,1836,2048,0.1035156250,0.8964843750
1837,11,2048,0.8969726562,211,1837,2048,0.1030273438,0.8969726562
1838,11,2048,0.8974609375,210,1838,2048,0.1025390625,0.8974609375
1839,11,2048,0.8979492188,209,1839,2048,0.1020507812,0.8979492188
1840,11,2048,0.8984375000,208,1840,2048,0.1015625000,0.8984375000
1841,11,2048,0.8989257812,207,1841,2048,0.1010742188,0.8989257812
1842,11,2048,0.8994140625,206,1842,2048,0.1005859375,0.8994140625
1843,11,2048,0.8999023438,205,1843,2048,0.1000976562,0.8999023438
1844,11,2048,0.9003906250,204,1844,2048,0.0996093750,0.9003906250
1845,11,2048,0.9008789062,203,1845,2048,0.0991210938,0.9008789062
1846,11,2048,0.9013671875,202,1846,2048,0.0986328125,0.9013671875
1847,11,2048,0.9018554688,201,1847,2048,0.0981445312,0.9018554688
1848,11,2048,0.9023437500,200,1848,2048,0.0976562500,0.9023437500
1849,11,2048,0.9028320312,199,1849,2048,0.0971679688,0.9028320312
1850,11,2048,0.9033203125,198,1850,2048,0.0966796875,0.9033203125
1851,11,2048,0.9038085938,197,1851,2048,0.0961914062,0.9038085938
1852,11,2048,0.9042968750,196,1852,2048,0.0957031250,0.9042968750
1853,11,2048,0.9047851562,195,1853,2048,0.0952148438,0.9047851562
1854,11,2048,0.9052734375,194,1854,2048,0.0947265625,0.9052734375
1855,11,2048,0.9057617188,193,1855,2048,0.0942382812,0.9057617188
1856,11,2048,0.9062500000,192,1856,2048,0.0937500000,0.9062500000
1857,11,2048,0.9067382812,191,1857,2048,0.0932617188,0.9067382812
1858,11,2048,0.9072265625,190,1858,2048,0.0927734375,0.9072265625
1859,11,2048,0.9077148438,189,1859,2048,0.0922851562,0.9077148438
1860,11,2048,0.9082031250,188,1860,2048,0.0917968750,0.9082031250
1861,11,2048,0.9086914062,187,1861,2048,0.0913085938,0.9086914062
1862,11,2048,0.9091796875,186,1862,2048,0.0908203125,0.9091796875
1863,11,2048,0.9096679688,185,1863,2048,0.0903320312,0.9096679688
1864,11,2048,0.9101562500,184,1864,2048,0.0898437500,0.9101562500
1865,11,2048,0.9106445312,183,1865,2048,0.0893554688,0.9106445312
1866,11,2048,0.9111328125,182,1866,2048,0.0888671875,0.9111328125
1867,11,2048,0.9116210938,181,1867,2048,0.0883789062,0.9116210938
1868,11,2048,0.9121093750,180,1868,2048,0.0878906250,0.9121093750
1869,11,2048,0.9125976562,179,1869,2048,0.0874023438,0.9125976562
1870,11,2048,0.9130859375,178,1870,2048,0.0869140625,0.9130859375
1871,11,2048,0.9135742188,177,1871,2048,0.0864257812,0.9135742188
1872,11,2048,0.9140625000,176,1872,2048,0.0859375000,0.9140625000
1873,11,2048,0.9145507812,175,1873,2048,0.0854492188,0.9145507812
1874,11,2048,0.9150390625,174,1874,2048,0.0849609375,0.9150390625
1875,11,2048,0.9155273438,173,1875,2048,0.0844726562,0.9155273438
1876,11,2048,0.9160156250,172,1876,2048,0.0839843750,0.9160156250
1877,11,2048,0.9165039062,171,1877,2048,0.0834960938,0.9165039062
1878,11,2048,0.9169921875,170,1878,2048,0.0830078125,0.9169921875
1879,11,2048,0.9174804688,169,1879,2048,0.0825195312,0.9174804688
1880,11,2048,0.9179687500,168,1880,2048,0.0820312500,0.9179687500
1881,11,2048,0.9184570312,167,1881,2048,0.0815429688,0.9184570312
1882,11,2048,0.9189453125,166,1882,2048,0.0810546875,0.9189453125
1883,11,2048,0.9194335938,165,1883,2048,0.0805664062,0.9194335938
1884,11,2048,0.9199218750,164,1884,2048,0.0800781250,0.9199218750
1885,11,2048,0.9204101562,163,1885,2048,0.0795898438,0.9204101562
1886,11,2048,0.9208984375,162,1886,2048,0.0791015625,0.9208984375
1887,11,2048,0.9213867188,161,1887,2048,0.0786132812,0.9213867188
1888,11,2048,0.9218750000,160,1888,2048,0.0781250000,0.9218750000
1889,11,2048,0.9223632812,159,1889,2048,0.0776367188,0.9223632812
1890,11,2048,0.9228515625,158,1890,2048,0.0771484375,0.9228515625
1891,11,2048,0.9233398438,157,1891,2048,0.0766601562,0.9233398438
1892,11,2048,0.9238281250,156,1892,2048,0.0761718750,0.9238281250
1893,11,2048,0.9243164062,155,1893,2048,0.0756835938,0.9243164062
1894,11,2048,0.9248046875,154,1894,2048,0.0751953125,0.9248046875
1895,11,2048,0.9252929688,153,1895,2048,0.0747070312,0.9252929688
1896,11,2048,0.9257812500,152,1896,2048,0.0742187500,0.9257812500
1897,11,2048,0.9262695312,151,1897,2048,0.0737304688,0.9262695312
1898,11,2048,0.9267578125,150,1898,2048,0.0732421875,0.9267578125
1899,11,2048,0.9272460938,149,1899,2048,0.0727539062,0.9272460938
1900,11,2048,0.9277343750,148,1900,2048,0.0722656250,0.9277343750
1901,11,2048,0.9282226562,147,1901,2048,0.0717773438,0.9282226562
1902,11,2048,0.9287109375,146,1902,2048,0.0712890625,0.9287109375
1903,11,2048,0.9291992188,145,1903,2048,0.0708007812,0.9291992188
1904,11,2048,0.9296875000,144,1904,2048,0.0703125000,0.9296875000
1905,11,2048,0.9301757812,143,1905,2048,0.0698242188,0.9301757812
1906,11,2048,0.9306640625,142,1906,2048,0.0693359375,0.9306640625
1907,11,2048,0.9311523438,141,1907,2048,0.0688476562,0.9311523438
1908,11,2048,0.9316406250,140,1908,2048,0.0683593750,0.9316406250
1909,11,2048,0.9321289062,139,1909,2048,0.0678710938,0.9321289062
1910,11,2048,0.9326171875,138,1910,2048,0.0673828125,0.9326171875
1911,11,2048,0.9331054688,137,1911,2048,0.0668945312,0.9331054688
1912,11,2048,0.9335937500,136,1912,2048,0.0664062500,0.9335937500
1913,11,2048,0.9340820312,135,1913,2048,0.0659179688,0.9340820312
1914,11,2048,0.9345703125,134,1914,2048,0.0654296875,0.9345703125
1915,11,2048,0.9350585938,133,1915,2048,0.0649414062,0.9350585938
1916,11,2048,0.9355468750,132,1916,2048,0.0644531250,0.9355468750
1917,11,2048,0.9360351562,131,1917,2048,0.0639648438,0.9360351562
1918,11,2048,0.9365234375,130,1918,2048,0.0634765625,0.9365234375
1919,11,2048,0.9370117188,129,1919,2048,0.0629882812,0.9370117188
1920,11,2048,0.9375000000,128,1920,2048,0.0625000000,0.9375000000
1921,11,2048,0.9379882812,127,1921,2048,0.0620117188,0.9379882812
1922,11,2048,0.9384765625,126,1922,2048,0.0615234375,0.9384765625
1923,11,2048,0.9389648438,125,1923,2048,0.0610351562,0.9389648438
1924,11,2048,0.9394531250,124,1924,2048,0.0605468750,0.9394531250
1925,11,2048,0.9399414062,123,1925,2048,0.0600585938,0.9399414062
1926,11,2048,0.9404296875,122,1926,2048,0.0595703125,0.9404296875
1927,11,2048,0.9409179688,121,1927,2048,0.0590820312,0.9409179688
1928,11,2048,0.9414062500,120,1928,2048,0.0585937500,0.9414062500
1929,11,2048,0.9418945312,119,1929,2048,0.0581054688,0.9418945312
1930,11,2048,0.9423828125,118,1930,2048,0.0576171875,0.9423828125
1931,11,2048,0.9428710938,117,1931,2048,0.0571289062,0.9428710938
1932,11,2048,0.9433593750,116,1932,2048,0.0566406250,0.9433593750
1933,11,2048,0.9438476562,115,1933,2048,0.0561523438,0.9438476562
1934,11,2048,0.9443359375,114,1934,2048,0.0556640625,0.9443359375
1935,11,2048,0.9448242188,113,1935,2048,0.0551757812,0.9448242188
1936,11,2048,0.9453125000,112,1936,2048,0.0546875000,0.9453125000
1937,11,2048,0.9458007812,111,1937,2048,0.0541992188,0.9458007812
1938,11,2048,0.9462890625,110,1938,2048,0.0537109375,0.9462890625
1939,11,2048,0.9467773438,109,1939,2048,0.0532226562,0.9467773438
1940,11,2048,0.9472656250,108,1940,2048,0.0527343750,0.9472656250
1941,11,2048,0.9477539062,107,1941,2048,0.0522460938,0.9477539062
1942,11,2048,0.9482421875,106,1942,2048,0.0517578125,0.9482421875
1943,11,2048,0.9487304688,105,1943,2048,0.0512695312,0.9487304688
1944,11,2048,0.9492187500,104,1944,2048,0.0507812500,0.9492187500
1945,11,2048,0.9497070312,103,1945,2048,0.0502929688,0.9497070312
1946,11,2048,0.9501953125,102,1946,2048,0.0498046875,0.9501953125
1947,11,2048,0.9506835938,101,1947,2048,0.0493164062,0.9506835938
1948,11,2048,0.9511718750,100,1948,2048,0.0488281250,0.9511718750
1949,11,2048,0.9516601562,99,1949,2048,0.0483398438,0.9516601562
1950,11,2048,0.9521484375,98,1950,2048,0.0478515625,0.9521484375
1951,11,2048,0.9526367188,97,1951,2048,0.0473632812,0.9526367188
1952,11,2048,0.9531250000,96,1952,2048,0.0468750000,0.9531250000
1953,11,2048,0.9536132812,95,1953,2048,0.0463867188,0.9536132812
1954,11,2048,0.9541015625,94,1954,2048,0.0458984375,0.9541015625
1955,11,2048,0.9545898438,93,1955,2048,0.0454101562,0.9545898438
1956,11,2048,0.9550781250,92,1956,2048,0.0449218750,0.9550781250
1957,11,2048,0.9555664062,91,1957,2048,0.0444335938,0.9555664062
1958,11,2048,0.9560546875,90,1958,2048,0.0439453125,0.9560546875
1959,11,2048,0.9565429688,89,1959,2048,0.0434570312,0.9565429688
1960,11,2048,0.9570312500,88,1960,2048,0.0429687500,0.9570312500
1961,11,2048,0.9575195312,87,1961,2048,0.0424804688,0.9575195312
1962,11,2048,0.9580078125,86,1962,2048,0.0419921875,0.9580078125
1963,11,2048,0.9584960938,85,1963,2048,0.0415039062,0.9584960938
1964,11,2048,0.9589843750,84,1964,2048,0.0410156250,0.9589843750
1965,11,2048,0.9594726562,83,1965,2048,0.0405273438,0.9594726562
1966,11,2048,0.9599609375,82,1966,2048,0.0400390625,0.9599609375
1967,11,2048,0.9604492188,81,1967,2048,0.0395507812,0.9604492188
1968,11,2048,0.9609375000,80,1968,2048,0.0390625000,0.9609375000
1969,11,2048,0.9614257812,79,1969,2048,0.0385742188,0.9614257812
1970,11,2048,0.9619140625,78,1970,2048,0.0380859375,0.9619140625
1971,11,2048,0.9624023438,77,1971,2048,0.0375976562,0.9624023438
1972,11,2048,0.9628906250,76,1972,2048,0.0371093750,0.9628906250
1973,11,2048,0.9633789062,75,1973,2048,0.0366210938,0.9633789062
1974,11,2048,0.9638671875,74,1974,2048,0.0361328125,0.9638671875
1975,11,2048,0.9643554688,73,1975,2048,0.0356445312,0.9643554688
1976,11,2048,0.9648437500,72,1976,2048,0.0351562500,0.9648437500
1977,11,2048,0.9653320312,71,1977,2048,0.0346679688,0.9653320312
1978,11,2048,0.9658203125,70,1978,2048,0.0341796875,0.9658203125
1979,11,2048,0.9663085938,69,1979,2048,0.0336914062,0.9663085938
1980,11,2048,0.9667968750,68,1980,2048,0.0332031250,0.9667968750
1981,11,2048,0.9672851562,67,1981,2048,0.0327148438,0.9672851562
1982,11,2048,0.9677734375,66,1982,2048,0.0322265625,0.9677734375
1983,11,2048,0.9682617188,65,1983,2048,0.0317382812,0.9682617188
1984,11,2048,0.9687500000,64,1984,2048,0.0312500000,0.9687500000
1985,11,2048,0.9692382812,63,1985,2048,0.0307617188,0.9692382812
1986,11,2048,0.9697265625,62,1986,2048,0.0302734375,0.9697265625
1987,11,2048,0.9702148438,61,1987,2048,0.0297851562,0.9702148438
1988,11,2048,0.9707031250,60,1988,2048,0.0292968750,0.9707031250
1989,11,2048,0.9711914062,59,1989,2048,0.0288085938,0.9711914062
1990,11,2048,0.9716796875,58,1990,2048,0.0283203125,0.9716796875
1991,11,2048,0.9721679688,57,1991,2048,0.0278320312,0.9721679688
1992,11,2048,0.9726562500,56,1992,2048,0.0273437500,0.9726562500
1993,11,2048,0.9731445312,55,1993,2048,0.0268554688,0.9731445312
1994,11,2048,0.9736328125,54,1994,2048,0.0263671875,0.9736328125
1995,11,2048,0.9741210938,53,1995,2048,0.0258789062,0.9741210938
1996,11,2048,0.9746093750,52,1996,2048,0.0253906250,0.9746093750
1997,11,2048,0.9750976562,51,1997,2048,0.0249023438,0.9750976562
1998,11,2048,0.9755859375,50,1998,2048,0.0244140625,0.9755859375
1999,11,2048,0.9760742188,49,1999,2048,0.0239257812,0.9760742188
2000,11,2048,0.9765625000,48,2000,2048,0.0234375000,0.9765625000
2001,11,2048,0.9770507812,47,2001,2048,0.0229492188,0.9770507812
2002,11,2048,0.9775390625,46,2002,2048,0.0224609375,0.9775390625
2003,11,2048,0.9780273438,45,2003,2048,0.0219726562,0.9780273438
2004,11,2048,0.9785156250,44,2004,2048,0.0214843750,0.9785156250
2005,11,2048,0.9790039062,43,2005,2048,0.0209960938,0.9790039062
2006,11,2048,0.9794921875,42,2006,2048,0.0205078125,0.9794921875
2007,11,2048,0.9799804688,41,2007,2048,0.0200195312,0.9799804688
2008,11,2048,0.9804687500,40,2008,2048,0.0195312500,0.9804687500
2009,11,2048,0.9809570312,39,2009,2048,0.0190429688,0.9809570312
2010,11,2048,0.9814453125,38,2010,2048,0.0185546875,0.9814453125
2011,11,2048,0.9819335938,37,2011,2048,0.0180664062,0.9819335938
2012,11,2048,0.9824218750,36,2012,2048,0.0175781250,0.9824218750
2013,11,2048,0.9829101562,35,2013,2048,0.0170898438,0.9829101562
2014,11,2048,0.9833984375,34,2014,2048,0.0166015625,0.9833984375
2015,11,2048,0.9838867188,33,2015,2048,0.0161132812,0.9838867188
2016,11,2048,0.9843750000,32,2016,2048,0.0156250000,0.9843750000
2017,11,2048,0.9848632812,31,2017,2048,0.0151367188,0.9848632812
2018,11,2048,0.9853515625,30,2018,2048,0.0146484375,0.9853515625
2019,11,2048,0.9858398438,29,2019,2048,0.0141601562,0.9858398438
2020,11,2048,0.9863281250,28,2020,2048,0.0136718750,0.9863281250
2021,11,2048,0.9868164062,27,2021,2048,0.0131835938,0.9868164062
2022,11,2048,0.9873046875,26,2022,2048,0.0126953125,0.9873046875
2023,11,2048,0.9877929688,25,2023,2048,0.0122070312,0.9877929688
2024,11,2048,0.9882812500,24,2024,2048,0.0117187500,0.9882812500
2025,11,2048,0.9887695312,23,2025,2048,0.0112304688,0.9887695312
2026,11,2048,0.9892578125,22,2026,2048,0.0107421875,0.9892578125
2027,11,2048,0.9897460938,21,2027,2048,0.0102539062,0.9897460938
2028,11,2048,0.9902343750,20,2028,2048,0.0097656250,0.9902343750
2029,11,2048,0.9907226562,19,2029,2048,0.0092773438,0.9907226562
2030,11,2048,0.9912109375,18,2030,2048,0.0087890625,0.9912109375
2031,11,2048,0.9916992188,17,2031,2048,0.0083007812,0.9916992188
2032,11,2048,0.9921875000,16,2032,2048,0.0078125000,0.9921875000
2033,11,2048,0.9926757812,15,2033,2048,0.0073242188,0.9926757812
2034,11,2048,0.9931640625,14,2034,2048,0.0068359375,0.9931640625
2035,11,2048,0.9936523438,13,2035,2048,0.0063476562,0.9936523438
2036,11,2048,0.9941406250,12,2036,2048,0.0058593750,0.9941406250
2037,11,2048,0.9946289062,11,2037,2048,0.0053710938,0.9946289062
2038,11,2048,0.9951171875,10,2038,2048,0.0048828125,0.9951171875
2039,11,2048,0.9956054688,9,2039,2048,0.0043945312,0.9956054688
2040,11,2048,0.9960937500,8,2040,2048,0.0039062500,0.9960937500
2041,11,2048,0.9965820312,7,2041,2048,0.0034179688,0.9965820312
2042,11,2048,0.9970703125,6,2042,2048,0.0029296875,0.9970703125
2043,11,2048,0.9975585938,5,2043,2048,0.0024414062,0.9975585938
2044,11,2048,0.9980468750,4,2044,2048,0.0019531250,0.9980468750
2045,11,2048,0.9985351562,3,2045,2048,0.0014648438,0.9985351562
2046,11,2048,0.9990234375,2,2046,2048,0.0009765625,0.9990234375
2047,11,2048,0.9995117188,1,2047,2048,0.0004882812,0.9995117188
2048,11,2048,1.0000000000,0,2048,2048,0.0000000000,1.0000000000
