pattern_id,language,layout,psm,requested_ratio,method,effective_ratio_x,effective_ratio_y,integer_bin_factor,source_path,source_sha256,output_path,output_sha256,font_path,font_index,font_size,target_output_glyph_height,target_source_glyph_height,source_max_glyph_height,source_height_error,output_max_glyph_height,glyph_height_warning,reference,prediction,normalized_reference,normalized_prediction,edit_distance,reference_chars,cer,status,error,source_pixel_sha256,output_pixel_sha256,ocr_stdout_sha256
en_char_a,en,single_char,10,1.0,opencv_bilinear,1.0,1.0,,canonical/en_char_a/r_1p000000.png,e58465851fc164cb054581da786eaf93f3507f8ee98cd7515144196b2280405a,resized/opencv_bilinear/en_char_a/r_1p000000.png,ce251f8375496e6842dac32071eac5d2a7b98150e8e050a988cd343a03ffad9a,fonts/Consolas-Regular.ttf,0,25,16,16.0,16,0.0,16,False,A,"A
",A,A,0,1,0.0,ok,,b2d9398ce99c1410a3c10bcd96301a7744074e95264d22b43cca5be6bb4d0c0a,b2d9398ce99c1410a3c10bcd96301a7744074e95264d22b43cca5be6bb4d0c0a,06f961b802bc46ee168555f066d28f4f0e9afdf3f88174c1ee6f9de004fc30a0
en_char_a,en,single_char,10,1.133333333333,opencv_bilinear,1.125,1.125,,canonical/en_char_a/r_1p133333.png,35995b438e71bdd89de0149abf869aed54c7e9ffa3035969d2304d8f43edd48c,resized/opencv_bilinear/en_char_a/r_1p133333.png,073f46e86aeafe9de8ecaeeb0b921c3028c9152090d5c736121dc4f98a88a584,fonts/Consolas-Regular.ttf,0,28,16,18.133333333328,18,-0.13333333332800024,16,False,A,"A
",A,A,0,1,0.0,ok,,8168b5bb14add10b5c55854c8f42e7e4fcf2b93dd39808dca4fe97bd36452009,b047b4253a00d072d673c5da455508d7d442d5164dbb5d70de08bc87293e6dc8,06f961b802bc46ee168555f066d28f4f0e9afdf3f88174c1ee6f9de004fc30a0
en_char_a,en,single_char,10,1.266666666667,opencv_bilinear,1.2765957446808511,1.2765957446808511,,canonical/en_char_a/r_1p266667.png,d92067b5980908c01a9c6399ba06ec7fac670d171709835655f5b54c996577cf,resized/opencv_bilinear/en_char_a/r_1p266667.png,dd8c2c10f3a0a4092ed3c5eb5266d6eeb8b860c8b90a598f13950cbf85582e39,fonts/Consolas-Regular.ttf,0,31,16,20.266666666672,20,-0.26666666667199834,17,False,A,"A
",A,A,0,1,0.0,ok,,9722be2ba101706a02be581020ad0ba4ab74f7a4ceeb0bb719fb7c64c976a0f1,36259f30ffe32b9e438acb1a14108c6a4bf89aa11403684023a9aa544cbca328,06f961b802bc46ee168555f066d28f4f0e9afdf3f88174c1ee6f9de004fc30a0
en_char_a,en,single_char,10,1.4,opencv_bilinear,1.4042553191489362,1.4042553191489362,,canonical/en_char_a/r_1p400000.png,0c27f820ca2560e8b1e428b7fe45c538907359bc593bc427189e972dacd1934b,resized/opencv_bilinear/en_char_a/r_1p400000.png,efb623965c7be4f94d341e11c656c0e62eb47fe933bcd01d52c749d2f0207183,fonts/Consolas-Regular.ttf,0,34,16,22.4,22,-0.3999999999999986,17,False,A,"A
",A,A,0,1,0.0,ok,,a84d39afccb1833355f1e243793acede0ed0a79abb00e3ec5b1f9dddc39a46ad,67f92ff0c9e6f38d782ff68f38aeba1f934e3bb61f903ac7761366d3954ab7a0,06f961b802bc46ee168555f066d28f4f0e9afdf3f88174c1ee6f9de004fc30a0
en_char_a,en,single_char,10,1.533333333333,opencv_bilinear,1.5294117647058822,1.5294117647058822,,canonical/en_char_a/r_1p533333.png,1f3a2945f2087b97fb38078fa40191b031c0d8900ebbe24b20e478c166c7879a,resized/opencv_bilinear/en_char_a/r_1p533333.png,07de435f0b7e70a85ee2b1d554957f7adbc0d066aebf6c228381f2731e826a11,fonts/Consolas-Regular.ttf,0,39,16,24.533333333328,25,0.4666666666720012,17,False,A,"A
",A,A,0,1,0.0,ok,,808948e2605f58ab11b9e3933cdab6ea0e0667420e43559eaaaf8fe50a3c4edf,632202ab256c964f3522c95ff924da8eeb5d8f6138e8b2f8863232f588970514,06f961b802bc46ee168555f066d28f4f0e9afdf3f88174c1ee6f9de004fc30a0
en_char_a,en,single_char,10,1.666666666667,opencv_bilinear,1.68,1.68,,canonical/en_char_a/r_1p666667.png,d756406bfd3c003144817d5939b828d4b4c2035388c5eba597672ea095e84e5c,resized/opencv_bilinear/en_char_a/r_1p666667.png,b01ea9d807e1722b77c1402cf8c0d05bc87e610cf16f8614d01336110d972d0c,fonts/Consolas-Regular.ttf,0,42,16,26.666666666672,27,0.3333333333279995,17,False,A,"A
",A,A,0,1,0.0,ok,,551551a5f9cb656e7ae4e6e46606900636145c0d499ba02858be4bb93ad53e30,2989a2e75b969baac762c2b46a3adc2e15eae87cb2820fefff8c9f56b891b354,06f961b802bc46ee168555f066d28f4f0e9afdf3f88174c1ee6f9de004fc30a0
en_char_a,en,single_char,10,1.8,opencv_bilinear,1.8,1.8,,canonical/en_char_a/r_1p800000.png,7e58b0ab3ee8c83ee84c11bc6aa3b1740c1c3dcedaa24c03b4d3711b84130ad0,resized/opencv_bilinear/en_char_a/r_1p800000.png,75e8e480bad274d3a522cfc7a6fd7c68c6562b89a10794db4e6539c3c4acf7a2,fonts/Consolas-Regular.ttf,0,45,16,28.8,29,0.1999999999999993,17,False,A,"A
",A,A,0,1,0.0,ok,,9bfd3123facbf6556bf442766785bddf40179793b05fada00b9cf495a1e695f6,3d0968757611f99b54de813184c9b35aa9c22625d311bc95206b7b4d0a19e2b9,06f961b802bc46ee168555f066d28f4f0e9afdf3f88174c1ee6f9de004fc30a0
en_char_a,en,single_char,10,1.933333333333,opencv_bilinear,1.92,1.92,,canonical/en_char_a/r_1p933333.png,b234bf31af1d6f6a7276cf9c9ab1e9b5a25561f1b51c3b55b17d1406992232cc,resized/opencv_bilinear/en_char_a/r_1p933333.png,0f6c47ab7140ad84b1ab76138fb3c746822352cec8c44b86f757a4406fb49850,fonts/Consolas-Regular.ttf,0,48,16,30.933333333328,31,0.06666666667199905,17,False,A,"A
",A,A,0,1,0.0,ok,,cfaf56e0b984236a767235feb10a3b0e2e57575a86993577fd1a20314b6fffdb,b9d67fb0e537f5b8cdfa1c710ee29ca215421ce7bfc72e656dd91da029616e1b,06f961b802bc46ee168555f066d28f4f0e9afdf3f88174c1ee6f9de004fc30a0
en_char_a,en,single_char,10,2.066666666667,opencv_bilinear,2.0816326530612246,2.0816326530612246,,canonical/en_char_a/r_2p066667.png,1bbfd4265efa9944ad1e3ae544f1e4a677caaa024758b77ce713c818e53f4b92,resized/opencv_bilinear/en_char_a/r_2p066667.png,3f544a094e0e476576fc72f03f2065aaf60a8d7e62f9cd684e6f5cc0310dafb9,fonts/Consolas-Regular.ttf,0,51,16,33.066666666672,33,-0.06666666667199905,16,False,A,"A
",A,A,0,1,0.0,ok,,779879b668eb8314735c36041d350ed687c2c6b741da2a4eeaa3413903700c8b,6c0328d9fdb2d9af291d4a44b1698a6afa94fdc3fdc0ccda629701e45267dea3,06f961b802bc46ee168555f066d28f4f0e9afdf3f88174c1ee6f9de004fc30a0
en_char_a,en,single_char,10,2.2,opencv_bilinear,2.204081632653061,2.204081632653061,,canonical/en_char_a/r_2p200000.png,1e7325d1d42b7f091f7e59930e0dd96615007b96fa9c34e5aedcb4becca6da0d,resized/opencv_bilinear/en_char_a/r_2p200000.png,ad47fd4236608a22e3abfbcfd713d6d3dea68a15415057a6da0565d796ff1c31,fonts/Consolas-Regular.ttf,0,55,16,35.2,35,-0.20000000000000284,16,False,A,"A
",A,A,0,1,0.0,ok,,78ed82a29056cbb4d6477ed35ff7312be940595bf6ae9123706c2db731cf3ab9,9eb90f486dc1f63dedf9057b803011f455d993d141dc202eccd288e47422fa86,06f961b802bc46ee168555f066d28f4f0e9afdf3f88174c1ee6f9de004fc30a0
en_char_a,en,single_char,10,2.333333333333,opencv_bilinear,2.326530612244898,2.326530612244898,,canonical/en_char_a/r_2p333333.png,0747b9eb3174f4643cf397d36ab7fcb3833f35beb7aaf92e7f5b1c59818c5f81,resized/opencv_bilinear/en_char_a/r_2p333333.png,16b8bd1d89dd71b15165ea575b7d02d648b74a563a2a36925f24894bfd417e55,fonts/Consolas-Regular.ttf,0,58,16,37.333333333328,37,-0.3333333333279995,16,False,A,"A
",A,A,0,1,0.0,ok,,a4c00a77e73e42eeba5310beac8dcfec866136396020c2d48f00cd8ed6eeff0f,baa564cdb4c5ed847e3b00a4779aa266dea33743694aa5bdef87244d2017d71b,06f961b802bc46ee168555f066d28f4f0e9afdf3f88174c1ee6f9de004fc30a0
en_char_a,en,single_char,10,2.466666666667,opencv_bilinear,2.4489795918367347,2.4489795918367347,,canonical/en_char_a/r_2p466667.png,f893b9dcf405e8eabc920acdca2827e0923772903f5023b5fad8a0b93c920d97,resized/opencv_bilinear/en_char_a/r_2p466667.png,e80f807555dadc252c707addce7d4f99ce176b412362e6c6815270340c19f9f9,fonts/Consolas-Regular.ttf,0,61,16,39.466666666672,39,-0.46666666667199763,16,False,A,"A
",A,A,0,1,0.0,ok,,0376e101a5ff8a2ac19e9fd148c60f2d1190f98b1ec59ec4cb7a9d9aa6005b1a,36a043c1977dafa411558fb37b29c6bcacdac38975a8e5b1b7237e15dfe23b94,06f961b802bc46ee168555f066d28f4f0e9afdf3f88174c1ee6f9de004fc30a0
en_char_a,en,single_char,10,2.6,opencv_bilinear,2.625,2.625,,canonical/en_char_a/r_2p600000.png,f884845c489b92ec0599e1441638cba52a8d359e249bc2c771f26220bdfbacd4,resized/opencv_bilinear/en_char_a/r_2p600000.png,ed0a119885522d6dc0c2818a198589cbc71d076fe917bec74cab85a331c1421b,fonts/Consolas-Regular.ttf,0,66,16,41.6,42,0.3999999999999986,16,False,A,"A
",A,A,0,1,0.0,ok,,84728d0de52fbd1533b67e55869ba3651e5e5ffccf25371b9aa4fc6fa7fb853c,6b19cfbfda19d56db7d6f88c644607832d834e2a5a99e2de04bae240528699b7,06f961b802bc46ee168555f066d28f4f0e9afdf3f88174c1ee6f9de004fc30a0
en_char_a,en,single_char,10,2.625,opencv_bilinear,2.625,2.625,,canonical/en_char_a/r_2p625000.png,f884845c489b92ec0599e1441638cba52a8d359e249bc2c771f26220bdfbacd4,resized/opencv_bilinear/en_char_a/r_2p625000.png,ed0a119885522d6dc0c2818a198589cbc71d076fe917bec74cab85a331c1421b,fonts/Consolas-Regular.ttf,0,66,16,42.0,42,0.0,16,False,A,"A
",A,A,0,1,0.0,ok,,84728d0de52fbd1533b67e55869ba3651e5e5ffccf25371b9aa4fc6fa7fb853c,6b19cfbfda19d56db7d6f88c644607832d834e2a5a99e2de04bae240528699b7,06f961b802bc46ee168555f066d28f4f0e9afdf3f88174c1ee6f9de004fc30a0
en_char_a,en,single_char,10,2.733333333333,opencv_bilinear,2.75,2.75,,canonical/en_char_a/r_2p733333.png,2f340b10401d2ca1b24220e29df800853194be268906ea95fce5201fe4b6bcf3,resized/opencv_bilinear/en_char_a/r_2p733333.png,cdc3ff593e43eccaf177779734915688ad4e5df077ae3f433d6a741fbed9c00c,fonts/Consolas-Regular.ttf,0,69,16,43.733333333328,44,0.2666666666720019,16,False,A,"A
",A,A,0,1,0.0,ok,,a1c75203124c592db4092ef5c72d693dfea90491f3f73720d003dfa798fbbe4d,3c7ffee506b5c335ff95f2991948477fcc06db646bb9680204eeb807e6df565d,06f961b802bc46ee168555f066d28f4f0e9afdf3f88174c1ee6f9de004fc30a0
en_char_a,en,single_char,10,2.866666666667,opencv_bilinear,2.875,2.875,,canonical/en_char_a/r_2p866667.png,878d9426ff6e928aff612db11f09214f7bb2f3e45063b42a93b23c6719fb9a7c,resized/opencv_bilinear/en_char_a/r_2p866667.png,ce58b2efcdd5677b0771f351b5254b7b47bb5ce175c96527399114da3c574577,fonts/Consolas-Regular.ttf,0,72,16,45.866666666672,46,0.13333333332799668,16,False,A,"A
",A,A,0,1,0.0,ok,,8fe9fae625a7bb05d4af1630755da64f2c1afa9d3711c00967bf559795ed71c2,6cbeea9d04404b86f3af4fcc736dd1cb7618df7c8c531bceb415aec32dc06550,06f961b802bc46ee168555f066d28f4f0e9afdf3f88174c1ee6f9de004fc30a0
en_char_a,en,single_char,10,3.0,opencv_bilinear,3.0,3.0,,canonical/en_char_a/r_3p000000.png,600d1824bd417e0dbe9fe1f6985b08f82d76a8721a17afff6fb4b493b16929a2,resized/opencv_bilinear/en_char_a/r_3p000000.png,dff1a57d3abaec4018260226c03bb10075fbda3d83a90fa55989a8ce0efe5468,fonts/Consolas-Regular.ttf,0,75,16,48.0,48,0.0,16,False,A,"A
",A,A,0,1,0.0,ok,,928ac6c53e07731af05af6837d793a9c0bc5ac21497a99f7b80fdc8be32dd58b,f9078df62d1eec892f49429f5d48e63b2a99cd133eac76b91368c9e501782e92,06f961b802bc46ee168555f066d28f4f0e9afdf3f88174c1ee6f9de004fc30a0
zh_char_01,zh_tra,single_char,10,1.0,opencv_bilinear,1.0,1.0,,canonical/zh_char_01/r_1p000000.png,0f01696745058844162b41cd4a9402dfc8a1bae519963269331bb5a2aec42c91,resized/opencv_bilinear/zh_char_01/r_1p000000.png,f5a29ee516daeeab80d24512ff41a2963ed033b1da18b92a259da14156b3e12d,fonts/microsoft-jhenghei.ttf,0,18,16,16.0,16,0.0,16,False,做,"做
",做,做,0,1,0.0,ok,,e486b8829ae836df2d95ab665eeaeb45d058b7c2763fd1a1f977861128e9ce8e,e486b8829ae836df2d95ab665eeaeb45d058b7c2763fd1a1f977861128e9ce8e,3827063eb0bc5c8320f3fb4c83f7b46142c03ba8ecdc0efb6eec7fe70376bd62
zh_char_01,zh_tra,single_char,10,1.133333333333,opencv_bilinear,1.1320754716981132,1.1320754716981132,,canonical/zh_char_01/r_1p133333.png,0f71626758a93acbd289bc9505bc639dcc5d6961e15d1a1081fc74f186aed76d,resized/opencv_bilinear/zh_char_01/r_1p133333.png,4d74133642a990852166e8e7a22f7519fab03e8bb5576c444277eaae31049ed3,fonts/microsoft-jhenghei.ttf,0,20,16,18.133333333328,18,-0.13333333332800024,17,False,做,"做
",做,做,0,1,0.0,ok,,be01f11304fac0bc512b0414474de15d0b22c47ba791b100944e629096af3324,f05c30ef958b9b62ad26269e02478e7ca3c11ef1a04616e62bac5d6a2e05bd0c,3827063eb0bc5c8320f3fb4c83f7b46142c03ba8ecdc0efb6eec7fe70376bd62
zh_char_01,zh_tra,single_char,10,1.266666666667,opencv_bilinear,1.2692307692307692,1.2692307692307692,,canonical/zh_char_01/r_1p266667.png,abb10f07c1bdd4ab163b440c523d96ea3e12fb8281bbc3095c845695d8ebd0f0,resized/opencv_bilinear/zh_char_01/r_1p266667.png,c5c029568947da8af826edf1bd594afdcd1bff1dddf9dfd9afacbdb358ed1499,fonts/microsoft-jhenghei.ttf,0,22,16,20.266666666672,20,-0.26666666667199834,16,False,做,"做
",做,做,0,1,0.0,ok,,dbb884769de4df5d251b2b1bf7655325768bb111b4939afd242a383e0b50b7da,5c2d40dbdd70eb529cdbe51cc3bd31ae277f7445ef1fbf4eacbfc5a0e1fa8812,3827063eb0bc5c8320f3fb4c83f7b46142c03ba8ecdc0efb6eec7fe70376bd62
zh_char_01,zh_tra,single_char,10,1.4,opencv_bilinear,1.411764705882353,1.411764705882353,,canonical/zh_char_01/r_1p400000.png,720ca3198a7673fbb6d1e1dbc475734d89e1792f17a72f8d4c8ea9b62656d115,resized/opencv_bilinear/zh_char_01/r_1p400000.png,2e0976632c9ef7cb70d3afe5667910a90650c09ee670673dc442d76f0ec4d6fa,fonts/microsoft-jhenghei.ttf,0,25,16,22.4,22,-0.3999999999999986,17,False,做,"做
",做,做,0,1,0.0,ok,,a0d33e54bef0321fc2ce9a2b4e3d17a94375269de728268a047c96b77622d9d4,bf5190ac3cfe76fde2838242d4fc8fa94d7910c29647ddc115ed957a38d453c9,3827063eb0bc5c8320f3fb4c83f7b46142c03ba8ecdc0efb6eec7fe70376bd62
zh_char_01,zh_tra,single_char,10,1.533333333333,opencv_bilinear,1.5272727272727273,1.5272727272727273,,canonical/zh_char_01/r_1p533333.png,7b4034b28ddc65a2f1960ea8f3c51180db7cbb580129e462823ffc5ffbdf059f,resized/opencv_bilinear/zh_char_01/r_1p533333.png,3478cd36a3ff566dc6ec9969a0125902f7abb41df6703b44384ec0c839288126,fonts/microsoft-jhenghei.ttf,0,29,16,24.533333333328,25,0.4666666666720012,17,False,做,"做
",做,做,0,1,0.0,ok,,41208acdf094497a5f432d3eb80805ed52bb2cb98d42517a21e179fa61f5f1ef,5144a3601fdb893cf6dbca06e677824177dcd61acee8438f569ebd87d992cdf6,3827063eb0bc5c8320f3fb4c83f7b46142c03ba8ecdc0efb6eec7fe70376bd62
zh_char_01,zh_tra,single_char,10,1.666666666667,opencv_bilinear,1.6666666666666667,1.6666666666666667,,canonical/zh_char_01/r_1p666667.png,bb11862cc8b59b44f113663f7c9e4c4e3a11bb7bd3aa8bdc03164ecf5010732b,resized/opencv_bilinear/zh_char_01/r_1p666667.png,28c017cd3156f6e2b4f8dd0ab956b68f5d8ac3a806ed8fddb9997ef00f15a33d,fonts/microsoft-jhenghei.ttf,0,31,16,26.666666666672,27,0.3333333333279995,17,False,做,"做
",做,做,0,1,0.0,ok,,b2e0ce451e204a753970e33b885f317c2fdd675800bd2f72f3be3884f40bc8c9,cfbf4bb2c0c7da1d5f96d6cbd28b9c2bcff82eb4127a0503e647a223c537c96c,3827063eb0bc5c8320f3fb4c83f7b46142c03ba8ecdc0efb6eec7fe70376bd62
zh_char_01,zh_tra,single_char,10,1.8,opencv_bilinear,1.8,1.8,,canonical/zh_char_01/r_1p800000.png,ab3f29e8dddc6dd70868e4cbccfc3a75d35310f8615ae91113572e258d03d69b,resized/opencv_bilinear/zh_char_01/r_1p800000.png,ea99d4b73a2868d948ac2ef90a3c5dab55ca41ca1e665bb072070ae0f6593860,fonts/microsoft-jhenghei.ttf,0,32,16,28.8,29,0.1999999999999993,17,False,做,"做
",做,做,0,1,0.0,ok,,603fcf1f03f716e0a7b10bbbfadb88a95f8eddc95141651fe3f9b16e02918fe2,ee04757633a82005b9af5c2512b04fcd3624dd8882531b38fa12803c489fbeb1,3827063eb0bc5c8320f3fb4c83f7b46142c03ba8ecdc0efb6eec7fe70376bd62
zh_char_01,zh_tra,single_char,10,1.933333333333,opencv_bilinear,1.9245283018867925,1.9245283018867925,,canonical/zh_char_01/r_1p933333.png,8668964729e3453b2c6d10b29c0a90c516db811c5fece45f25fa3cddcfe35771,resized/opencv_bilinear/zh_char_01/r_1p933333.png,a05e2603df0ebd63a9ed1d69c184eaccfd27dd8ecc9c3db24b747dee87b889cb,fonts/microsoft-jhenghei.ttf,0,35,16,30.933333333328,31,0.06666666667199905,17,False,做,"做
",做,做,0,1,0.0,ok,,822bab21092b3fef9ccf96dd2978832e6e7ec182e037333f2830c2c5a9172e60,20a80b58bb006b5e0f0fc730b731c38244957a7196505eae59a289e585d15b1d,3827063eb0bc5c8320f3fb4c83f7b46142c03ba8ecdc0efb6eec7fe70376bd62
zh_char_01,zh_tra,single_char,10,2.066666666667,opencv_bilinear,2.076923076923077,2.076923076923077,,canonical/zh_char_01/r_2p066667.png,936fc429eed1deadf32b394659937282f1557bcafbd9e903222c1102320fe522,resized/opencv_bilinear/zh_char_01/r_2p066667.png,31adca3c20af89e1233171e0921b101d32531d59bf57c548e1f9b27b71fedf25,fonts/microsoft-jhenghei.ttf,0,38,16,33.066666666672,34,0.933333333328001,16,False,做,"做
",做,做,0,1,0.0,ok,,5a0eb2fac5040ef6b119a5947b8bce5c853d83ba60ff00c20a93cef947059b8b,017e47b842285d42cd2da01bbf9f00d514e72c1d0e54f8ff88af80b41b9a4a7c,3827063eb0bc5c8320f3fb4c83f7b46142c03ba8ecdc0efb6eec7fe70376bd62
zh_char_01,zh_tra,single_char,10,2.2,opencv_bilinear,2.1923076923076925,2.1923076923076925,,canonical/zh_char_01/r_2p200000.png,6a46370d5155c27d041673b799ac68fa7eb5fff9f316d8fd70888efc5e7b7b74,resized/opencv_bilinear/zh_char_01/r_2p200000.png,b88a1c73c3697fcf53c7cec12f9b06df0bb506957e7f5f6ea03ba385dc6355aa,fonts/microsoft-jhenghei.ttf,0,39,16,35.2,35,-0.20000000000000284,16,False,做,"做
",做,做,0,1,0.0,ok,,da1800ece8197931733d31c9ab49e73a99e4f6292e15753fa1b976d988b0a548,61c61093ea58fbc2b2bd58af892fafc5cf323c7cdd7dc932535fc48c9a9500a1,3827063eb0bc5c8320f3fb4c83f7b46142c03ba8ecdc0efb6eec7fe70376bd62
zh_char_01,zh_tra,single_char,10,2.333333333333,opencv_bilinear,2.3529411764705883,2.3529411764705883,,canonical/zh_char_01/r_2p333333.png,7d4b0ae4f963bb7ebdbd92088846a42ec54732c43d889b38121038ce85c2a35b,resized/opencv_bilinear/zh_char_01/r_2p333333.png,0d3dec4a684e843350c9f44a17c78293d2d6388a11c494d07ebb3d4884cbdcec,fonts/microsoft-jhenghei.ttf,0,42,16,37.333333333328,37,-0.3333333333279995,16,False,做,"做
",做,做,0,1,0.0,ok,,18d2adbe208bac86c44616e48fc481ea6e13ea75b9006a93125f4c92e0901407,d7c2061a994184f97166206f455d92cfad0be1eb0ed8bb4cc308eca0eb46f691,3827063eb0bc5c8320f3fb4c83f7b46142c03ba8ecdc0efb6eec7fe70376bd62
zh_char_01,zh_tra,single_char,10,2.466666666667,opencv_bilinear,2.4705882352941178,2.4705882352941178,,canonical/zh_char_01/r_2p466667.png,c7416638273996ab7ac248d18996113cbd3f38568e3aedacece1646e35af297e,resized/opencv_bilinear/zh_char_01/r_2p466667.png,cb290ab321b44fefcca878bb6348e375dae0af2e0e9cefac2a39ce06f546a224,fonts/microsoft-jhenghei.ttf,0,44,16,39.466666666672,39,-0.46666666667199763,16,False,做,"做
",做,做,0,1,0.0,ok,,889d749ca5bb0bf439b179ecdf00859dfc8a2f42811e011f92a9fad9323ee23a,661c6b2636abe9b158c78cab619d128d101e7cc6d1bb3945a4606cec262ef711,3827063eb0bc5c8320f3fb4c83f7b46142c03ba8ecdc0efb6eec7fe70376bd62
zh_char_01,zh_tra,single_char,10,2.6,opencv_bilinear,2.588235294117647,2.588235294117647,,canonical/zh_char_01/r_2p600000.png,a6ba5f44e036517013cb8770288574f7916811d2507115e2747d6a816373af20,resized/opencv_bilinear/zh_char_01/r_2p600000.png,aab09951fb50f794374cfc8b0f5e77444746bb66f9f96aa64e0a5180100322fa,fonts/microsoft-jhenghei.ttf,0,48,16,41.6,42,0.3999999999999986,17,False,做,"做
",做,做,0,1,0.0,ok,,3f19382d5ebb2596cb64b96c86408acbb036ee50f60d34ae148390133dae4e14,0217370dd030112600547ee051dff8ebce2935db1dad1582c03fbfe625fb7046,3827063eb0bc5c8320f3fb4c83f7b46142c03ba8ecdc0efb6eec7fe70376bd62
zh_char_01,zh_tra,single_char,10,2.625,opencv_bilinear,2.64,2.64,,canonical/zh_char_01/r_2p625000.png,a6ba5f44e036517013cb8770288574f7916811d2507115e2747d6a816373af20,resized/opencv_bilinear/zh_char_01/r_2p625000.png,00ef50adcc890b87e896e6b4518feba7df1cb0d173820996cc027a9b16a9e228,fonts/microsoft-jhenghei.ttf,0,48,16,42.0,42,0.0,16,False,做,"做
",做,做,0,1,0.0,ok,,3f19382d5ebb2596cb64b96c86408acbb036ee50f60d34ae148390133dae4e14,80e885596f2c1c77855676faef682db8b3b7ce65f87a21b818650e02be06e972,3827063eb0bc5c8320f3fb4c83f7b46142c03ba8ecdc0efb6eec7fe70376bd62
zh_char_01,zh_tra,single_char,10,2.733333333333,opencv_bilinear,2.76,2.76,,canonical/zh_char_01/r_2p733333.png,5451f3f7357b694cff2df4f7b0e1e733571c51c2e5155d094c0e95237352de8d,resized/opencv_bilinear/zh_char_01/r_2p733333.png,d039fb132f8f1a20738db6e5b39643ab2a3487df342fc0acc108590ba3c4ac67,fonts/microsoft-jhenghei.ttf,0,50,16,43.733333333328,44,0.2666666666720019,16,False,做,"做
",做,做,0,1,0.0,ok,,44a7b7e9df66b7eb85d08efb966a876b5e3e8c7f6e374642a3f4753c8864ce8e,8526c4c0466c94edcddc5abeeda9eadf6e11baa82cd28bbe57c9c46e5769d67d,3827063eb0bc5c8320f3fb4c83f7b46142c03ba8ecdc0efb6eec7fe70376bd62
zh_char_01,zh_tra,single_char,10,2.866666666667,opencv_bilinear,2.88,2.88,,canonical/zh_char_01/r_2p866667.png,aa188c6970a523af3694e2cb1bd4486086ad8fccce4aabf1705017a7b6192d0d,resized/opencv_bilinear/zh_char_01/r_2p866667.png,ae51af30aa817c787ffcdd1dd01a57aecaf32b8d9c67c0f4e2bdf27951311120,fonts/microsoft-jhenghei.ttf,0,52,16,45.866666666672,46,0.13333333332799668,16,False,做,"做
",做,做,0,1,0.0,ok,,e1071ddd61f6eb53bdc41ec51f0219a7d62f9ecb7f3757bc6887fc67bacc2013,3d83944d3ff398429fc8919340066f4641a566d64e73c6f57bd9f13a131c6216,3827063eb0bc5c8320f3fb4c83f7b46142c03ba8ecdc0efb6eec7fe70376bd62
zh_char_01,zh_tra,single_char,10,3.0,opencv_bilinear,3.0,3.0,,canonical/zh_char_01/r_3p000000.png,aaa7f7bcbb6a6b07536ba3e1eedeee795f169d5afdfee6ada0914cdfd9217914,resized/opencv_bilinear/zh_char_01/r_3p000000.png,dcdfd87ed2b6ca1ab4e56e161dbaa529547e066210c9a640653a962ad6814824,fonts/microsoft-jhenghei.ttf,0,54,16,48.0,48,0.0,16,False,做,"做
",做,做,0,1,0.0,ok,,e58ef6fb4c3ede5f27f5ab305eb557ddde6d4d8bc2e3f6f385d177d3a54e4bc5,971031cf8242343e65ef06ad724dd88146c4902b4c4b8f9edbdd1ef759964dbb,3827063eb0bc5c8320f3fb4c83f7b46142c03ba8ecdc0efb6eec7fe70376bd62
zh_char_02,zh_tra,single_char,10,1.0,opencv_bilinear,1.0,1.0,,canonical/zh_char_02/r_1p000000.png,dc17ab7db5ff4ebaebf56fc72cd5c17959658dca330cecdfe7826e4b4b0927e7,resized/opencv_bilinear/zh_char_02/r_1p000000.png,4f8eed9f6f1162e600424ab9498091cf9fcf3589c886f251783e9cb2f7cc3a48,fonts/microsoft-jhenghei.ttf,0,17,16,16.0,16,0.0,16,False,剪,"前
",剪,前,1,1,1.0,ok,,54da537c5c986d42d7ce7bddc4cb27f3392060abf372c9c523cf6a75556eaddf,54da537c5c986d42d7ce7bddc4cb27f3392060abf372c9c523cf6a75556eaddf,3f4ed9462dea212773f9500ec1699ecea316b24e811279cb34e177e837c2fa55
zh_char_02,zh_tra,single_char,10,1.133333333333,opencv_bilinear,1.1320754716981132,1.1320754716981132,,canonical/zh_char_02/r_1p133333.png,96e77b5c75e6935ecb3086680100b1db4764aa0dadc7f7192af3216a4f495d10,resized/opencv_bilinear/zh_char_02/r_1p133333.png,6f8bb14d7fc35d4e1814437901d1d21345cf0eaf352fb7bd1d8e277a40728a41,fonts/microsoft-jhenghei.ttf,0,20,16,18.133333333328,18,-0.13333333332800024,17,False,剪,"剪
",剪,剪,0,1,0.0,ok,,b15cd74829bf4afe098cbd083fd4d3d8e26a0f8f79447b7cabc0d887d2c153fb,4ccd6d36288671d56a6f8e21b5b6088c93963005d71abc127326ad55cec38d42,d73c625559c736e474547ba48fad92c1599db67cfd7822dfe086599a900ab1e8
zh_char_02,zh_tra,single_char,10,1.266666666667,opencv_bilinear,1.2692307692307692,1.2692307692307692,,canonical/zh_char_02/r_1p266667.png,6090d19dbc056c152764750a7c460bba6286a2c8f1afc859b9e1fd0a09a4dc82,resized/opencv_bilinear/zh_char_02/r_1p266667.png,069fe1aac739cee6eb2bc3cfb7a58b1fd2995bed5f8c33dd0abe3566b79f7d5b,fonts/microsoft-jhenghei.ttf,0,23,16,20.266666666672,21,0.7333333333280017,17,False,剪,"剪
",剪,剪,0,1,0.0,ok,,31b969d16b302f36b79278b50af722934218b1635302020024f9a4824bbacdf3,0ecf005d2ef2030eec3efe25363ae85a3a6d21f7cd57e24c0153ad1819a4cc51,d73c625559c736e474547ba48fad92c1599db67cfd7822dfe086599a900ab1e8
zh_char_02,zh_tra,single_char,10,1.4,opencv_bilinear,1.411764705882353,1.411764705882353,,canonical/zh_char_02/r_1p400000.png,595cdfb6a9015ecb391278ee3926a7b5a4d58644187bb07c8c1e9c01ce4431ee,resized/opencv_bilinear/zh_char_02/r_1p400000.png,6635a4ab05c10afbde698d24c031eea9af9b9b1e181a991418a88f7e7d5f8a37,fonts/microsoft-jhenghei.ttf,0,25,16,22.4,22,-0.3999999999999986,17,False,剪,"剪
",剪,剪,0,1,0.0,ok,,486e931083a45753ace75e9bdc2c272857bac545f392e77c0d35a4cf26748e19,dd8ff0fd04e38cb6c5acaf302a78092763108d583219af111f0799661c021a55,d73c625559c736e474547ba48fad92c1599db67cfd7822dfe086599a900ab1e8
zh_char_02,zh_tra,single_char,10,1.533333333333,opencv_bilinear,1.5294117647058822,1.5294117647058822,,canonical/zh_char_02/r_1p533333.png,b61028e4393c359886102e6a9b8f87aad4b15dfbf5b0c827379e85ac9153a64a,resized/opencv_bilinear/zh_char_02/r_1p533333.png,1502310ec47b809171aa8515259ec6eb18fc1a9cb927098d4a815d94fc99782e,fonts/microsoft-jhenghei.ttf,0,27,16,24.533333333328,24,-0.5333333333279988,17,False,剪,"加
",剪,加,1,1,1.0,ok,,953327e1b44611d7fcae165c8654c45e9b2aab4dec8eee8afe7041e67c49a41b,5cd6cb5c47b7d737e324b01dcea00b0471f8b4106d67df82eef6626a5d5ef8b7,1e71f686eb6dc90b1aa1ebbc6c22737f67774b7c0e339009a67582272bc36f3d
zh_char_02,zh_tra,single_char,10,1.666666666667,opencv_bilinear,1.68,1.68,,canonical/zh_char_02/r_1p666667.png,8ff3be9f8e1ce44b19094131272846e18eaa8f77572ed088be7bc29ec6c782ba,resized/opencv_bilinear/zh_char_02/r_1p666667.png,dd039beb81be63d493b0018f8f791cef7c37c9ef3e76e9ccf2ed7eff87a2c080,fonts/microsoft-jhenghei.ttf,0,30,16,26.666666666672,27,0.3333333333279995,17,False,剪,"前
",剪,前,1,1,1.0,ok,,cd08ebcf622cebc387a9421bbaaf36fbf56bd5df510e3a9eeb25e01ac9fe54cc,ee3099082633f9dfd437d2ee752cc36c8453e86a2c4898b01e27bb8b9a7e9570,3f4ed9462dea212773f9500ec1699ecea316b24e811279cb34e177e837c2fa55
zh_char_02,zh_tra,single_char,10,1.8,opencv_bilinear,1.8,1.8,,canonical/zh_char_02/r_1p800000.png,6cdeeef9f4d1cbab550e282c0eebf6a649d1ad3959ffff63429bd5e7b6d8a569,resized/opencv_bilinear/zh_char_02/r_1p800000.png,1390a81e345910fcf00860d4ce4ff251ddf0b1369974b37fdda034469dff5fdb,fonts/microsoft-jhenghei.ttf,0,32,16,28.8,29,0.1999999999999993,17,False,剪,"剪
",剪,剪,0,1,0.0,ok,,50437d98acd11291e858a8491af0ec2fc0e76ddeb8975fa91a0378e8ebf3ba00,42a1cfdd67758e4880374dabfce278cbc1c8c9bb32b7c18879bff928dc2f2f6b,d73c625559c736e474547ba48fad92c1599db67cfd7822dfe086599a900ab1e8
zh_char_02,zh_tra,single_char,10,1.933333333333,opencv_bilinear,1.92,1.92,,canonical/zh_char_02/r_1p933333.png,e56d89b83f601eeab9d808a3c9dafc9144371436ca25aa2ac3ca1e4a91924bf3,resized/opencv_bilinear/zh_char_02/r_1p933333.png,9138491ab0294d70f9e05519e4ef3a56c8f2b4038a2a3f54045d4664b85a8c96,fonts/microsoft-jhenghei.ttf,0,34,16,30.933333333328,31,0.06666666667199905,17,False,剪,"剪
",剪,剪,0,1,0.0,ok,,2e156324e766d9933e109f3a7f085e374aaf038d6ec882e25dfe8656d28655a7,f2c9459df6c3d99a83b98d6f659dc99c638a9cd75c3777cf49b370256231442d,d73c625559c736e474547ba48fad92c1599db67cfd7822dfe086599a900ab1e8
zh_char_02,zh_tra,single_char,10,2.066666666667,opencv_bilinear,2.076923076923077,2.076923076923077,,canonical/zh_char_02/r_2p066667.png,85d38e00838ca22a16dba4927901b58d057e875be67e777ce867c926c6c03194,resized/opencv_bilinear/zh_char_02/r_2p066667.png,68a607adb0e07ba657218eb88209df2c592b4fe3a786d06c9efc8483f44b2aec,fonts/microsoft-jhenghei.ttf,0,37,16,33.066666666672,33,-0.06666666667199905,16,False,剪,"剪
",剪,剪,0,1,0.0,ok,,9a5fe452fe1482e44e9c9f01563c8d59b9439adb95f9688ac86b54b76b9d3a35,fadba438e7483e25174a7d537e15458a6d5c8b600f034b8d4e80e41d5c547f9c,d73c625559c736e474547ba48fad92c1599db67cfd7822dfe086599a900ab1e8
zh_char_02,zh_tra,single_char,10,2.2,opencv_bilinear,2.1923076923076925,2.1923076923076925,,canonical/zh_char_02/r_2p200000.png,64c9fd8a1a4a032cba987bb493e3a250fc219c58c250f470a9f55b3acf6f3e05,resized/opencv_bilinear/zh_char_02/r_2p200000.png,514041e4eaf92ee2c21402747d755b8089fa43c4cab1f86cb86832f199ecef9d,fonts/microsoft-jhenghei.ttf,0,40,16,35.2,35,-0.20000000000000284,16,False,剪,"剪
",剪,剪,0,1,0.0,ok,,d009eecf862e50bfe6bf342811b49a5beb010c76d4ea5846ee07209d654796d6,9b80bc90fa7b6b9ee2d59cdaa4493bfa1bf57a934341284fb784d6ebba9942cb,d73c625559c736e474547ba48fad92c1599db67cfd7822dfe086599a900ab1e8
zh_char_02,zh_tra,single_char,10,2.333333333333,opencv_bilinear,2.3529411764705883,2.3529411764705883,,canonical/zh_char_02/r_2p333333.png,d609abb80d4e20dabdd1c5445e26f72c01b51c06972bf5b824629047626f86c3,resized/opencv_bilinear/zh_char_02/r_2p333333.png,6f0a0ca05300ff39c25f322c933581cbe67db824d5ad1f660253b778d72312e7,fonts/microsoft-jhenghei.ttf,0,41,16,37.333333333328,37,-0.3333333333279995,16,False,剪,"剪
",剪,剪,0,1,0.0,ok,,ec7f2f9b910e49d4a1c57ed9a315b2c163d945b5ef8c185fa9ec7bb79390cf28,ae9ca0ee004eec5cbf356c45ef2610e340e6aada5ff69ac786c56927c0480940,d73c625559c736e474547ba48fad92c1599db67cfd7822dfe086599a900ab1e8
zh_char_02,zh_tra,single_char,10,2.466666666667,opencv_bilinear,2.4705882352941178,2.4705882352941178,,canonical/zh_char_02/r_2p466667.png,f9c532db94d01e2d1c2c56d42eaec83c2fb563e7181e7f1f5eb5a724688d3177,resized/opencv_bilinear/zh_char_02/r_2p466667.png,67a12e17ff82437c80f91638191fb146acd01b965be55a897bd4d0ea2abdb4d8,fonts/microsoft-jhenghei.ttf,0,44,16,39.466666666672,39,-0.46666666667199763,16,False,剪,"剪
",剪,剪,0,1,0.0,ok,,2826915b7f554051c0e37c61edb71c8e9e0f9e5e5e8e6b67a2a83d64a5cbe58b,8958896596356b941d36ded9a3e8e7e43f19bbcc923e83eca455f1bd2fc20883,d73c625559c736e474547ba48fad92c1599db67cfd7822dfe086599a900ab1e8
zh_char_02,zh_tra,single_char,10,2.6,opencv_bilinear,2.588235294117647,2.588235294117647,,canonical/zh_char_02/r_2p600000.png,92cf871f973145df41d867b30f3514005d4d785a767f17674eb11a3daa07285a,resized/opencv_bilinear/zh_char_02/r_2p600000.png,c7decece7be50c327eb031ab4f83e78c362fb1bca2a9d5f6ccbc5b90a0f0f7f5,fonts/microsoft-jhenghei.ttf,0,47,16,41.6,42,0.3999999999999986,17,False,剪,"剪
",剪,剪,0,1,0.0,ok,,0d5e1c3e2f0b5677126ad86bd78fb213fd36f7d135663a06c6431265041b576b,6efc9bdd7cf19ccb02346e412ce783af479ee0f5de410a67ed5cfed73bb5573d,d73c625559c736e474547ba48fad92c1599db67cfd7822dfe086599a900ab1e8
zh_char_02,zh_tra,single_char,10,2.625,opencv_bilinear,2.64,2.64,,canonical/zh_char_02/r_2p625000.png,92cf871f973145df41d867b30f3514005d4d785a767f17674eb11a3daa07285a,resized/opencv_bilinear/zh_char_02/r_2p625000.png,1fb69ad26b2327f5a3fc895f0f829e0b10b73cc55e0e3f61fd6b15eeb0823150,fonts/microsoft-jhenghei.ttf,0,47,16,42.0,42,0.0,16,False,剪,"剪
",剪,剪,0,1,0.0,ok,,0d5e1c3e2f0b5677126ad86bd78fb213fd36f7d135663a06c6431265041b576b,fdb6c066b117748922741e9db40a5a6e21650e26daa09752d42a625080421212,d73c625559c736e474547ba48fad92c1599db67cfd7822dfe086599a900ab1e8
zh_char_02,zh_tra,single_char,10,2.733333333333,opencv_bilinear,2.76,2.76,,canonical/zh_char_02/r_2p733333.png,aec0227dd22c19e63395d57df9de0889c8f972e65a6b990673a3009000003f69,resized/opencv_bilinear/zh_char_02/r_2p733333.png,423fd06c5c2f50c995914141b3417091aad21d7bc032aa348afb96de37865e4e,fonts/microsoft-jhenghei.ttf,0,48,16,43.733333333328,43,-0.7333333333279981,16,False,剪,"剪
",剪,剪,0,1,0.0,ok,,9148f0d91d71a3a48970fdfb233b4b9cc594edcce7081bd179dcd1fd90b7c452,efeda3a18efdc8a594104a265f6e27feda4812fb4af8c60d969b1143abada8af,d73c625559c736e474547ba48fad92c1599db67cfd7822dfe086599a900ab1e8
zh_char_02,zh_tra,single_char,10,2.866666666667,opencv_bilinear,2.88,2.88,,canonical/zh_char_02/r_2p866667.png,2921df0c378b431ad8815079d9a87a05009433a8ea7edf2cb074ac7707a7d4e5,resized/opencv_bilinear/zh_char_02/r_2p866667.png,81630fd80cab7154fb98d9ae72bbf3d588e66ae3823f87919c24b2b4e92a11fe,fonts/microsoft-jhenghei.ttf,0,51,16,45.866666666672,46,0.13333333332799668,16,False,剪,"剪
",剪,剪,0,1,0.0,ok,,7f981dc065180ad604b9fb571d06c716834ba2ec0b2d762375ffc850ee0a73ed,7d34f0cf24387143f4ddce62a8d9295d7e7e951f798a43a70d6ebfb8729b687d,d73c625559c736e474547ba48fad92c1599db67cfd7822dfe086599a900ab1e8
zh_char_02,zh_tra,single_char,10,3.0,opencv_bilinear,3.0,3.0,,canonical/zh_char_02/r_3p000000.png,70e3b297dfc335deac6b5ed27b6ae273cc8512fadc1c95ec8050e0065ef4f10a,resized/opencv_bilinear/zh_char_02/r_3p000000.png,1156c51a95b3668b78904c4f3219f8817c83f1e7cc7489e157a323959d7968c6,fonts/microsoft-jhenghei.ttf,0,54,16,48.0,48,0.0,16,False,剪,"剪
",剪,剪,0,1,0.0,ok,,9e9a0e7a2817522c374938feeace9fc8c43d88edda8b28b592b487868b46b94e,a2f10dd128d1bdcf25cff9145b9cb658fc232eaa61ff7ec8c70f68e4e38c3e1e,d73c625559c736e474547ba48fad92c1599db67cfd7822dfe086599a900ab1e8
zh_line_01,zh_tra,single_line,7,1.0,opencv_bilinear,1.0,1.0,,canonical/zh_line_01/r_1p000000.png,4b3ac6b0ec57c6ffb549f3249213b84a63df694ce8c95996f317b60775c263aa,resized/opencv_bilinear/zh_line_01/r_1p000000.png,653e085c8f411b5f5674125b4c512994ad04d11505466deb98818d5727e36498,fonts/microsoft-jhenghei.ttf,0,17,16,16.0,16,0.0,16,False,做假停偷側推售問,"做假停偷側推售問
",做假停偷側推售問,做假停偷側推售問,0,8,0.0,ok,,28efae082a5d58b2e7b2108ddcbc28b534573575dd1488edfe445c6a4dec7150,28efae082a5d58b2e7b2108ddcbc28b534573575dd1488edfe445c6a4dec7150,86a4f76ed6c5c3034079cd6d916a31c61f25ceed89bb4824211705cc6e2dede2
zh_line_01,zh_tra,single_line,7,1.133333333333,opencv_bilinear,1.1314285714285715,1.1314285714285715,,canonical/zh_line_01/r_1p133333.png,8bddf625d3e985d25d997fac944e6523595e6f29d0a6513a0f94370fa44d9b9b,resized/opencv_bilinear/zh_line_01/r_1p133333.png,18c87c5611ced687309faec8d008a782ce2d732b0500c5a2a88ee1174f192419,fonts/microsoft-jhenghei.ttf,0,20,16,18.133333333328,18,-0.13333333332800024,17,False,做假停偷側推售問,"做假停偷側推售問
",做假停偷側推售問,做假停偷側推售問,0,8,0.0,ok,,18cba42c03675822e654dc010b05d329a4a0c906da0f42aa66cedc8212561a0e,c3f35109484e02852ccf0f5b6e27c47958afc383cc3a846990dcd3cccb9e8dae,86a4f76ed6c5c3034079cd6d916a31c61f25ceed89bb4824211705cc6e2dede2
zh_line_01,zh_tra,single_line,7,1.266666666667,opencv_bilinear,1.263157894736842,1.263157894736842,,canonical/zh_line_01/r_1p266667.png,8b760a36be4404755943ddb6c0626d3322d5f37952112f695bc6ee87ef66b065,resized/opencv_bilinear/zh_line_01/r_1p266667.png,1c39e18eec9fd413f389c8c37180e2716d8cacbadb53599e2cfdec6b10833ab0,fonts/microsoft-jhenghei.ttf,0,22,16,20.266666666672,20,-0.26666666667199834,17,False,做假停偷側推售問,"做假停偷側推售問
",做假停偷側推售問,做假停偷側推售問,0,8,0.0,ok,,bc0096a100e98ec5970b6d87309ae68aa01828d0f93475d8f467174f37781370,34bb0585590cd8cf29189cf4c59153a0c904c727244030e3f848d4934301035a,86a4f76ed6c5c3034079cd6d916a31c61f25ceed89bb4824211705cc6e2dede2
zh_line_01,zh_tra,single_line,7,1.4,opencv_bilinear,1.3977272727272727,1.3977272727272727,,canonical/zh_line_01/r_1p400000.png,fdcaac01594a083f6e1edc6e3458011b699a25f19f39e719813b9250b1a52ce7,resized/opencv_bilinear/zh_line_01/r_1p400000.png,37c8da8c8d5f44e5b993fe303e35d782087d12afdd3b9e19b3496f4465186dbd,fonts/microsoft-jhenghei.ttf,0,25,16,22.4,22,-0.3999999999999986,16,False,做假停偷側推售問,"做假停偷側推售問
",做假停偷側推售問,做假停偷側推售問,0,8,0.0,ok,,c020c8222beed27260765ecc445395919f6fadf720a48f03ef09a367deeda2c3,59d22096a02e881916696bc526450a9a0d93638a500f9f8fcddbdd4321d58517,86a4f76ed6c5c3034079cd6d916a31c61f25ceed89bb4824211705cc6e2dede2
zh_line_01,zh_tra,single_line,7,1.533333333333,opencv_bilinear,1.5340909090909092,1.5340909090909092,,canonical/zh_line_01/r_1p533333.png,d4340d542b2b6a0cbfb22f7648ed1c795dba713a615156b7c6777eb2bcc296ca,resized/opencv_bilinear/zh_line_01/r_1p533333.png,f10c61f3d2acba7a9f91d978a9b66fdf55fde38a0787c6c301735a9d61a27504,fonts/microsoft-jhenghei.ttf,0,27,16,24.533333333328,24,-0.5333333333279988,16,False,做假停偷側推售問,"做假停偷側推售問
",做假停偷側推售問,做假停偷側推售問,0,8,0.0,ok,,bc292c6ac70feb253cd4640a1227a0a9aefee32dc62334f362bd5eee333494f4,90fc15de1d57cbf9debce4bdfe0afc38d936f87e148a212cdbff4f0b76fa4cce,86a4f76ed6c5c3034079cd6d916a31c61f25ceed89bb4824211705cc6e2dede2
zh_line_01,zh_tra,single_line,7,1.666666666667,opencv_bilinear,1.668639053254438,1.668639053254438,,canonical/zh_line_01/r_1p666667.png,d020317a8fd2ab999a0d39ea7ed5527a927a798e9312706e40cc0d7bcd420411,resized/opencv_bilinear/zh_line_01/r_1p666667.png,a9e653d46c02943088cfc54350a1c93cd99eccec7d1261900f0ed8f74a4f3973,fonts/microsoft-jhenghei.ttf,0,28,16,26.666666666672,27,0.3333333333279995,17,False,做假停偷側推售問,"做假停偷側推售問
",做假停偷側推售問,做假停偷側推售問,0,8,0.0,ok,,32bcbfa56b5756f0d93222d8274922f393da70d610ff75cefbd25d7681931578,7ee8b27f9eed437e36b521e456032f1ebd5efd76b2e794c89515938844b42cc7,86a4f76ed6c5c3034079cd6d916a31c61f25ceed89bb4824211705cc6e2dede2
zh_line_01,zh_tra,single_line,7,1.8,opencv_bilinear,1.7966101694915255,1.7966101694915255,,canonical/zh_line_01/r_1p800000.png,0ddf1ca3976e6af1daf30b5e07dd0120601ec914e8068bb1f41842a7adc42005,resized/opencv_bilinear/zh_line_01/r_1p800000.png,feefaaa3592adf7b3e636125ff4d69bb4e658f4df4d61e78a41c9cd375df2bc4,fonts/microsoft-jhenghei.ttf,0,32,16,28.8,29,0.1999999999999993,17,False,做假停偷側推售問,"做假停偷側推售問
",做假停偷側推售問,做假停偷側推售問,0,8,0.0,ok,,b17e3cd1137a695ef69dfa54a42e46d7ecfdf1cb7c2b7b58754da5b20d4289a4,8ee0b0423b50b4533d4ac7c09a149c1e4b3836483df061be0864d7e11fc0285c,86a4f76ed6c5c3034079cd6d916a31c61f25ceed89bb4824211705cc6e2dede2
zh_line_01,zh_tra,single_line,7,1.933333333333,opencv_bilinear,1.9310344827586208,1.9310344827586208,,canonical/zh_line_01/r_1p933333.png,2bc8677edd56f78c12440dd8e54b5abaa17dd6198e1d3bd477747a954bdde533,resized/opencv_bilinear/zh_line_01/r_1p933333.png,758f5b8e31355f8e7ab6e02a1848dcaab5354423033db74c046d2faa4014e90c,fonts/microsoft-jhenghei.ttf,0,34,16,30.933333333328,31,0.06666666667199905,17,False,做假停偷側推售問,"做假停偷側推售問
",做假停偷側推售問,做假停偷側推售問,0,8,0.0,ok,,42b3c7dc2e7f923a8e26755426723407bc2a2a69f9bd14dfa6af8671679df44d,8a4ec3409f785c4be96ffc32d138b15bb978fd5728e46a3db9b55e7e7f69d575,86a4f76ed6c5c3034079cd6d916a31c61f25ceed89bb4824211705cc6e2dede2
zh_line_01,zh_tra,single_line,7,2.066666666667,opencv_bilinear,2.0701754385964914,2.0701754385964914,,canonical/zh_line_01/r_2p066667.png,f73c91a0188db6c1062dc8f6c22e0e2dd446e3ce2aa99bd8a96598d0bad022e2,resized/opencv_bilinear/zh_line_01/r_2p066667.png,e204a7492cb03cf7dc46e579032b88824a4303ba2364ea0dfd3bd30e9f662b56,fonts/microsoft-jhenghei.ttf,0,36,16,33.066666666672,33,-0.06666666667199905,16,False,做假停偷側推售問,"做假停偷側推售間
",做假停偷側推售問,做假停偷側推售間,1,8,0.125,ok,,93496a546814ce1237a92eb912ae5cbb166734844e6ad41fa07e3efaafb87779,6dd90c4731be1859dab9579cdf6144545c5fd3d50a010179fa35c479af22c53c,e2c22f4b476009fc3d3886930c54eb77dbd7df8e6e92f2b101b86ccfa58de1bf
zh_line_01,zh_tra,single_line,7,2.2,opencv_bilinear,2.197674418604651,2.197674418604651,,canonical/zh_line_01/r_2p200000.png,0eff02f7801b8484c4fcc342667fc759ce4a004f5c3734199beadafeb0dca9e6,resized/opencv_bilinear/zh_line_01/r_2p200000.png,9e874954c71400af8db922ae2e7470bc03811d9dcf638a0b616c2d8307766824,fonts/microsoft-jhenghei.ttf,0,38,16,35.2,35,-0.20000000000000284,16,False,做假停偷側推售問,"做假停偷側推售問
",做假停偷側推售問,做假停偷側推售問,0,8,0.0,ok,,d114feb73d1e0a6884c684e7a7cff23a51c13db32eaf8528f9039d6ac82fb7e2,910aa3451c85145ea5296d5fce5021e23c47c81cb233bc5b33029bac6cef5db3,86a4f76ed6c5c3034079cd6d916a31c61f25ceed89bb4824211705cc6e2dede2
zh_line_01,zh_tra,single_line,7,2.333333333333,opencv_bilinear,2.3372093023255816,2.3372093023255816,,canonical/zh_line_01/r_2p333333.png,07eda3e21e586b1446522be2730ca5fb33ba748465c274d960d53c129480bd93,resized/opencv_bilinear/zh_line_01/r_2p333333.png,5fd8796daa5e56c7b941b3915e4cef9f8b5561160daecb9a4dd7c74436a881a7,fonts/microsoft-jhenghei.ttf,0,41,16,37.333333333328,37,-0.3333333333279995,16,False,做假停偷側推售問,"做假停偷側推售問
",做假停偷側推售問,做假停偷側推售問,0,8,0.0,ok,,944733afe40302e026174e48414c45bbba5dd39d615a33858d0b2591e03b8259,0cce2fc0453a4c0978fc77099dfe9c5f992c4a1aa99d73a2c5e643f164b1c537,86a4f76ed6c5c3034079cd6d916a31c61f25ceed89bb4824211705cc6e2dede2
zh_line_01,zh_tra,single_line,7,2.466666666667,opencv_bilinear,2.46242774566474,2.46242774566474,,canonical/zh_line_01/r_2p466667.png,0e3309dfda04b7c67a00e529b6cf741d11061c35c72bf5f291738ee1eaacfd83,resized/opencv_bilinear/zh_line_01/r_2p466667.png,84b5eff8fd46c85242182307fb0b7b79e7973b6192f36cfc8a4ef3064d2f4ad7,fonts/microsoft-jhenghei.ttf,0,43,16,39.466666666672,39,-0.46666666667199763,16,False,做假停偷側推售問,"做假停偷側推售問
",做假停偷側推售問,做假停偷側推售問,0,8,0.0,ok,,489732dfe1c00a7e364a7ed8598c2cfadca7b6dd81298b58058f41d9aff84b22,a11537b913b455454cd7ff647cac4843ff281ff4aa47eff8d4e90002af2707a0,86a4f76ed6c5c3034079cd6d916a31c61f25ceed89bb4824211705cc6e2dede2
zh_line_01,zh_tra,single_line,7,2.6,opencv_bilinear,2.595505617977528,2.595505617977528,,canonical/zh_line_01/r_2p600000.png,7d85fada7a01e87564ebf16721e60f59eb02772893c68c9f1f7055f070f3b308,resized/opencv_bilinear/zh_line_01/r_2p600000.png,9522544aeacec2602288a35510fc5e7faaa21fb247d9740132c2b014e788b372,fonts/microsoft-jhenghei.ttf,0,47,16,41.6,42,0.3999999999999986,16,False,做假停偷側推售問,"做假停偷側推售問
",做假停偷側推售問,做假停偷側推售問,0,8,0.0,ok,,51213c5962ffdc25cc64dac1e5256e7565bcf9f3f87394236d8c0c9ac7dde5cc,1f83f073e988dcc08d959ed164c98eae05dbc005ebb2800e39337151561a662b,86a4f76ed6c5c3034079cd6d916a31c61f25ceed89bb4824211705cc6e2dede2
zh_line_01,zh_tra,single_line,7,2.625,opencv_bilinear,2.625,2.625,,canonical/zh_line_01/r_2p625000.png,7d85fada7a01e87564ebf16721e60f59eb02772893c68c9f1f7055f070f3b308,resized/opencv_bilinear/zh_line_01/r_2p625000.png,24f10b7770605505e0c33f0a9a2015d38228f42dfe58f5d8d45cf9cf8be43b44,fonts/microsoft-jhenghei.ttf,0,47,16,42.0,42,0.0,16,False,做假停偷側推售問,"做假停偷側推售問
",做假停偷側推售問,做假停偷側推售問,0,8,0.0,ok,,51213c5962ffdc25cc64dac1e5256e7565bcf9f3f87394236d8c0c9ac7dde5cc,573ddbd2239376b2cc705cda4658619bbb7585bbb9f9e081e18700b8116fd169,86a4f76ed6c5c3034079cd6d916a31c61f25ceed89bb4824211705cc6e2dede2
zh_line_01,zh_tra,single_line,7,2.733333333333,opencv_bilinear,2.727272727272727,2.727272727272727,,canonical/zh_line_01/r_2p733333.png,97265f8cf111929877eea0136a6d86d55899f90dd9128d1857170c48fa403a29,resized/opencv_bilinear/zh_line_01/r_2p733333.png,2df524fc4301cb4d40aad7b1715f977e4e1593d6ebd05a4dedd1811b48b41443,fonts/microsoft-jhenghei.ttf,0,49,16,43.733333333328,44,0.2666666666720019,16,False,做假停偷側推售問,"做假停偷側推售問
",做假停偷側推售問,做假停偷側推售問,0,8,0.0,ok,,653ccb9f91f5a934826ef12385f4112772a9e781df5b6cd15524426ef9066dce,468b481d232ca0a51ff304eeec73d77439473a8e2e7ebb3530cc6ce6f16af684,86a4f76ed6c5c3034079cd6d916a31c61f25ceed89bb4824211705cc6e2dede2
zh_line_01,zh_tra,single_line,7,2.866666666667,opencv_bilinear,2.8636363636363638,2.8636363636363638,,canonical/zh_line_01/r_2p866667.png,c5e628e778a3d65b627770f30e9fae1f53637fcdb364702829ecd6a47732b8aa,resized/opencv_bilinear/zh_line_01/r_2p866667.png,e83199c9c0dea0f86020b8dd1b0bcfb71899120cfecff6d8376156137b4e97ec,fonts/microsoft-jhenghei.ttf,0,51,16,45.866666666672,46,0.13333333332799668,16,False,做假停偷側推售問,"做假停偷側推售問
",做假停偷側推售問,做假停偷側推售問,0,8,0.0,ok,,ef2b5850f041ea0c117e048778b7ce997e9701520314ffb345fb0d462a607bab,801ea66d47b95d57fb744a2c8734143e21c5286a46309e1d824329db8eb597ed,86a4f76ed6c5c3034079cd6d916a31c61f25ceed89bb4824211705cc6e2dede2
zh_line_01,zh_tra,single_line,7,3.0,opencv_bilinear,3.0,3.0,,canonical/zh_line_01/r_3p000000.png,65cc3e6fad345feae9c978ed7afedf39d9bd782b70030133a7f3fa8bc1ca0edf,resized/opencv_bilinear/zh_line_01/r_3p000000.png,786c28738f36b4c1ee88a714ed90e97c0bd49eaf17225cacae7922f4bf4d8d4c,fonts/microsoft-jhenghei.ttf,0,53,16,48.0,48,0.0,16,False,做假停偷側推售問,"做假停偷側推售問
",做假停偷側推售問,做假停偷側推售問,0,8,0.0,ok,,66f6013f2a99967bfe1ad2d9b179a7693b880f3a78bd9ae65e5e712921ee5b1b,b255521f5df35bc3a89145f5a62bfbd8ddd2abf4d1e9747f729b5eed012158c0,86a4f76ed6c5c3034079cd6d916a31c61f25ceed89bb4824211705cc6e2dede2
zh_line_02,zh_tra,single_line,7,1.0,opencv_bilinear,1.0,1.0,,canonical/zh_line_02/r_1p000000.png,87a2640c6d5172318553fb9c47850bca1f924b7cab5cedaa2af1aee68677514f,resized/opencv_bilinear/zh_line_02/r_1p000000.png,866d91e982a44562cce367c34164fc5c9b55942dc64d5e63761267b975f5c3d8,fonts/microsoft-jhenghei.ttf,0,17,16,16.0,16,0.0,16,False,唸唾啃啄執,"唸唾踢啄執
",唸唾啃啄執,唸唾踢啄執,1,5,0.2,ok,,0f7c2b643577d336f5547875b996ed0f4576f3693a44fe9eab2585afcd63d9df,0f7c2b643577d336f5547875b996ed0f4576f3693a44fe9eab2585afcd63d9df,6b1719134c3e828228945bfb577afb1671859a1c906315e3477b29f106cd4bfa
zh_line_02,zh_tra,single_line,7,1.133333333333,opencv_bilinear,1.1311475409836065,1.1311475409836065,,canonical/zh_line_02/r_1p133333.png,6ecb3f4b346ec33cc8f5acc06ce7663fdd49533d9534e7ec83c4d193c31c52dc,resized/opencv_bilinear/zh_line_02/r_1p133333.png,9bb73202caa63df0ef6c9631fdd8262ee129b209fe09a583dd11a247a5a39a89,fonts/microsoft-jhenghei.ttf,0,20,16,18.133333333328,18,-0.13333333332800024,16,False,唸唾啃啄執,"吟唾嘴啄執
",唸唾啃啄執,吟唾嘴啄執,2,5,0.4,ok,,b29eb26ebc435a855a21666df89cf39fc9221ae7317ed40e5c12e3280def376b,97e2946640ea3c5614444391ff961f1ff9e6af1c33e7f0d0563b314350bb2dc5,e74ae69b44718aed62e3d31a3b6550b16d86e6669b954cb3132299c09618c876
zh_line_02,zh_tra,single_line,7,1.266666666667,opencv_bilinear,1.271186440677966,1.271186440677966,,canonical/zh_line_02/r_1p266667.png,cd1712b4e962c73a9d8f1c00a7a05d69531c4e298e92ccb71fa5aef634565ab3,resized/opencv_bilinear/zh_line_02/r_1p266667.png,9750cda6b06fbb5d2396a54c47e2c0cc6a69147e00fe540831c811ae9f1b0af2,fonts/microsoft-jhenghei.ttf,0,22,16,20.266666666672,20,-0.26666666667199834,16,False,唸唾啃啄執,"吟唾嘴啄執
",唸唾啃啄執,吟唾嘴啄執,2,5,0.4,ok,,4058563d96cab1878c63657d8cd5bbdad238dae951017e341e5d25c00d294d40,1ce2afa244dcb6a3d0c38076600ec7e53c13092b389420113143c9306844c4e9,e74ae69b44718aed62e3d31a3b6550b16d86e6669b954cb3132299c09618c876
zh_line_02,zh_tra,single_line,7,1.4,opencv_bilinear,1.403225806451613,1.403225806451613,,canonical/zh_line_02/r_1p400000.png,1ca3bb99d5758f71bc5d8ef4ac5bdcb5ed91a847d13b03e7d6f81fd8e1ac6c8e,resized/opencv_bilinear/zh_line_02/r_1p400000.png,7fec29481268d5bbe824e76e204626a91bbc5cfe0972906358e74650498d8f81,fonts/microsoft-jhenghei.ttf,0,25,16,22.4,22,-0.3999999999999986,16,False,唸唾啃啄執,"吟唾嘴吸執
",唸唾啃啄執,吟唾嘴吸執,3,5,0.6,ok,,56fca5a0e67b1118fa92b9b24ca9624deed80ad8cb4fc752de690b5a804daef4,1b064ddf37e453f9c8b512d6d1c3dcaf113a08240d083b215280adb3d7842a21,83b7025785c7bd500b96dca2547fac561c2b8405a9db08520220e4846717b8d5
zh_line_02,zh_tra,single_line,7,1.533333333333,opencv_bilinear,1.537190082644628,1.537190082644628,,canonical/zh_line_02/r_1p533333.png,e9087a31aa1a2204c2e5d40f2092f210d32de826617c916da593634a6e66f7e7,resized/opencv_bilinear/zh_line_02/r_1p533333.png,7268b65cd5c81465bd3bbad479caad0f01591c4a94e0a0ba2a4c1899a01fbf11,fonts/microsoft-jhenghei.ttf,0,27,16,24.533333333328,24,-0.5333333333279988,17,False,唸唾啃啄執,"吟唾嘴啄執
",唸唾啃啄執,吟唾嘴啄執,2,5,0.4,ok,,903b42131b09c4dbb69057569d1bcafb689b195f32ff0557d1fee132c98da415,e3f00fecd4d913c8ce603e58210dd9359b9a52ace5dde61e5c6fe584f9d4407f,e74ae69b44718aed62e3d31a3b6550b16d86e6669b954cb3132299c09618c876
zh_line_02,zh_tra,single_line,7,1.666666666667,opencv_bilinear,1.6721311475409837,1.6721311475409837,,canonical/zh_line_02/r_1p666667.png,67d69372754a51f8c16d07a1dd2a339272e847ab3e8952c0a6a3fe70ac8b3879,resized/opencv_bilinear/zh_line_02/r_1p666667.png,430a1e9c1c04b98efc550497be274567882af65d2cb65f08653ae1b1af02750f,fonts/microsoft-jhenghei.ttf,0,30,16,26.666666666672,27,0.3333333333279995,17,False,唸唾啃啄執,"吟唾嘴啄執
",唸唾啃啄執,吟唾嘴啄執,2,5,0.4,ok,,44390302ab73a4c543b820962bace266427c81b6adc9d52c6f56bbf6e2f707bc,49fa2c6fa95e3725bb7c369fc302ce02e35d8243b2475ae64302ecffdfd5cb4b,e74ae69b44718aed62e3d31a3b6550b16d86e6669b954cb3132299c09618c876
zh_line_02,zh_tra,single_line,7,1.8,opencv_bilinear,1.8048780487804879,1.8048780487804879,,canonical/zh_line_02/r_1p800000.png,7653c39fe07364f64364964f5e8e97e74acc2072540f1a7bfa1e39d1e365d482,resized/opencv_bilinear/zh_line_02/r_1p800000.png,ad70c370c36722d18634b981dfce03014915d732a9808c9003ebdcddae0a40ab,fonts/microsoft-jhenghei.ttf,0,32,16,28.8,29,0.1999999999999993,17,False,唸唾啃啄執,"吟咕踢啄執
",唸唾啃啄執,吟咕踢啄執,3,5,0.6,ok,,4031335ae54f1f0d8300c98e973a183fd113bedc64697ff63cea09ec95695f2e,3a4120c4daeafe3f8ee5804192d16b528b87bb4c8730336af3da2013d2915289,b7a6d676711eae81c97b7f680489c3b1269d394228b0b622742e45643a103d3b
zh_line_02,zh_tra,single_line,7,1.933333333333,opencv_bilinear,1.935483870967742,1.935483870967742,,canonical/zh_line_02/r_1p933333.png,9403b3cf798659314ddce331a15e37c93258ecd2b7d26d97f63f034b356cfaa3,resized/opencv_bilinear/zh_line_02/r_1p933333.png,90faaa122b250d000c3396b90bc535a81c3a8ae7c98d94c672141188748db55b,fonts/microsoft-jhenghei.ttf,0,35,16,30.933333333328,31,0.06666666667199905,17,False,唸唾啃啄執,"吟唾啃啄執
",唸唾啃啄執,吟唾啃啄執,1,5,0.2,ok,,93c8e47fdeb9ff0da53cf2fa139d3d3a4883ebbf0ff15aa21aa8ffafef840c52,d5af348f70b132bc68265bd9143468e5367bfa535c60cd69f3d4e833a9d33941,2b75dc73ce69d15518689a0c67c104c454b2b9bdae3249cc3115d1e1ea9d4ce4
zh_line_02,zh_tra,single_line,7,2.066666666667,opencv_bilinear,2.0655737704918034,2.0655737704918034,,canonical/zh_line_02/r_2p066667.png,5c02d3de6eac523a950291d01e90d4629dc97535e73e42ab3e50e5453398c533,resized/opencv_bilinear/zh_line_02/r_2p066667.png,105f731a835968c55bd150fd6358f03aaad1105a6a6ff9ee4a060186df2bca0e,fonts/microsoft-jhenghei.ttf,0,37,16,33.066666666672,33,-0.06666666667199905,16,False,唸唾啃啄執,"吟唾嘴啄執
",唸唾啃啄執,吟唾嘴啄執,2,5,0.4,ok,,27514df39766eb52bd84741879033d82de3109c1a080aaa355293472dd66821f,a8679f31fb49c530b3d9c2d67fe7c2a865b0ec4c01fa1b69b98559f57366b21e,e74ae69b44718aed62e3d31a3b6550b16d86e6669b954cb3132299c09618c876
zh_line_02,zh_tra,single_line,7,2.2,opencv_bilinear,2.2,2.2,,canonical/zh_line_02/r_2p200000.png,70dc0d9bac126f27c776ccff129fef5b0004b7d8017538e964ee453cf5aef9cd,resized/opencv_bilinear/zh_line_02/r_2p200000.png,1495088e8993654b953d832938416708d43abcf3906455922d8e08b0ba1b5062,fonts/microsoft-jhenghei.ttf,0,38,16,35.2,35,-0.20000000000000284,16,False,唸唾啃啄執,"吟唾嘴啄執
",唸唾啃啄執,吟唾嘴啄執,2,5,0.4,ok,,0692e8130efadbfaed79eeac3c44a09afc8e2f99590807640d69db8ab181907d,8a681920195a5c808bdd49172c3a1861a650b2deb41a0fbbfb639dd14459a493,e74ae69b44718aed62e3d31a3b6550b16d86e6669b954cb3132299c09618c876
zh_line_02,zh_tra,single_line,7,2.333333333333,opencv_bilinear,2.330578512396694,2.330578512396694,,canonical/zh_line_02/r_2p333333.png,10c68a8f958c6a43d57752a035c2f1000dbec38b9ce01d9bcb7ef7a73660c090,resized/opencv_bilinear/zh_line_02/r_2p333333.png,8c1bbdd574b99408e724b42903f2ed24fd5da07ed29aeb8f10dd505f870f230e,fonts/microsoft-jhenghei.ttf,0,41,16,37.333333333328,37,-0.3333333333279995,16,False,唸唾啃啄執,"吟唾啃啄執
",唸唾啃啄執,吟唾啃啄執,1,5,0.2,ok,,cdf08e611916314345f3cd3a3556f629927362aa6d0c4d7e6b6b3156c7db4cc5,ada5f7f061e2b4585d41a3c8e4f11b53ae28ede135229eff314995323a01a567,2b75dc73ce69d15518689a0c67c104c454b2b9bdae3249cc3115d1e1ea9d4ce4
zh_line_02,zh_tra,single_line,7,2.466666666667,opencv_bilinear,2.4705882352941178,2.4705882352941178,,canonical/zh_line_02/r_2p466667.png,9a3209e9c9d80029068764984584969e6560461e6d1850bd55f300ee50340b1d,resized/opencv_bilinear/zh_line_02/r_2p466667.png,a3d68116c4f1f1946bf161fd06bd22bb95a09a1c55e72d32580fb40099856874,fonts/microsoft-jhenghei.ttf,0,43,16,39.466666666672,39,-0.46666666667199763,16,False,唸唾啃啄執,"吟唾啃啄執
",唸唾啃啄執,吟唾啃啄執,1,5,0.2,ok,,25ca3be2e139c7ae3fd686cc458146ea8d014aa43bbb836f2701636151944059,810edd8e98348896faba99458ae4b2a5c24c9068050a54bfd6b83af32b38adf4,2b75dc73ce69d15518689a0c67c104c454b2b9bdae3249cc3115d1e1ea9d4ce4
zh_line_02,zh_tra,single_line,7,2.6,opencv_bilinear,2.6065573770491803,2.6065573770491803,,canonical/zh_line_02/r_2p600000.png,72bfeb7b3920b4a82195e960282b580d36e20bf9a9d65dac71d89051f07902ca,resized/opencv_bilinear/zh_line_02/r_2p600000.png,e633642c3d753468f4cf0f1308fb8fe468959dad785214ff975df5708961ba80,fonts/microsoft-jhenghei.ttf,0,46,16,41.6,41,-0.6000000000000014,16,False,唸唾啃啄執,"吟唾嘴啄執
",唸唾啃啄執,吟唾嘴啄執,2,5,0.4,ok,,3306fc2c2d07785460de1430752fcb246a0a0152d4c3712386eccecd4c979d9d,a1217f1d9366a21dc95978bfcc25a791600dbb5efaa1f127a0bc2e8b48189013,e74ae69b44718aed62e3d31a3b6550b16d86e6669b954cb3132299c09618c876
zh_line_02,zh_tra,single_line,7,2.625,opencv_bilinear,2.628099173553719,2.628099173553719,,canonical/zh_line_02/r_2p625000.png,72bfeb7b3920b4a82195e960282b580d36e20bf9a9d65dac71d89051f07902ca,resized/opencv_bilinear/zh_line_02/r_2p625000.png,0f7fe6243dd28ac3d24fda56f653c449415dd8daa1cc2508b3a82ce8cf0df730,fonts/microsoft-jhenghei.ttf,0,46,16,42.0,41,-1.0,16,False,唸唾啃啄執,"吟唾啃啄執
",唸唾啃啄執,吟唾啃啄執,1,5,0.2,ok,,3306fc2c2d07785460de1430752fcb246a0a0152d4c3712386eccecd4c979d9d,a8a7501c54dc6dd4ff3eee9442a722ce0ed6f1d2974cab13664ff23d634bf4d1,2b75dc73ce69d15518689a0c67c104c454b2b9bdae3249cc3115d1e1ea9d4ce4
zh_line_02,zh_tra,single_line,7,2.733333333333,opencv_bilinear,2.727272727272727,2.727272727272727,,canonical/zh_line_02/r_2p733333.png,7ebb17a40d2f2509857306fd924bef4b73982bc7654f9b18e63e19848cc54e5c,resized/opencv_bilinear/zh_line_02/r_2p733333.png,1c65fccd9b30b95a69b89a92f5f2bc4b690cee60592587d7f6f902abdf9b6160,fonts/microsoft-jhenghei.ttf,0,48,16,43.733333333328,44,0.2666666666720019,17,False,唸唾啃啄執,"吟唾踢啄執
",唸唾啃啄執,吟唾踢啄執,2,5,0.4,ok,,7c8ebffd9756d8b1ebfd6da3244cf0dd4cf16380e076b0b09b1b7c7f211d9a55,1fcf7f9a24064492c42aeba84e05e76f856abdd3d901c0209ea03723321d2cf5,37957c7394bc63942de44aae9423bab858471a697fc21c3e5dc435965648071a
zh_line_02,zh_tra,single_line,7,2.866666666667,opencv_bilinear,2.8739495798319328,2.8739495798319328,,canonical/zh_line_02/r_2p866667.png,7bdfcbb3dcaa0557e8a727c50b7f817873b4124af3627033479021aadb234ac6,resized/opencv_bilinear/zh_line_02/r_2p866667.png,49b89e0a2cc2139de4adf53fdbe9b9c7993693938af64b3342921e357307d7a3,fonts/microsoft-jhenghei.ttf,0,50,16,45.866666666672,46,0.13333333332799668,17,False,唸唾啃啄執,"嗆唾啃啄執
",唸唾啃啄執,嗆唾啃啄執,1,5,0.2,ok,,1ff2e040fd97e1eccbc8ff67edd43994041bf5da11546c2f3503896f8e487412,cd8a5e979a200556547619cb78510c91c49042ff799d3bef97b79441f4be73df,d7f0a923c7d7b9e368619ea5fc74c7778d2fc702206daaf4f60bb22dc00b415f
zh_line_02,zh_tra,single_line,7,3.0,opencv_bilinear,3.0,3.0,,canonical/zh_line_02/r_3p000000.png,37af239c8ad64c9dabf8d12d2ec7df972cf6af4394056977384d990a5fc0f420,resized/opencv_bilinear/zh_line_02/r_3p000000.png,14848f679bb6e8690857013d2a968728427aa02117efc6514be08b340433bb37,fonts/microsoft-jhenghei.ttf,0,53,16,48.0,48,0.0,16,False,唸唾啃啄執,"吟唾嘴啄執
",唸唾啃啄執,吟唾嘴啄執,2,5,0.4,ok,,62fc5a855051cd0acff8284e4292392c47d5d29aeae37941be1b154653f94dff,fb7ff96ff8a69eb82d03d95c096c4abeaebfd28a011e6b88cbcd6eea3419f861,e74ae69b44718aed62e3d31a3b6550b16d86e6669b954cb3132299c09618c876
zh_line_03,zh_tra,single_line,7,1.0,opencv_bilinear,1.0,1.0,,canonical/zh_line_03/r_1p000000.png,c79ed46e39cf8757c3eb753716daab12f7eef565470eb5184f945610f4c5a87f,resized/opencv_bilinear/zh_line_03/r_1p000000.png,cad4e1214de7689e830c4ebb39844e82b16b6180b1b9645eaaeb85bada204b3c,fonts/microsoft-jhenghei.ttf,0,17,16,16.0,16,0.0,16,False,得深常奢夠堅堂基培堵,"得深常者夠堅堂基培堵
",得深常奢夠堅堂基培堵,得深常者夠堅堂基培堵,1,10,0.1,ok,,38d0beef7a61b378f3ca6fb2c03530aee9fca307e0365facc74576faf19fe90c,38d0beef7a61b378f3ca6fb2c03530aee9fca307e0365facc74576faf19fe90c,930120c524f19ad0a44d4db5e074c0f79cc584a7c9b49c7e35e87df393013cad
zh_line_03,zh_tra,single_line,7,1.133333333333,opencv_bilinear,1.1320754716981132,1.1320754716981132,,canonical/zh_line_03/r_1p133333.png,3e17553ae714bcd471064d6215b25babc067a08e23aab1e52a82de8ac3991720,resized/opencv_bilinear/zh_line_03/r_1p133333.png,58d4b93e46d49afcfadb467a85d20407f4fce0f5e4c2f3a325a91f8962dcde7a,fonts/microsoft-jhenghei.ttf,0,20,16,18.133333333328,18,-0.13333333332800024,16,False,得深常奢夠堅堂基培堵,"得深常奢夠堅堂基培堵
",得深常奢夠堅堂基培堵,得深常奢夠堅堂基培堵,0,10,0.0,ok,,6c49b8af7ae98611bd1dd8d427132d5af213ae4e39e35d90c44d8dd916a051f5,bf277acdd94e238ba8ad0695023cbd51b7ad7a076fb63a53a948b11058e88dd7,6c8ef9d6073cac5cdf19022bf502bae9aa3834ac1359685fca35e7bcb9eb1f77
zh_line_03,zh_tra,single_line,7,1.266666666667,opencv_bilinear,1.2692307692307692,1.2692307692307692,,canonical/zh_line_03/r_1p266667.png,f651c619670872130c5eb22a15ec8894f09244b51555fe7acd6d412c2df819c0,resized/opencv_bilinear/zh_line_03/r_1p266667.png,3e21a4d2416596723fb6d181e39b4dadad9867ea1a73b63b68b8ac02e9004f70,fonts/microsoft-jhenghei.ttf,0,22,16,20.266666666672,20,-0.26666666667199834,16,False,得深常奢夠堅堂基培堵,"得深常奢夠堅堂基培堵
",得深常奢夠堅堂基培堵,得深常奢夠堅堂基培堵,0,10,0.0,ok,,edbf8447a953555baba6f998c803e8a98ae80f075d4685e5050770df1ed6d579,b2f008a30aa694a5011252f08363e88f9854d200bd21d9206ec232d58afa6526,6c8ef9d6073cac5cdf19022bf502bae9aa3834ac1359685fca35e7bcb9eb1f77
zh_line_03,zh_tra,single_line,7,1.4,opencv_bilinear,1.4,1.4,,canonical/zh_line_03/r_1p400000.png,2115db4c7fe2c3a132dd28be18f3efc37dffeff4929fd6865bca1aa0345ef8c5,resized/opencv_bilinear/zh_line_03/r_1p400000.png,326de361abdcec810d87601d28b424afbe9fdd8e7b71a539c0e3b203708875ef,fonts/microsoft-jhenghei.ttf,0,25,16,22.4,22,-0.3999999999999986,16,False,得深常奢夠堅堂基培堵,"得深常奢夠堅堂基培堵
",得深常奢夠堅堂基培堵,得深常奢夠堅堂基培堵,0,10,0.0,ok,,6b11176fb33cfc4b7611122faba89315988f6c8153494d509eaf93c406ebba46,b4ec1009914683513fdf133a9482f5dbf3a22cf577bd485c45214ff23bafef7d,6c8ef9d6073cac5cdf19022bf502bae9aa3834ac1359685fca35e7bcb9eb1f77
zh_line_03,zh_tra,single_line,7,1.533333333333,opencv_bilinear,1.5355450236966826,1.5355450236966826,,canonical/zh_line_03/r_1p533333.png,8781179b5880ea7c726e13103aed84c96c84ff35834391fa580eea6478f72e04,resized/opencv_bilinear/zh_line_03/r_1p533333.png,a858ed13ab468a227f2bf71b5da86a22e8e3800bad03b2003cbecaa0f609c5c6,fonts/microsoft-jhenghei.ttf,0,27,16,24.533333333328,24,-0.5333333333279988,17,False,得深常奢夠堅堂基培堵,"得深常奢夠堅堂基培堵
",得深常奢夠堅堂基培堵,得深常奢夠堅堂基培堵,0,10,0.0,ok,,db7243571516128faf7754d7b5c3ee96eba76810989cfe5eaa439f8f75d646a8,691230d0133ea2fb241d02020809929d429dd9a670f8ebabac1faaac3ac6433a,6c8ef9d6073cac5cdf19022bf502bae9aa3834ac1359685fca35e7bcb9eb1f77
zh_line_03,zh_tra,single_line,7,1.666666666667,opencv_bilinear,1.6650717703349283,1.6650717703349283,,canonical/zh_line_03/r_1p666667.png,a826a5bcdc8ae31409416bb0a7dcf75251814c49353c3398fdf64f0bd47c376f,resized/opencv_bilinear/zh_line_03/r_1p666667.png,f0c47b03807f08dbd5b4f5d327a3a5971f6634b4bf19726bf95dcd8851915742,fonts/microsoft-jhenghei.ttf,0,29,16,26.666666666672,27,0.3333333333279995,17,False,得深常奢夠堅堂基培堵,"得深常奢夠堅堂基培堵
",得深常奢夠堅堂基培堵,得深常奢夠堅堂基培堵,0,10,0.0,ok,,979593f0659b8558c3341968d7a2a9d9c27839d4ab2844e442fa44c1517b5682,f81160eaa3efab79d5597a59d4a437bb0063e31314972796c58d96c4f0f418f5,6c8ef9d6073cac5cdf19022bf502bae9aa3834ac1359685fca35e7bcb9eb1f77
zh_line_03,zh_tra,single_line,7,1.8,opencv_bilinear,1.7971014492753623,1.7971014492753623,,canonical/zh_line_03/r_1p800000.png,9f4841493a6cb1097ef0aed66ff5f6ae49c6576bb67409b3911d66fc41250f9c,resized/opencv_bilinear/zh_line_03/r_1p800000.png,aba1daf1619ca8c30e6038c524038b4f3dce81aed659c74c64b69c4bd1fcdc98,fonts/microsoft-jhenghei.ttf,0,31,16,28.8,28,-0.8000000000000007,17,False,得深常奢夠堅堂基培堵,"得深常奢夠堅堂基培堵
",得深常奢夠堅堂基培堵,得深常奢夠堅堂基培堵,0,10,0.0,ok,,6c34ec0026b34371a8e6e8cf5bcc8dc333ef493fdc5716c52b1243156605432b,6afd06a3f4090353803b662d1c39958fbafb96214fb00df44310436e3b03c5c6,6c8ef9d6073cac5cdf19022bf502bae9aa3834ac1359685fca35e7bcb9eb1f77
zh_line_03,zh_tra,single_line,7,1.933333333333,opencv_bilinear,1.9326923076923077,1.9326923076923077,,canonical/zh_line_03/r_1p933333.png,5a6bb071d4bcbabd5e4f88f2e77758ab4914ebcda7d3b72953e8edf211b36d95,resized/opencv_bilinear/zh_line_03/r_1p933333.png,57e43e41935ffd098d1e91d2c28f7839cec67f04483bd7fba2229576eddcbb03,fonts/microsoft-jhenghei.ttf,0,34,16,30.933333333328,31,0.06666666667199905,17,False,得深常奢夠堅堂基培堵,"得深常奢夠堅堂基培堵
",得深常奢夠堅堂基培堵,得深常奢夠堅堂基培堵,0,10,0.0,ok,,284fb375d26f4152a1c9599767e5450402aa4f7c86264355fc3b6850e4ac2075,7674a6d3887ecdff83f5a1c81c98df3a152d19b5330bcfdc7f02ae9775309e71,6c8ef9d6073cac5cdf19022bf502bae9aa3834ac1359685fca35e7bcb9eb1f77
zh_line_03,zh_tra,single_line,7,2.066666666667,opencv_bilinear,2.0660377358490565,2.0660377358490565,,canonical/zh_line_03/r_2p066667.png,a2bb6f169c641faac976e7ba7262ce21356ad0b005863bcb5b557e0b9b472087,resized/opencv_bilinear/zh_line_03/r_2p066667.png,ce196e6fd9a4527986283409ee315ac65717be6f2ea22fe9301dd4e72a4b43f1,fonts/microsoft-jhenghei.ttf,0,37,16,33.066666666672,33,-0.06666666667199905,16,False,得深常奢夠堅堂基培堵,"得深常奢夠堅堂基培堵
",得深常奢夠堅堂基培堵,得深常奢夠堅堂基培堵,0,10,0.0,ok,,ce0a0cc289c7507de70447ae98d1b4af03fe0b03b6a49bbf73e633c775391c3d,9b5b70647da6220b17bf3176880f23d5797cf815805177c7b75c8fa59ee3ebeb,6c8ef9d6073cac5cdf19022bf502bae9aa3834ac1359685fca35e7bcb9eb1f77
zh_line_03,zh_tra,single_line,7,2.2,opencv_bilinear,2.2,2.2,,canonical/zh_line_03/r_2p200000.png,b5134150013ec0a7e53d72723a4e172156cc09da9e65736b7dffa9f743c3f1bc,resized/opencv_bilinear/zh_line_03/r_2p200000.png,b415fcf16681b87608f350e8d091b4e1e2f084719b37153d15fb2e8a5a574d8b,fonts/microsoft-jhenghei.ttf,0,39,16,35.2,35,-0.20000000000000284,16,False,得深常奢夠堅堂基培堵,"得深常奢夠堅堂基培堵
",得深常奢夠堅堂基培堵,得深常奢夠堅堂基培堵,0,10,0.0,ok,,054e5457e4b44c5488d34c0b542952a050f93249421cde79598ff78c272f64e3,03d9155dc65430371c590454e9e6333f0ae57fa980f58848b10e40c81e3f9991,6c8ef9d6073cac5cdf19022bf502bae9aa3834ac1359685fca35e7bcb9eb1f77
zh_line_03,zh_tra,single_line,7,2.333333333333,opencv_bilinear,2.3365384615384617,2.3365384615384617,,canonical/zh_line_03/r_2p333333.png,2f6a639cd831e15761c01b8ff453b1612d92493e88a2ae89bf479b414c2c1187,resized/opencv_bilinear/zh_line_03/r_2p333333.png,4ae7ce7b5700fe4a674473c3a75728b2eaca1e8d6e1f0752901854e21b7b3fa7,fonts/microsoft-jhenghei.ttf,0,41,16,37.333333333328,37,-0.3333333333279995,16,False,得深常奢夠堅堂基培堵,"得深常奢夠堅堂基培堵
",得深常奢夠堅堂基培堵,得深常奢夠堅堂基培堵,0,10,0.0,ok,,8cd654897e93441183173680ecd713265dee27f52fbca0205a1729d786330bbc,28c6e45c2f7debdd01a17d0d40dfdaf6a8f6c5dfdcede13a12c0e5af400dbcbc,6c8ef9d6073cac5cdf19022bf502bae9aa3834ac1359685fca35e7bcb9eb1f77
zh_line_03,zh_tra,single_line,7,2.466666666667,opencv_bilinear,2.463768115942029,2.463768115942029,,canonical/zh_line_03/r_2p466667.png,54c0edd6a55a98e2fcc67521a16dea18e45b1737c241f8c6036bcb2b61c1d429,resized/opencv_bilinear/zh_line_03/r_2p466667.png,281cfc774e0c573c4e9cb413104cdd2f9b967712a1b2a8bdb628d33e8cd2fcfa,fonts/microsoft-jhenghei.ttf,0,43,16,39.466666666672,39,-0.46666666667199763,16,False,得深常奢夠堅堂基培堵,"得深常奢夠堅堂基培堵
",得深常奢夠堅堂基培堵,得深常奢夠堅堂基培堵,0,10,0.0,ok,,1eb4c9fa734801aa528dcf56bee3a060873e7b6ab7e9b918b0634d54c43bd1b5,57a0e2b3e1bba7f4b9ccfe8230dbeca829596a6c435f74d5b4ac8a89b58229f5,6c8ef9d6073cac5cdf19022bf502bae9aa3834ac1359685fca35e7bcb9eb1f77
zh_line_03,zh_tra,single_line,7,2.6,opencv_bilinear,2.5953488372093023,2.5953488372093023,,canonical/zh_line_03/r_2p600000.png,715059be5779085a7c36d6aaa89eaceeb32a956e67ae2b7c4f7bdbc954588061,resized/opencv_bilinear/zh_line_03/r_2p600000.png,46af6e3f2b910ace201bca6aac90ab70b594bfed18c2a68fd8272c77eda4b2b2,fonts/microsoft-jhenghei.ttf,0,47,16,41.6,42,0.3999999999999986,17,False,得深常奢夠堅堂基培堵,"得深常奢夠堅堂基培堵
",得深常奢夠堅堂基培堵,得深常奢夠堅堂基培堵,0,10,0.0,ok,,ca773b83929c1abc153683356799aae1fbd25f1c85230d550b790985a679be4e,af4fdd97b4d165787adc1e8e8686b67ce36420a5c85ed5bf87ca043632fc474c,6c8ef9d6073cac5cdf19022bf502bae9aa3834ac1359685fca35e7bcb9eb1f77
zh_line_03,zh_tra,single_line,7,2.625,opencv_bilinear,2.619718309859155,2.619718309859155,,canonical/zh_line_03/r_2p625000.png,715059be5779085a7c36d6aaa89eaceeb32a956e67ae2b7c4f7bdbc954588061,resized/opencv_bilinear/zh_line_03/r_2p625000.png,a78cf83644df96254a4fb242f5ecbd9c0d1813b7e53a453d97e94f7a522f7660,fonts/microsoft-jhenghei.ttf,0,47,16,42.0,42,0.0,17,False,得深常奢夠堅堂基培堵,"得深常奢夠堅堂基培堵
",得深常奢夠堅堂基培堵,得深常奢夠堅堂基培堵,0,10,0.0,ok,,ca773b83929c1abc153683356799aae1fbd25f1c85230d550b790985a679be4e,330eb2e0b0ee26fd003c85b2943368ae9c849ad3624a5c69ef05ed8fd4829bc7,6c8ef9d6073cac5cdf19022bf502bae9aa3834ac1359685fca35e7bcb9eb1f77
zh_line_03,zh_tra,single_line,7,2.733333333333,opencv_bilinear,2.727272727272727,2.727272727272727,,canonical/zh_line_03/r_2p733333.png,5bd9da2739453acde6426f1473515a7d97b331f660e1163744731d791c05bf50,resized/opencv_bilinear/zh_line_03/r_2p733333.png,f9cb106db1b5a71e98f2421218a4c30363746b87bf5496b3fb24d08ba2c190ba,fonts/microsoft-jhenghei.ttf,0,48,16,43.733333333328,44,0.2666666666720019,17,False,得深常奢夠堅堂基培堵,"得深常奢夠堅堂基培堵
",得深常奢夠堅堂基培堵,得深常奢夠堅堂基培堵,0,10,0.0,ok,,89e9763689dda972d37c8db1982c59ee3acbf733d450ded135489b2e7c4b8739,ee3b629adac89d718525293bb36fb25a0f72468de7a8689b95f127cd55c40c08,6c8ef9d6073cac5cdf19022bf502bae9aa3834ac1359685fca35e7bcb9eb1f77
zh_line_03,zh_tra,single_line,7,2.866666666667,opencv_bilinear,2.8720379146919433,2.8720379146919433,,canonical/zh_line_03/r_2p866667.png,8610e7e2511bafa908e5600f2b16966aecf0ef60b13143bf2dbaa9f7c0e8cb8e,resized/opencv_bilinear/zh_line_03/r_2p866667.png,b73800b8b1657fd5e9463d2f1219db4f215d782906a1bc1ed3e80c4e270f6922,fonts/microsoft-jhenghei.ttf,0,51,16,45.866666666672,46,0.13333333332799668,17,False,得深常奢夠堅堂基培堵,"得深常奢夠堅堂基培堵
",得深常奢夠堅堂基培堵,得深常奢夠堅堂基培堵,0,10,0.0,ok,,c9803af175540da1aae31944b04b95651055e0e9ff90fc0ec4ff1994c0b40f71,5cb1a628a8e51193ad6fa0d904af0105f56a0e34a1e5bb0db07b7d1e60ddca71,6c8ef9d6073cac5cdf19022bf502bae9aa3834ac1359685fca35e7bcb9eb1f77
zh_line_03,zh_tra,single_line,7,3.0,opencv_bilinear,3.0,3.0,,canonical/zh_line_03/r_3p000000.png,4137c20e68a0de56faf596c181fc05b50db25a1eb419f100c85ccdcc7784e50a,resized/opencv_bilinear/zh_line_03/r_3p000000.png,990bd4c70b88d46c0c468cf9c241aaf1ea0dc85e7f6c0020eb7a067f4d568d42,fonts/microsoft-jhenghei.ttf,0,54,16,48.0,48,0.0,16,False,得深常奢夠堅堂基培堵,"得深常奢夠堅堂基培堵
",得深常奢夠堅堂基培堵,得深常奢夠堅堂基培堵,0,10,0.0,ok,,d71517a013000bed448eea1989a8b308e160b083f31af0a82627cdd1fca9e980,6076ee94c80e1730f4cb023d7727c83c7e7be5a8aaecb39b596f991fc3ccade2,6c8ef9d6073cac5cdf19022bf502bae9aa3834ac1359685fca35e7bcb9eb1f77
zh_line_04,zh_tra,single_line,7,1.0,opencv_bilinear,1.0,1.0,,canonical/zh_line_04/r_1p000000.png,d35cd148de0acc9dd58fab9438a94424981d8f1b86a49b99ea519c0fc3ee185e,resized/opencv_bilinear/zh_line_04/r_1p000000.png,294a85c0003a5b638112839a9e8cb6900442fe8b300b7f87ae48ca9ac6bbbdd7,fonts/microsoft-jhenghei.ttf,0,17,16,16.0,16,0.0,17,False,乾彩商域國匙剪區參,"竟彩商域國是剪區參
",乾彩商域國匙剪區參,竟彩商域國是剪區參,2,9,0.2222222222222222,ok,,7ee5cd7bc6f4c9e254595944a51c3019c24ec2332328e5d7e9650d4e0774f8ce,7ee5cd7bc6f4c9e254595944a51c3019c24ec2332328e5d7e9650d4e0774f8ce,f0d2ce90eb5d823c6a6d7488f4cf46264f6c774e86c8e51f98350de01d4ced2e
zh_line_04,zh_tra,single_line,7,1.133333333333,opencv_bilinear,1.130890052356021,1.130890052356021,,canonical/zh_line_04/r_1p133333.png,9b7d6295497195d559c01de87ed8baf7f66aa757f747ca64995cf17610128d1c,resized/opencv_bilinear/zh_line_04/r_1p133333.png,6e808c57b0f9f8bf1517db64d13c78a93ad95af9e4c6d74f724ac8dbcdc799a0,fonts/microsoft-jhenghei.ttf,0,20,16,18.133333333328,18,-0.13333333332800024,17,False,乾彩商域國匙剪區參,"乾彩商域國是剪區參
",乾彩商域國匙剪區參,乾彩商域國是剪區參,1,9,0.1111111111111111,ok,,c2b1b2cadf47112ff9c7b8afa0343d3e72627084c316eb576fbf920dffe6d2be,a9da9eff17e7f3c043adb121149ae87479cf311e03cadedb29099aaed03ba5d5,efae427c5ba866e720af26e3145818b6e2fd83d4c549699c6a88f6a23235d854
zh_line_04,zh_tra,single_line,7,1.266666666667,opencv_bilinear,1.2698412698412698,1.2698412698412698,,canonical/zh_line_04/r_1p266667.png,1c1ba4c973d4eb48e9c6b713b52504c9b1ca61252cd0958a6bf4e514b9764621,resized/opencv_bilinear/zh_line_04/r_1p266667.png,fb6d8cb61b6bc076732bff1f3963929dbcecd27597fe975091d6a1008c25f1fc,fonts/microsoft-jhenghei.ttf,0,22,16,20.266666666672,20,-0.26666666667199834,17,False,乾彩商域國匙剪區參,"乾彩商域國是剪區參
",乾彩商域國匙剪區參,乾彩商域國是剪區參,1,9,0.1111111111111111,ok,,009b23a455f314bb8cbc436e1caddb022e66b07e7f7e14132fbde6d109577b7f,765c3196f2902a28a92a12366a82472c64d2b791907bac79aa4cab486f4a818e,efae427c5ba866e720af26e3145818b6e2fd83d4c549699c6a88f6a23235d854
zh_line_04,zh_tra,single_line,7,1.4,opencv_bilinear,1.3989637305699483,1.3989637305699483,,canonical/zh_line_04/r_1p400000.png,96efe8297ff2ef47fcd4b7db82e5958c680aa771f8393933b2de1ec9623f31fb,resized/opencv_bilinear/zh_line_04/r_1p400000.png,8a459197c54e27e46052af3b908948ecdad65fc74a36a6b869f9c8fc17a7d8f6,fonts/microsoft-jhenghei.ttf,0,25,16,22.4,22,-0.3999999999999986,17,False,乾彩商域國匙剪區參,"乾彩商域國是剪區參
",乾彩商域國匙剪區參,乾彩商域國是剪區參,1,9,0.1111111111111111,ok,,8bf9fce2515670ba469b2fb0db9e523c20aaea8c4e84d5d574dac434f4ff36e7,01fe4d988258e993f85f8fa33ba93e27ffbaac63764051857e20c632da57cc54,efae427c5ba866e720af26e3145818b6e2fd83d4c549699c6a88f6a23235d854
zh_line_04,zh_tra,single_line,7,1.533333333333,opencv_bilinear,1.53125,1.53125,,canonical/zh_line_04/r_1p533333.png,5719823d12b4e7c4eb3065b207a8be9c36a8312b16b49084f5d37e46895c5bef,resized/opencv_bilinear/zh_line_04/r_1p533333.png,f757519eb887c150ea74dc9015af4bd9ba1ed42c12f18b5e142f9560347ca895,fonts/microsoft-jhenghei.ttf,0,27,16,24.533333333328,24,-0.5333333333279988,16,False,乾彩商域國匙剪區參,,乾彩商域國匙剪區參,,9,9,1.0,ok,,dfa3e4d314afb78dd834ed64ac9f30ba0b08e927181c38b366a39cc5f354a3ea,4f202f1ec2f1025598ea1f192fbb8961b69c290c23f148c6a47a7db81efafa0b,e3b0c44298fc1c149afbf4c8996fb92427ae41e4649b934ca495991b7852b855
zh_line_04,zh_tra,single_line,7,1.666666666667,opencv_bilinear,1.6649214659685865,1.6649214659685865,,canonical/zh_line_04/r_1p666667.png,0c095811be867980437a2ce403d58ad79c743c48bcba90cef70765cd433a4319,resized/opencv_bilinear/zh_line_04/r_1p666667.png,360936a004ee12c0078c27c95f6ed2660abbee5864a4b2584b04a6e8d629928e,fonts/microsoft-jhenghei.ttf,0,29,16,26.666666666672,27,0.3333333333279995,17,False,乾彩商域國匙剪區參,,乾彩商域國匙剪區參,,9,9,1.0,ok,,78647394ae973a3d28f2101c1da1c88f704a2cc06cbc98657710cd3cea54d4b0,7ac554f5427a7b33fa11a35b9187a1e7b9c189d63289ac2244a9e99336ef493b,e3b0c44298fc1c149afbf4c8996fb92427ae41e4649b934ca495991b7852b855
zh_line_04,zh_tra,single_line,7,1.8,opencv_bilinear,1.8,1.8,,canonical/zh_line_04/r_1p800000.png,9936e7fa433602ba2d1e605446e1bac71c224406c1e8283a5f18dd63f66c975a,resized/opencv_bilinear/zh_line_04/r_1p800000.png,01f71a7ba4dd3836134ba64286afeea9554b57b0e931fa2c19a4ab0f2167a5ec,fonts/microsoft-jhenghei.ttf,0,31,16,28.8,29,0.1999999999999993,17,False,乾彩商域國匙剪區參,,乾彩商域國匙剪區參,,9,9,1.0,ok,,1c3ff9aaa7c792722b20a0683ca62f463943906bdd492d49597b361d2dcb727b,e4fbaa82da4466f025b15acac1d30e87f20caa2230cb03609e863cf13da0e782,e3b0c44298fc1c149afbf4c8996fb92427ae41e4649b934ca495991b7852b855
zh_line_04,zh_tra,single_line,7,1.933333333333,opencv_bilinear,1.935483870967742,1.935483870967742,,canonical/zh_line_04/r_1p933333.png,85411d951329cf684584326ebdf989635418c7c934fe06008e39635c624aee80,resized/opencv_bilinear/zh_line_04/r_1p933333.png,9f67cfea388ea166dd2e3a2f93a2fbde03e6c332ae0b8177d4143dfd9b8ad57d,fonts/microsoft-jhenghei.ttf,0,33,16,30.933333333328,31,0.06666666667199905,17,False,乾彩商域國匙剪區參,,乾彩商域國匙剪區參,,9,9,1.0,ok,,f7be58de3b57316b0b1c9791d9f77b012a4947099c8d5ba7137c2ac82df24147,3be72d1cbbcb11fc2d769036dcd106e7b16533dc0091cf407d02ad34e42e6e1d,e3b0c44298fc1c149afbf4c8996fb92427ae41e4649b934ca495991b7852b855
zh_line_04,zh_tra,single_line,7,2.066666666667,opencv_bilinear,2.0615384615384613,2.0615384615384613,,canonical/zh_line_04/r_2p066667.png,0205002721a7bd7391c936eb588088f6a2415b12d8263524975502a24602a841,resized/opencv_bilinear/zh_line_04/r_2p066667.png,727c0aac8f72b7a3f897d05aade74a150f82ec81762c98529b580341a8cce746,fonts/microsoft-jhenghei.ttf,0,37,16,33.066666666672,33,-0.06666666667199905,16,False,乾彩商域國匙剪區參,"乾彩商域國是前區參
",乾彩商域國匙剪區參,乾彩商域國是前區參,2,9,0.2222222222222222,ok,,618c4edbf54cd6c098002c6ffb2f55b6af4b1a8c2315394c799a24641e3710c0,679d2df31c5de3eaaa73e5ef7c7d884f81673ad0279a7fb14ac01b2f700bb751,54846f9d626e829d69d10f60d87e758f0a033bbf9f4f3979697186d9aa108c3c
zh_line_04,zh_tra,single_line,7,2.2,opencv_bilinear,2.195876288659794,2.195876288659794,,canonical/zh_line_04/r_2p200000.png,f84c2e26cd324beffbe77f30f1a9b896d44728e1faa61702139918da4b483ed8,resized/opencv_bilinear/zh_line_04/r_2p200000.png,abaa29afd3f51722bd9af07e5ac84ff80f48065f7db51a3166f6f8ed7dea231c,fonts/microsoft-jhenghei.ttf,0,39,16,35.2,35,-0.20000000000000284,16,False,乾彩商域國匙剪區參,"乾彩商域國還剪區參
",乾彩商域國匙剪區參,乾彩商域國還剪區參,1,9,0.1111111111111111,ok,,10fb576c4c1929ca546a672cb17476072bf930772443ef6cdb5ebf347d1f972a,432210651e39ac8809b497fcbf8ad46d2b1a80583356ac4b0d5c7786a6cc454d,f348f223e146e40a4b825544c1f0f6e3d3f7d3db8b8053e100c71d02e8d342aa
zh_line_04,zh_tra,single_line,7,2.333333333333,opencv_bilinear,2.336842105263158,2.336842105263158,,canonical/zh_line_04/r_2p333333.png,309ec11bd12f009a37bd2391ed6bdc700fadfd83ea6bbfcae700327173e73537,resized/opencv_bilinear/zh_line_04/r_2p333333.png,8e96c11bd30ecc7b2f2bb762422787e54b807a995d3d9f1b966433450c5329cc,fonts/microsoft-jhenghei.ttf,0,41,16,37.333333333328,37,-0.3333333333279995,16,False,乾彩商域國匙剪區參,,乾彩商域國匙剪區參,,9,9,1.0,ok,,f2dc924699cd33d8971e8d7b8f1af545c2d0fb327ed15139782be4137d36e0a8,8a511398295119d09817174d45a258a5e512990f48024e33fb8b9b5bc9d221a1,e3b0c44298fc1c149afbf4c8996fb92427ae41e4649b934ca495991b7852b855
zh_line_04,zh_tra,single_line,7,2.466666666667,opencv_bilinear,2.46875,2.46875,,canonical/zh_line_04/r_2p466667.png,87d2ff6fbe3aa97d288c54b1fce9f0ff9c64ac67811a04c58d2e73c9b833a581,resized/opencv_bilinear/zh_line_04/r_2p466667.png,32a0e23ee1888fa9b5b0a718e22e3396b90286deac4e53e056261fbf8e341037,fonts/microsoft-jhenghei.ttf,0,44,16,39.466666666672,39,-0.46666666667199763,16,False,乾彩商域國匙剪區參,,乾彩商域國匙剪區參,,9,9,1.0,ok,,de7fdc4ff8e5614616165240fe888e2ab54de7ff4fd6233667bfd55234d25997,5ced86723913b6bbd22737ae73312855c1a29d26e3ed417ce71d11efb0dc28cd,e3b0c44298fc1c149afbf4c8996fb92427ae41e4649b934ca495991b7852b855
zh_line_04,zh_tra,single_line,7,2.6,opencv_bilinear,2.6020408163265305,2.6020408163265305,,canonical/zh_line_04/r_2p600000.png,0d1225f51c2d07671144ec5018b8e48064d004ffb0ed8320d3cb2085aa7d7e0e,resized/opencv_bilinear/zh_line_04/r_2p600000.png,20b30110a7a6fd55cb810274e04b5de8b4be0d898c1cbdc840c7347d45194e5a,fonts/microsoft-jhenghei.ttf,0,47,16,41.6,42,0.3999999999999986,16,False,乾彩商域國匙剪區參,,乾彩商域國匙剪區參,,9,9,1.0,ok,,b4a3ec0245c028e4d504ffdd8adb214d9e0c7d794010a276067c748ee1df78c0,491ee984a1e2e31480447ccae7b8ddac094cd34f496cb469905f2110958422b5,e3b0c44298fc1c149afbf4c8996fb92427ae41e4649b934ca495991b7852b855
zh_line_04,zh_tra,single_line,7,2.625,opencv_bilinear,2.6288659793814433,2.6288659793814433,,canonical/zh_line_04/r_2p625000.png,0d1225f51c2d07671144ec5018b8e48064d004ffb0ed8320d3cb2085aa7d7e0e,resized/opencv_bilinear/zh_line_04/r_2p625000.png,4cd7b805d58d86d84737f41e48a55c29d42344aedfb03f2d8fc54162ff983d37,fonts/microsoft-jhenghei.ttf,0,47,16,42.0,42,0.0,16,False,乾彩商域國匙剪區參,"乾彩商域國是剪區參
",乾彩商域國匙剪區參,乾彩商域國是剪區參,1,9,0.1111111111111111,ok,,b4a3ec0245c028e4d504ffdd8adb214d9e0c7d794010a276067c748ee1df78c0,ebf6e89c78a7dbe859e2fac21c4003f92540941697cb311c4a40fc4120616088,efae427c5ba866e720af26e3145818b6e2fd83d4c549699c6a88f6a23235d854
zh_line_04,zh_tra,single_line,7,2.733333333333,opencv_bilinear,2.7384615384615385,2.7384615384615385,,canonical/zh_line_04/r_2p733333.png,a4ffc429884bfc76b67e7e38505c2d48d88f9564ac7be13de310b98dd7adf26d,resized/opencv_bilinear/zh_line_04/r_2p733333.png,e1836f1fca3aabd446313c068454380fd02980b86af49c84657f3b2610dd14d9,fonts/microsoft-jhenghei.ttf,0,49,16,43.733333333328,44,0.2666666666720019,17,False,乾彩商域國匙剪區參,"乾彩商域國是二區參
",乾彩商域國匙剪區參,乾彩商域國是二區參,2,9,0.2222222222222222,ok,,6810dd8d1f868bad7e551b3326ef443a33310c2518b4097e4572da7ef59d0c8e,57d71c8f478e1814d331b81ce239a0f9d3b1ab5bd11b319d9ad60e5f698875a3,673639973b341d3dedb1dccabdecfbe371619d860212b7ddd5160cce8336f8cf
zh_line_04,zh_tra,single_line,7,2.866666666667,opencv_bilinear,2.860103626943005,2.860103626943005,,canonical/zh_line_04/r_2p866667.png,382d0cead775389d86cdd747c5442b29e09aac79b43f1885edd6900f76c2b6cc,resized/opencv_bilinear/zh_line_04/r_2p866667.png,49920c0b96f3b12d65846804160b4bbb741c6e0e82d1fbdc06083dcb642763e0,fonts/microsoft-jhenghei.ttf,0,51,16,45.866666666672,46,0.13333333332799668,17,False,乾彩商域國匙剪區參,"乾彩商域國是剪區參
",乾彩商域國匙剪區參,乾彩商域國是剪區參,1,9,0.1111111111111111,ok,,20c97a6796a8180fb3b6de461e1d9fba510c62dc84e8805f2e01473070606b45,6f810c2b671476352636bd6b996519f55931f70bb7ab9b23b6a180779c389223,efae427c5ba866e720af26e3145818b6e2fd83d4c549699c6a88f6a23235d854
zh_line_04,zh_tra,single_line,7,3.0,opencv_bilinear,3.0,3.0,,canonical/zh_line_04/r_3p000000.png,83df0aff67d97b9f896dc29261bd715d83cb7c08c7a57aa9c50d038c4dfd41c8,resized/opencv_bilinear/zh_line_04/r_3p000000.png,c7f864a925853db0156dabe8be2fb28d5155de2bf8c08a9754dbd46a31973c4d,fonts/microsoft-jhenghei.ttf,0,53,16,48.0,48,0.0,16,False,乾彩商域國匙剪區參,"乾彩商域國蝶剪區參
",乾彩商域國匙剪區參,乾彩商域國蝶剪區參,1,9,0.1111111111111111,ok,,4acfa5721d0b11d6e9c56713cb173b11380c667b9fc431002fdd174b191a28b8,c10d8c8ae2d31e64bb3f48620bb645cfd952d5371d1727ca0d76570b3e2a3c07,a4b479d97c03adf5d73d3b5683e9afcdd3a61879baed14f8eedaa691c2b5bef6
zh_line_05,zh_tra,single_line,7,1.0,opencv_bilinear,1.0,1.0,,canonical/zh_line_05/r_1p000000.png,aa5da142474c83d073493a50a84ea991054ba36acaa18da24339b898adb53e4f,resized/opencv_bilinear/zh_line_05/r_1p000000.png,133fc8fd2a2e8da42d1a5e4428cddeac860b853fa61dd2e06793ae27f72f271e,fonts/microsoft-jhenghei.ttf,0,16,16,16.0,16,0.0,16,False,天地玄黃宇宙洪荒,"天地玄黃宇宙洪荒
",天地玄黃宇宙洪荒,天地玄黃宇宙洪荒,0,8,0.0,ok,,44fcecf7969d79c51178401dee666599b93a653d22fc7c512c5b67b2657f8fee,44fcecf7969d79c51178401dee666599b93a653d22fc7c512c5b67b2657f8fee,95d7a166a74a162bd028bdbb30550cc36626acb62f559f29ff5b9fffd1d204da
zh_line_05,zh_tra,single_line,7,1.133333333333,opencv_bilinear,1.1314285714285715,1.1314285714285715,,canonical/zh_line_05/r_1p133333.png,8e5b6f630d97dd2a1aeb9ba34a93fd99426041e02acd15a4abcf7fe86af037d1,resized/opencv_bilinear/zh_line_05/r_1p133333.png,7b7d80603bd8dba27d448e5b7a0a8e1822ae01ecb9d99913321cae40ab219170,fonts/microsoft-jhenghei.ttf,0,20,16,18.133333333328,18,-0.13333333332800024,17,False,天地玄黃宇宙洪荒,"天地玄黃宇宙洪荒
",天地玄黃宇宙洪荒,天地玄黃宇宙洪荒,0,8,0.0,ok,,9402b096a59257a8cdec5b325bd8fe2b57e7f9811ec7f529e2c18019aed2fe8a,1162a9d0743152a8449f6db91fdd8237ae4cee0ba53135d8c31514937f846387,95d7a166a74a162bd028bdbb30550cc36626acb62f559f29ff5b9fffd1d204da
zh_line_05,zh_tra,single_line,7,1.266666666667,opencv_bilinear,1.2650602409638554,1.2650602409638554,,canonical/zh_line_05/r_1p266667.png,1dbca1ed141f08248c5cb13c80885c51f85b7ca5c1687f7d861f1fa584d3a417,resized/opencv_bilinear/zh_line_05/r_1p266667.png,2735c58f6048b5485c210471cd5ad6291b57f4e5efdc21c40ca31b37f5695f4c,fonts/microsoft-jhenghei.ttf,0,21,16,20.266666666672,20,-0.26666666667199834,16,False,天地玄黃宇宙洪荒,"天地玄黃宇宙洪荒
",天地玄黃宇宙洪荒,天地玄黃宇宙洪荒,0,8,0.0,ok,,ab4cb97724b4ee0849e0589034141c278c00a52bb38d9671ac3ff296df6e439a,79adbe4f66144c9f88c8b1bc22813a10c693442888b1db16237a983071f4ab35,95d7a166a74a162bd028bdbb30550cc36626acb62f559f29ff5b9fffd1d204da
zh_line_05,zh_tra,single_line,7,1.4,opencv_bilinear,1.3977272727272727,1.3977272727272727,,canonical/zh_line_05/r_1p400000.png,e128966c745fea5ed3c068c7be1fac93a6b687c5f17b94321510b85bb5902907,resized/opencv_bilinear/zh_line_05/r_1p400000.png,fb5ba37ce92a5a4f4d55c536e090ee9e92b132ebf0e9818b28c4727a722bae84,fonts/microsoft-jhenghei.ttf,0,25,16,22.4,22,-0.3999999999999986,16,False,天地玄黃宇宙洪荒,,天地玄黃宇宙洪荒,,8,8,1.0,ok,,a708f2381732f837300105fe45b38304ff69ef6e216b161feb8f2020750fde12,7e11673ca63943fb4204be48659cb3afd73c24bbbe1c31699cfc38a70bacbd2a,e3b0c44298fc1c149afbf4c8996fb92427ae41e4649b934ca495991b7852b855
zh_line_05,zh_tra,single_line,7,1.533333333333,opencv_bilinear,1.5340909090909092,1.5340909090909092,,canonical/zh_line_05/r_1p533333.png,b1f4834960ef7a2604de9255ef576569bcf5af9b0fdfe19a252671523dc3f024,resized/opencv_bilinear/zh_line_05/r_1p533333.png,4bc1e4de3e93fe8d0b7076d393fb655f8bb928dbd754321033286c458fe5fc63,fonts/microsoft-jhenghei.ttf,0,27,16,24.533333333328,25,0.4666666666720012,17,False,天地玄黃宇宙洪荒,"天地玄黃宇崗洪蔗
",天地玄黃宇宙洪荒,天地玄黃宇崗洪蔗,2,8,0.25,ok,,5446e4b586a7950ebefd40959a20fb970b42327a1d66fc6360dbecb8cb4a9c60,4d418bd57b227df06520447f6f3a542445cd3c595066a662b468cc8afd3d89ae,113ef8caf596e293c074b054f24bd3bbf6ee9d9399124b72b04554c08a0dafe1
zh_line_05,zh_tra,single_line,7,1.666666666667,opencv_bilinear,1.6647398843930636,1.6647398843930636,,canonical/zh_line_05/r_1p666667.png,4e42c099bdb1d66dca177f2738d3f242a6c7d67b89b3cd5e783f7d8a2e79ae2d,resized/opencv_bilinear/zh_line_05/r_1p666667.png,50f1f22d51284e292248461f5bee034d01a7017125edf054cd9f5e50fed56c21,fonts/microsoft-jhenghei.ttf,0,29,16,26.666666666672,27,0.3333333333279995,17,False,天地玄黃宇宙洪荒,,天地玄黃宇宙洪荒,,8,8,1.0,ok,,0b66cb1712bc95bdc6d107c93716bf7f69b212c2f8beab9bc97aa61eab529d08,f3d248fa37dd8f51deccae0a754d995df666723b812dd70e3f47df5ed65998bd,e3b0c44298fc1c149afbf4c8996fb92427ae41e4649b934ca495991b7852b855
zh_line_05,zh_tra,single_line,7,1.8,opencv_bilinear,1.7966101694915255,1.7966101694915255,,canonical/zh_line_05/r_1p800000.png,a8cd37319ef671c19a0d80f973626bd385cbb0da1e245e05949f661e1860a200,resized/opencv_bilinear/zh_line_05/r_1p800000.png,8df1b8e71302ad993f8509513633feefa9294340248c3d47ea720b336354555e,fonts/microsoft-jhenghei.ttf,0,32,16,28.8,29,0.1999999999999993,17,False,天地玄黃宇宙洪荒,"天地玄黃宇宙洪荒
",天地玄黃宇宙洪荒,天地玄黃宇宙洪荒,0,8,0.0,ok,,20644ce8a1c9043f093efae7fda4f263a26a66721ccade635b4d5eca678e99cf,8f64c574c2269b44e878e4d97c380db5405844122e8cd605ddf661e64b78f37f,95d7a166a74a162bd028bdbb30550cc36626acb62f559f29ff5b9fffd1d204da
zh_line_05,zh_tra,single_line,7,1.933333333333,opencv_bilinear,1.9322033898305084,1.9322033898305084,,canonical/zh_line_05/r_1p933333.png,7f56eddce26f199cfe3420dc7db8c7585aaa215b8283ca23b706aba11b4610b4,resized/opencv_bilinear/zh_line_05/r_1p933333.png,4bb1a6670e82b6c46d3c935422d73417a6fb791ee00b5e76e69786bcef1bce02,fonts/microsoft-jhenghei.ttf,0,35,16,30.933333333328,31,0.06666666667199905,17,False,天地玄黃宇宙洪荒,"天地玄黃宇宙洪荒
",天地玄黃宇宙洪荒,天地玄黃宇宙洪荒,0,8,0.0,ok,,55c5e9b8b33d58b924d24f4e0c0f1cc2a2f352c974d11ed8120ace500f2d68b6,322ebd7b18c9aa827f9b3509c41c0bd574151ef0df154fabb00b409ec4b8dd2c,95d7a166a74a162bd028bdbb30550cc36626acb62f559f29ff5b9fffd1d204da
zh_line_05,zh_tra,single_line,7,2.066666666667,opencv_bilinear,2.0677966101694913,2.0677966101694913,,canonical/zh_line_05/r_2p066667.png,38122283c0f8722623125b7efe36fb68b4375f34da27cee6c422e1121bb77931,resized/opencv_bilinear/zh_line_05/r_2p066667.png,c65150d7717e67dc413a2e0bb27f61b8aef709781c74dd869c6582648fd50648,fonts/microsoft-jhenghei.ttf,0,37,16,33.066666666672,33,-0.06666666667199905,16,False,天地玄黃宇宙洪荒,"天地玄黃宇崗洪荒
",天地玄黃宇宙洪荒,天地玄黃宇崗洪荒,1,8,0.125,ok,,2efa2d4e2f31d32cb08722862f036b16996d493c8ad66b463f27276932945279,e0417513f839bf08697137d2929c50e61b30c692ccf447a6196dbe65471a3d60,e5acab4466be4868fa07fa3032c83357ae522707adb570079a4fd39629a090ce
zh_line_05,zh_tra,single_line,7,2.2,opencv_bilinear,2.197674418604651,2.197674418604651,,canonical/zh_line_05/r_2p200000.png,de2f62c62de4464a484580768f5b03950ee54c297a9248da0fda37d06bcdd11f,resized/opencv_bilinear/zh_line_05/r_2p200000.png,8be1963bef0210e7147b2045bf13ff677207ab57da3ab06c46666c04cfb6766a,fonts/microsoft-jhenghei.ttf,0,38,16,35.2,35,-0.20000000000000284,16,False,天地玄黃宇宙洪荒,"天地玄邁宇宙洪荒
",天地玄黃宇宙洪荒,天地玄邁宇宙洪荒,1,8,0.125,ok,,b6f877c7e6026ff0c6e70a0c29cc81f029c7f46b13de19974f313772b6f3cc66,1662f73b79a75a36eb4ff8e7f4cd040811164ce523f2eab90d3fc6e08ba383c1,857e27306819dbac89f7b9f2bdab4f6472d8146f06cb80fb263ce4a15c68ca23
zh_line_05,zh_tra,single_line,7,2.333333333333,opencv_bilinear,2.3389830508474576,2.3389830508474576,,canonical/zh_line_05/r_2p333333.png,bdc2dd49c18eead67b55fe12a3e606f611d7a98b74556d7935b20175fedb2a83,resized/opencv_bilinear/zh_line_05/r_2p333333.png,05fc9f666558af48eed31f09ea038da2c9256bf386ca49c66fde082c94226622,fonts/microsoft-jhenghei.ttf,0,42,16,37.333333333328,37,-0.3333333333279995,16,False,天地玄黃宇宙洪荒,"天地玄黃宇宙洪荒
",天地玄黃宇宙洪荒,天地玄黃宇宙洪荒,0,8,0.0,ok,,84e196f1626632446e16a16fe2c22cefa56022500c0a946f75aab23309a72f7d,15b927c29ae3121049d79f8338c0afebc3b7ed5f430aa01fce29290e297e53a8,95d7a166a74a162bd028bdbb30550cc36626acb62f559f29ff5b9fffd1d204da
zh_line_05,zh_tra,single_line,7,2.466666666667,opencv_bilinear,2.460674157303371,2.460674157303371,,canonical/zh_line_05/r_2p466667.png,fb068e891290ba5432d25292ba3ad00ed96bf9f54135f665058ab02c2b06d367,resized/opencv_bilinear/zh_line_05/r_2p466667.png,31920096eb3e04cbf70327fad28e19692899f206e80918a2e592efeb8c95c47a,fonts/microsoft-jhenghei.ttf,0,45,16,39.466666666672,40,0.5333333333280024,16,False,天地玄黃宇宙洪荒,"天地玄黃宇宙洪荒
",天地玄黃宇宙洪荒,天地玄黃宇宙洪荒,0,8,0.0,ok,,ee686696fc89a7e3ebe858b5d870a407f71dd42771946c051d814f113589212d,8ab19f4844ac8999474611f429f9590359c1819880752184498d0a2971557f76,95d7a166a74a162bd028bdbb30550cc36626acb62f559f29ff5b9fffd1d204da
zh_line_05,zh_tra,single_line,7,2.6,opencv_bilinear,2.605714285714286,2.605714285714286,,canonical/zh_line_05/r_2p600000.png,8e9f45ff7b93a04913128c4ff2dfe895081762b5e946d04aeea2b240663b1155,resized/opencv_bilinear/zh_line_05/r_2p600000.png,aa8122d881f3d824600b6aab3e517f129ba81e44b25c0526d002290c96d6591a,fonts/microsoft-jhenghei.ttf,0,46,16,41.6,41,-0.6000000000000014,17,False,天地玄黃宇宙洪荒,"天地玄黃宇軸洪荒
",天地玄黃宇宙洪荒,天地玄黃宇軸洪荒,1,8,0.125,ok,,46ef47a1e3ce71a7f7897b094f41c780fb20cf1c86a02b39b63891b5beb33695,35ab5fc548c4e319b1a3da072039c91a325983bbc1107f6296e581654c539be6,ab20a7b93f777290c54264ad451491243f557c9d2b2438a4a96e0a423494327a
zh_line_05,zh_tra,single_line,7,2.625,opencv_bilinear,2.6206896551724137,2.6206896551724137,,canonical/zh_line_05/r_2p625000.png,8e9f45ff7b93a04913128c4ff2dfe895081762b5e946d04aeea2b240663b1155,resized/opencv_bilinear/zh_line_05/r_2p625000.png,c7803ac0bb741f40f3c63c17b812787a87aedb3b0804dfbe8d25791d5fa2db5e,fonts/microsoft-jhenghei.ttf,0,46,16,42.0,41,-1.0,16,False,天地玄黃宇宙洪荒,"天地玄萬宇宙洪荒
",天地玄黃宇宙洪荒,天地玄萬宇宙洪荒,1,8,0.125,ok,,46ef47a1e3ce71a7f7897b094f41c780fb20cf1c86a02b39b63891b5beb33695,1fab1359e0398a2b89e6cb95c1140e7bfa91881fb35e88802dd2a87e024e020e,86e339531812141f592c8d1facb01e701af91fb187f413852fe1062f542f9881
zh_line_05,zh_tra,single_line,7,2.733333333333,opencv_bilinear,2.739884393063584,2.739884393063584,,canonical/zh_line_05/r_2p733333.png,f41388cd7912c0d850872e53d6a1a883d127b56a925fd5e0a3a5d9d0fed9851c,resized/opencv_bilinear/zh_line_05/r_2p733333.png,e79bec4834ae28bdc3b7822639a2be56791ded594f5764dc16a66ebe8270689f,fonts/microsoft-jhenghei.ttf,0,48,16,43.733333333328,44,0.2666666666720019,17,False,天地玄黃宇宙洪荒,"天地玄黃宇宙洪荒
",天地玄黃宇宙洪荒,天地玄黃宇宙洪荒,0,8,0.0,ok,,d2ae87e61bbf88b67c7fbe07c5cc4eb94e9544874c40c1d8897e7436d8c3cda3,83924b7703823add66fc0d901598ee4577077711858f3166f9942b5dc28d4609,95d7a166a74a162bd028bdbb30550cc36626acb62f559f29ff5b9fffd1d204da
zh_line_05,zh_tra,single_line,7,2.866666666667,opencv_bilinear,2.86046511627907,2.86046511627907,,canonical/zh_line_05/r_2p866667.png,54310c9d36aa49dd26fa659fa59a82e89ad4127e3208cfe4d9fc8e943925215f,resized/opencv_bilinear/zh_line_05/r_2p866667.png,60dff164641d846582d6c2b7c31064a49a6203067f78062606595d6319acaf01,fonts/microsoft-jhenghei.ttf,0,50,16,45.866666666672,45,-0.8666666666720033,16,False,天地玄黃宇宙洪荒,"天地玄黃宇崗洪荒
",天地玄黃宇宙洪荒,天地玄黃宇崗洪荒,1,8,0.125,ok,,ebd524e855b8a216540d9ad2f7e4e08283195a4cd31a69f87e2d2ea8fcaf4ebb,0bc9432f8aeaa46eb25b71ce64a0ab55786fdbbbce41e2cd6b5569d17f315bd6,e5acab4466be4868fa07fa3032c83357ae522707adb570079a4fd39629a090ce
zh_line_05,zh_tra,single_line,7,3.0,opencv_bilinear,3.0,3.0,,canonical/zh_line_05/r_3p000000.png,8f2e65831e0afc1a6ce767c448aeb7549c42b3ef13f0faa84f095702674f1b64,resized/opencv_bilinear/zh_line_05/r_3p000000.png,32aac49f540f59ac2cdffce3250f95f04693c18cc5dcdb9389a7f6bdd483c890,fonts/microsoft-jhenghei.ttf,0,53,16,48.0,48,0.0,16,False,天地玄黃宇宙洪荒,"天地玄黃宇崗洪荒
",天地玄黃宇宙洪荒,天地玄黃宇崗洪荒,1,8,0.125,ok,,d0d0068bea63fcaf3f871bb406942a2f6259473096af20bc6bdd9c2674fede68,af1571d2e83c7f101aa7519b78150bb960781ec69870c50d33958721d216949c,e5acab4466be4868fa07fa3032c83357ae522707adb570079a4fd39629a090ce
zh_line_06,zh_tra,single_line,7,1.0,opencv_bilinear,1.0,1.0,,canonical/zh_line_06/r_1p000000.png,8c737148afebd148e9441c9f41e58949ceac8ac355ee393c371b95a9153d61e8,resized/opencv_bilinear/zh_line_06/r_1p000000.png,ddbcfcdb794c04c25bbcda562946be6ba3a8b8143366936b5eb4b2e5b7127db0,fonts/microsoft-jhenghei.ttf,0,17,16,16.0,16,0.0,16,False,日月盈昃辰宿列張,"日月盈蚌辰宿列張
",日月盈昃辰宿列張,日月盈蚌辰宿列張,1,8,0.125,ok,,eb4828f5e57c1fd14b4bd876d6d7be8ee06c3f1234b6a70248450f106c42d3dc,eb4828f5e57c1fd14b4bd876d6d7be8ee06c3f1234b6a70248450f106c42d3dc,8a6e4da82f4c0bcd82bca2eb8dbf854f0a500be2dfdee9765f5e7ade90482f78
zh_line_06,zh_tra,single_line,7,1.133333333333,opencv_bilinear,1.1314285714285715,1.1314285714285715,,canonical/zh_line_06/r_1p133333.png,3ea93376543c312377b13e396e62a2e68fcf1b198909a29c6497429c8cfad65a,resized/opencv_bilinear/zh_line_06/r_1p133333.png,d04251762fc83a8acf43169ff8e8c301ab05b4fbf1389063d9eec74be2ce4b4f,fonts/microsoft-jhenghei.ttf,0,20,16,18.133333333328,18,-0.13333333332800024,17,False,日月盈昃辰宿列張,"日月盈覓辰宿列張
",日月盈昃辰宿列張,日月盈覓辰宿列張,1,8,0.125,ok,,a21ce0b75ebf6fb4e8f9a5cfcbb98cfa90d12d5dd634045eeb639b34955584d0,c68ab692cf5599c7a0923a34e51721ae36db0dc4ba1412901bf083f8474367aa,279c5f6cabcd57f14e918461dc7bcf7db986bc2e3b61f23261891939b00ac4d4
zh_line_06,zh_tra,single_line,7,1.266666666667,opencv_bilinear,1.263157894736842,1.263157894736842,,canonical/zh_line_06/r_1p266667.png,f4a354f3a09acfa2ac2a2a9136ff2997354b6f55dc414e7754d1c1b1ccd79be2,resized/opencv_bilinear/zh_line_06/r_1p266667.png,833d52f95e093c95eab4324de5d726322d8c8c29e43c7a6a437b631597b02a68,fonts/microsoft-jhenghei.ttf,0,22,16,20.266666666672,20,-0.26666666667199834,17,False,日月盈昃辰宿列張,"日月盈旻辰宿列張
",日月盈昃辰宿列張,日月盈旻辰宿列張,1,8,0.125,ok,,b8af70e04593dd67b6a1954bf84cefcfc155e837b8fb78df9d398be01a074390,7b3fc9c24577c9acbe0fe48a34a88195cacee92e73d10e3481568622c5b6fea8,325046e4934398642d092181256c2edd006a76589c1d8a0b63e2f55efb291c9b
zh_line_06,zh_tra,single_line,7,1.4,opencv_bilinear,1.3977272727272727,1.3977272727272727,,canonical/zh_line_06/r_1p400000.png,eaf307a2975c95dbd0ecec402a1964148deafd0caaf96a19e3837bf127ea0b75,resized/opencv_bilinear/zh_line_06/r_1p400000.png,5ef9dc8447131811178f1ef72fb09db9d6d3251b403a7b8ecf2e8b2c385505c4,fonts/microsoft-jhenghei.ttf,0,25,16,22.4,22,-0.3999999999999986,16,False,日月盈昃辰宿列張,"日月盈蚌辰宿列張
",日月盈昃辰宿列張,日月盈蚌辰宿列張,1,8,0.125,ok,,636a1ba9b6e2d4605069b6a4b57aae2d0719936f62de443713ce09bb533dc719,a1e6dc62866a388468aad3e66035cbe2467e1bfa0a57efe0132a6beb2aa2b3b0,8a6e4da82f4c0bcd82bca2eb8dbf854f0a500be2dfdee9765f5e7ade90482f78
zh_line_06,zh_tra,single_line,7,1.533333333333,opencv_bilinear,1.5340909090909092,1.5340909090909092,,canonical/zh_line_06/r_1p533333.png,5bb6158e001052e779d0f7fec3dd48d41fcc78f912be80d692811a69e5a6f630,resized/opencv_bilinear/zh_line_06/r_1p533333.png,a6a6b1b798fa3324432410216b3c8b60527887ff36c2cd242f52ad8a004827c9,fonts/microsoft-jhenghei.ttf,0,27,16,24.533333333328,24,-0.5333333333279988,16,False,日月盈昃辰宿列張,"日月盈必辰宿列張
",日月盈昃辰宿列張,日月盈必辰宿列張,1,8,0.125,ok,,98c94243cc67c33b2caeae5458ef00c98d1a1348f6e12837d37a6f2ce5378ce5,8339eb78c060384e92ec05cdc7ac3171f8132998806b717cb747c6e2be1ff8f5,7dc8886e20e8d91dde3b3e55863af3ecf07d9703dd8d6077bf0f71f06941647c
zh_line_06,zh_tra,single_line,7,1.666666666667,opencv_bilinear,1.668639053254438,1.668639053254438,,canonical/zh_line_06/r_1p666667.png,ee37bb32504b0041e9c25712ae0a9713ab233415bd8fb11103156c123e813d6f,resized/opencv_bilinear/zh_line_06/r_1p666667.png,134c1d56e03267e879c8b6b712a561e944973f54649d164dcbdf120da03f82e4,fonts/microsoft-jhenghei.ttf,0,28,16,26.666666666672,26,-0.6666666666720005,16,False,日月盈昃辰宿列張,"日月盈蚌辰宿列張
",日月盈昃辰宿列張,日月盈蚌辰宿列張,1,8,0.125,ok,,24b2ad3cdfaab587e15751723666a076b9c1f652d6bda5d61a7b69c5cbe2b1c0,d70ebb894530a032f9c7b0b0a16f02c71de6ed85d881f47b27ace295156fb282,8a6e4da82f4c0bcd82bca2eb8dbf854f0a500be2dfdee9765f5e7ade90482f78
zh_line_06,zh_tra,single_line,7,1.8,opencv_bilinear,1.7966101694915255,1.7966101694915255,,canonical/zh_line_06/r_1p800000.png,c07ca4e3bb3228b10df5e1166f53e02fe640c94dd0893b898013c20642a1ed68,resized/opencv_bilinear/zh_line_06/r_1p800000.png,b70409663f992eb77899c0b337840c3f35325fd39f8683866e7f245ed9b0159c,fonts/microsoft-jhenghei.ttf,0,32,16,28.8,29,0.1999999999999993,17,False,日月盈昃辰宿列張,"日月盈蚌辰宿列張
",日月盈昃辰宿列張,日月盈蚌辰宿列張,1,8,0.125,ok,,687e76c2b03c7da7cbea14b78f9b253093081ab055de4ba03ff58a84c26c5c9d,00ef01ddaf414d96804a3d7191334986dab6a41b692e6272be29e49bf02397f9,8a6e4da82f4c0bcd82bca2eb8dbf854f0a500be2dfdee9765f5e7ade90482f78
zh_line_06,zh_tra,single_line,7,1.933333333333,opencv_bilinear,1.9322033898305084,1.9322033898305084,,canonical/zh_line_06/r_1p933333.png,08b2eeaa1f880abbc9383a28c89c3133680439b4c968fad5ea96e183239943c5,resized/opencv_bilinear/zh_line_06/r_1p933333.png,8c16d859ff33f278915d2ce901f68ba3c247c8724509281b4d3c239eb25819e1,fonts/microsoft-jhenghei.ttf,0,35,16,30.933333333328,31,0.06666666667199905,17,False,日月盈昃辰宿列張,"日月盈晨辰宿列張
",日月盈昃辰宿列張,日月盈晨辰宿列張,1,8,0.125,ok,,9a5dccc1599566604f8430b09059b55561cddd9dc2818130b43ec1139ae37a3a,e0d732c63d78c739a2ea219b594e878b173178834c22ee240d8ba1de25be941a,7b6ba671e04b742d81cd7455f77bc14f3cda529306d5a5d41a5700fd1296810d
zh_line_06,zh_tra,single_line,7,2.066666666667,opencv_bilinear,2.0677966101694913,2.0677966101694913,,canonical/zh_line_06/r_2p066667.png,68e107517ead803b5a78580a2871d4ab5303875a838b06370f0492aa49cdf4f1,resized/opencv_bilinear/zh_line_06/r_2p066667.png,259d30d5179af71d9b6bff60afcc1a8b4cea28c6db4fd816dc7b139071c4bd3a,fonts/microsoft-jhenghei.ttf,0,37,16,33.066666666672,33,-0.06666666667199905,16,False,日月盈昃辰宿列張,"日月盈晨辰宿列張
",日月盈昃辰宿列張,日月盈晨辰宿列張,1,8,0.125,ok,,3152b4c52d94fe98dfbe06cd00fcd653a2f9e1c4bc4e31599a2a9eefce1af9df,feb786efdb72fe276a0d7b70bf8053d682c7f00d1c3ba57ab3e2118a69213aaa,7b6ba671e04b742d81cd7455f77bc14f3cda529306d5a5d41a5700fd1296810d
zh_line_06,zh_tra,single_line,7,2.2,opencv_bilinear,2.2033898305084745,2.2033898305084745,,canonical/zh_line_06/r_2p200000.png,f0e69fb430569361867099e61438fa6c2692b12dd28b7bd3e30077465f135c26,resized/opencv_bilinear/zh_line_06/r_2p200000.png,f3eadcc8ce9d33414af7457c6ef0d9b6bb0218d56cb42a35d11c4645477af042,fonts/microsoft-jhenghei.ttf,0,40,16,35.2,35,-0.20000000000000284,16,False,日月盈昃辰宿列張,"日月盈居辰宿列張
",日月盈昃辰宿列張,日月盈居辰宿列張,1,8,0.125,ok,,ffa0c4044e4dc4d878b96206cbf8b52eb809259fa2087efc429d9cc0eb3c49f2,a82f01f522b6edf4d2bdc5126c2d8375b3d022c66aee38980338508be166a9c5,53c03aaeb6bd7e9447bc1849734a89cdf4f02f274fdad41c58705851dbf9b324
zh_line_06,zh_tra,single_line,7,2.333333333333,opencv_bilinear,2.3389830508474576,2.3389830508474576,,canonical/zh_line_06/r_2p333333.png,df52288da00de9584ee919209943ca8561f4837a2048c215a48e156991e99226,resized/opencv_bilinear/zh_line_06/r_2p333333.png,d46019c4bc94f0d8274ff83ab28c57aba71b1c26ea61303c896b8fbdfe391b85,fonts/microsoft-jhenghei.ttf,0,42,16,37.333333333328,38,0.6666666666720005,16,False,日月盈昃辰宿列張,"日月盈恢辰宿列張
",日月盈昃辰宿列張,日月盈恢辰宿列張,1,8,0.125,ok,,4ef5350a0289f5de8fea5c30956b0dc04ddd67324355ceb73e0ba83ea4e16920,83b387c4aa9431b4b11e3b3045ce86840f337f4f69509a0a29af893457023e28,468c44732c4c3638831385080ebeb3844de0b5cfb63564c96a81e15ec766d0a4
zh_line_06,zh_tra,single_line,7,2.466666666667,opencv_bilinear,2.4685714285714284,2.4685714285714284,,canonical/zh_line_06/r_2p466667.png,71198480ea22208d481b0d7f52ccfc92eb36bd659e00f09f921b605e35832e33,resized/opencv_bilinear/zh_line_06/r_2p466667.png,02effaee7c0572e67c81345c50b4202195a2bc2adc19b2dbd50688f9d41d3ccd,fonts/microsoft-jhenghei.ttf,0,44,16,39.466666666672,39,-0.46666666667199763,16,False,日月盈昃辰宿列張,"日月盈足辰宿列張
",日月盈昃辰宿列張,日月盈足辰宿列張,1,8,0.125,ok,,7df7cd8a1abe29f15d01e554091a1967a4d430cc79895f57d04e5ecc8d0384aa,01220cbbd28b62ddb8460962ef4218684da7f748ff013f5ae48f27b2dc5e88b4,23f468ec116fcd311956f8443dc75ab8c2f8f816bb3de420c02d8fca53b81579
zh_line_06,zh_tra,single_line,7,2.6,opencv_bilinear,2.595505617977528,2.595505617977528,,canonical/zh_line_06/r_2p600000.png,67ee6ec6cddf29889482bccfd713e2bf931ccd21f5192fbc7a8b676e5339430b,resized/opencv_bilinear/zh_line_06/r_2p600000.png,99e4f42e11e94c9590614a4d04e45563c347e9b4c25f777786b49d35c1e00e04,fonts/microsoft-jhenghei.ttf,0,47,16,41.6,42,0.3999999999999986,17,False,日月盈昃辰宿列張,"日月盈旻辰宿列張
",日月盈昃辰宿列張,日月盈旻辰宿列張,1,8,0.125,ok,,382c9609f222eaa91582c646f85a3b2d18ed2ab7407e310840cfde8d1d1fa4b7,282f4c479d3e50e7c32a30b5c810e99c7ac317ac1205e99878f33fa28ba1cc6b,325046e4934398642d092181256c2edd006a76589c1d8a0b63e2f55efb291c9b
zh_line_06,zh_tra,single_line,7,2.625,opencv_bilinear,2.625,2.625,,canonical/zh_line_06/r_2p625000.png,67ee6ec6cddf29889482bccfd713e2bf931ccd21f5192fbc7a8b676e5339430b,resized/opencv_bilinear/zh_line_06/r_2p625000.png,c63620b9cefe3893deed8ce3d62fd787d310df3d70a351c676faee03c5c86bac,fonts/microsoft-jhenghei.ttf,0,47,16,42.0,42,0.0,17,False,日月盈昃辰宿列張,"日月盈蚌辰窒列張
",日月盈昃辰宿列張,日月盈蚌辰窒列張,2,8,0.25,ok,,382c9609f222eaa91582c646f85a3b2d18ed2ab7407e310840cfde8d1d1fa4b7,999b58ae06b4da738d4d04adc1ec713cab37a99464127c483aa5aba34f681ba4,a8b938914d83f7ed2eea2f08f48aa709e3ad2b01c2e65df952c5b838ba86eecb
zh_line_06,zh_tra,single_line,7,2.733333333333,opencv_bilinear,2.739884393063584,2.739884393063584,,canonical/zh_line_06/r_2p733333.png,f27c3ead3ec2367f94ab698567f46b620b0630b0c624cf7779eba84155a01abf,resized/opencv_bilinear/zh_line_06/r_2p733333.png,b56ee954984e1e68bcc1e34fd1e9fdeca1216d14fc0a553ddef6a9a2e0b5c946,fonts/microsoft-jhenghei.ttf,0,48,16,43.733333333328,43,-0.7333333333279981,16,False,日月盈昃辰宿列張,"日月盈蚌辰窒列張
",日月盈昃辰宿列張,日月盈蚌辰窒列張,2,8,0.25,ok,,6626217ce72e593670495502a776044bc9be26f251087d43feb2d8665112d4f5,3ed47f705f36ae523b8f8a2e161343bb91477b678c9c9c832f65e0e65b0f12b6,a8b938914d83f7ed2eea2f08f48aa709e3ad2b01c2e65df952c5b838ba86eecb
zh_line_06,zh_tra,single_line,7,2.866666666667,opencv_bilinear,2.865168539325843,2.865168539325843,,canonical/zh_line_06/r_2p866667.png,1399e8ba655eb5f704809c9d41fba59f627d563a65a39782b5868326a0b30d15,resized/opencv_bilinear/zh_line_06/r_2p866667.png,ffc54486ea2cd87f322770cbe68e46f42b9983718248e2b615bb985254cbbcec,fonts/microsoft-jhenghei.ttf,0,52,16,45.866666666672,46,0.13333333332799668,16,False,日月盈昃辰宿列張,"日月盈晨辰宿列張
",日月盈昃辰宿列張,日月盈晨辰宿列張,1,8,0.125,ok,,0c0815253afd5047c10903e44f998d4355bcb13fbdf76e186336440336d996ee,e87d4199019a0da911c1c7f29dc582ffa972e40b4dce555cda258554eb2768ef,7b6ba671e04b742d81cd7455f77bc14f3cda529306d5a5d41a5700fd1296810d
zh_line_06,zh_tra,single_line,7,3.0,opencv_bilinear,3.0,3.0,,canonical/zh_line_06/r_3p000000.png,0124994d7ba92f501a58473b3b4a13117babf47f61c4f80bfe7bac7b6930aee3,resized/opencv_bilinear/zh_line_06/r_3p000000.png,ace31150643540fa97039247c2eb1e4be2332c52a9ac0c6629988f3e270c0534,fonts/microsoft-jhenghei.ttf,0,53,16,48.0,48,0.0,16,False,日月盈昃辰宿列張,"日月盈覓辰宿列張
",日月盈昃辰宿列張,日月盈覓辰宿列張,1,8,0.125,ok,,8e8c6e0db73f0e7c8768db34083823fbbff44399228543cede1daf63fe381b74,00bbaab14e87cf5dc6b44b1602545b20008e8de1ebeb61e0dc45b1b3673f5998,279c5f6cabcd57f14e918461dc7bcf7db986bc2e3b61f23261891939b00ac4d4
zh_line_07,zh_tra,single_line,7,1.0,opencv_bilinear,1.0,1.0,,canonical/zh_line_07/r_1p000000.png,802c3d5f2d1bee855b517e9f1ac496f31daca13b82b8421263e0b41a2bfece26,resized/opencv_bilinear/zh_line_07/r_1p000000.png,4b2084285ae9a01c96044dd275b9d1179bd14ee842a46a7fc29725bfd0a7b977,fonts/microsoft-jhenghei.ttf,0,17,16,16.0,16,0.0,16,False,昔我往矣楊柳依依,"昔我往矣楊柳依依
",昔我往矣楊柳依依,昔我往矣楊柳依依,0,8,0.0,ok,,a852bb908ea7d5b7742a9cf46525ad8798627f950cdd7b6075875e3ba7f878be,a852bb908ea7d5b7742a9cf46525ad8798627f950cdd7b6075875e3ba7f878be,bd8fc365c68cc8fc96aa3265a679aaa4b7dcbc9223205056e8998a0f9af6b9de
zh_line_07,zh_tra,single_line,7,1.133333333333,opencv_bilinear,1.1314285714285715,1.1314285714285715,,canonical/zh_line_07/r_1p133333.png,7022996e025da29bad43fb94cc17b2b8dd2ecc26807f2b9c7bd881e4c1bf7506,resized/opencv_bilinear/zh_line_07/r_1p133333.png,8f0be8eded8d2b06a18244c6e36d5a60fca0f06c68e2a163233dec55f2192da5,fonts/microsoft-jhenghei.ttf,0,20,16,18.133333333328,18,-0.13333333332800024,17,False,昔我往矣楊柳依依,"昔我往矣楊柳依依
",昔我往矣楊柳依依,昔我往矣楊柳依依,0,8,0.0,ok,,0b6e25049909dace540a5d6a6fa1c9cfaf3c3685f142ce3b57a2aaeede183f6e,504ae6ce4da194da3fd7421d2ad62e0a5f15c46cef97d1d8e2a7d57bcf2b8b7a,bd8fc365c68cc8fc96aa3265a679aaa4b7dcbc9223205056e8998a0f9af6b9de
zh_line_07,zh_tra,single_line,7,1.266666666667,opencv_bilinear,1.263157894736842,1.263157894736842,,canonical/zh_line_07/r_1p266667.png,363705a4d35ce52fe9b4f8d8ab9a9b0f51914a3df0000d3263d0bf2f045983b6,resized/opencv_bilinear/zh_line_07/r_1p266667.png,273295838b1744984f4ff81619e8ca3040f5977dbb01c98381a592f0362ce4ca,fonts/microsoft-jhenghei.ttf,0,22,16,20.266666666672,20,-0.26666666667199834,17,False,昔我往矣楊柳依依,"昔我往矣楊柳依依
",昔我往矣楊柳依依,昔我往矣楊柳依依,0,8,0.0,ok,,bdcfccb7c08ffc34e14855e6f9a9a4d41752101578d70b4f3abb80974251fb84,1969927c27be867a4025c57de083d9f544406db6adfacf576ec000127ea51ca6,bd8fc365c68cc8fc96aa3265a679aaa4b7dcbc9223205056e8998a0f9af6b9de
zh_line_07,zh_tra,single_line,7,1.4,opencv_bilinear,1.4035087719298245,1.4035087719298245,,canonical/zh_line_07/r_1p400000.png,3d1cf9c4447265c281a91d3529608b677fd09e5979377f9d9b0a481ac4a287e2,resized/opencv_bilinear/zh_line_07/r_1p400000.png,1322feb517098a20b99fcc2a291e83551d3e18e422caf0cc8074ba78960434f5,fonts/microsoft-jhenghei.ttf,0,24,16,22.4,22,-0.3999999999999986,17,False,昔我往矣楊柳依依,"昔我往矣楊柳依依
",昔我往矣楊柳依依,昔我往矣楊柳依依,0,8,0.0,ok,,a88a5beb294ed22dc73f8d11db4031792a3b2108076d027051e7c4510dfa9f33,9e169e5bd4f18f05553fdb6920df6ee9b578d7090bb7ac9d34c9d8d04ce413a2,bd8fc365c68cc8fc96aa3265a679aaa4b7dcbc9223205056e8998a0f9af6b9de
zh_line_07,zh_tra,single_line,7,1.533333333333,opencv_bilinear,1.5340909090909092,1.5340909090909092,,canonical/zh_line_07/r_1p533333.png,43dc470b5e6eea2c933d3a2bb97af917e1ffb80b2454753734ea90ed19f5d4b3,resized/opencv_bilinear/zh_line_07/r_1p533333.png,bf62f8d3ac33ba314949e34681efef21d52d5fde24d7a71a7c21139725a28ce7,fonts/microsoft-jhenghei.ttf,0,27,16,24.533333333328,25,0.4666666666720012,17,False,昔我往矣楊柳依依,"昔我往導楊柳依依
",昔我往矣楊柳依依,昔我往導楊柳依依,1,8,0.125,ok,,d7e0ace4894efa901ee4de4ba8906dab0cfc28a1eb815c801d331358f2c9cb3d,8d2aea840b78c32f57157e2894f10a141991272ecbac542ee3575cf29eb66ba4,aaf28721a72522ade1d1a4c93dcdec17615817962072bfc3cb4b0f72ab90fda6
zh_line_07,zh_tra,single_line,7,1.666666666667,opencv_bilinear,1.6704545454545454,1.6704545454545454,,canonical/zh_line_07/r_1p666667.png,80a76741df631725ee09eb4ef7f6a0e292ab2330e83c11fc863d85ebb0698d27,resized/opencv_bilinear/zh_line_07/r_1p666667.png,9de634e5dab918d7cd59314f74a480edd9e7278b4b2fed0c27fec70bccf578b9,fonts/microsoft-jhenghei.ttf,0,30,16,26.666666666672,27,0.3333333333279995,17,False,昔我往矣楊柳依依,"昔我往矣楊柳依依
",昔我往矣楊柳依依,昔我往矣楊柳依依,0,8,0.0,ok,,f4322ccb80e446e4f761b9f0ecef8e9bd5ed61a900142b6c0e6001e020970649,08f2a932a2c86edc9eba3f59cb51fb533169a3cff0a5fecb72e382b349da1b04,bd8fc365c68cc8fc96aa3265a679aaa4b7dcbc9223205056e8998a0f9af6b9de
zh_line_07,zh_tra,single_line,7,1.8,opencv_bilinear,1.7966101694915255,1.7966101694915255,,canonical/zh_line_07/r_1p800000.png,513d0e12bf4845b6a9fec64df330d6b1d94a3fde0abb95a341f5977eb81092d6,resized/opencv_bilinear/zh_line_07/r_1p800000.png,2eaf4430ce16aaed082e0a61411238689f9f5a4ca7d240af88c6283ac8cdadfa,fonts/microsoft-jhenghei.ttf,0,32,16,28.8,29,0.1999999999999993,17,False,昔我往矣楊柳依依,"昔我往矣楊柳依依
",昔我往矣楊柳依依,昔我往矣楊柳依依,0,8,0.0,ok,,53de536616d67206d7e2bfe045018536c10faa33d4ce89198779e741cc5103da,fb2c1f9be2f95b8dd64756ba343e0d4540c0ba7ba0ac2b6c83f513c9fb602e84,bd8fc365c68cc8fc96aa3265a679aaa4b7dcbc9223205056e8998a0f9af6b9de
zh_line_07,zh_tra,single_line,7,1.933333333333,opencv_bilinear,1.9322033898305084,1.9322033898305084,,canonical/zh_line_07/r_1p933333.png,8c3207c25d89846eac5840f5953d98b261aaf14274306ab08c08a704742a61fd,resized/opencv_bilinear/zh_line_07/r_1p933333.png,5c3e0cb0a696c49c9823bf485c6b4c140618c12368da46fd0e853784ec4d173d,fonts/microsoft-jhenghei.ttf,0,35,16,30.933333333328,31,0.06666666667199905,17,False,昔我往矣楊柳依依,"昔我往矣楊柳依依
",昔我往矣楊柳依依,昔我往矣楊柳依依,0,8,0.0,ok,,0a53dc03a2a0b7ba80b5a1875919b8d747abe42a610446be490617780517e1f8,91f47860c8535cbcaf110c29687a99f46aa23a2f2775fa5eadc368c5aa8d6a89,bd8fc365c68cc8fc96aa3265a679aaa4b7dcbc9223205056e8998a0f9af6b9de
zh_line_07,zh_tra,single_line,7,2.066666666667,opencv_bilinear,2.0677966101694913,2.0677966101694913,,canonical/zh_line_07/r_2p066667.png,a6d078c3b88f1a0cc90f2b6a13161375dae4b32edd1252bda7128127b8661e85,resized/opencv_bilinear/zh_line_07/r_2p066667.png,ceee2600ce3bd5ebc5d2f54be3895cf39e6cee87330903ef26182feca5bf4829,fonts/microsoft-jhenghei.ttf,0,37,16,33.066666666672,33,-0.06666666667199905,16,False,昔我往矣楊柳依依,"昔我往矣楊柳依依
",昔我往矣楊柳依依,昔我往矣楊柳依依,0,8,0.0,ok,,de425c3c97402e0b87ce8b0b676721888d5f1139821b1fe4d6b1a9a4ce7b12a6,a147b36c629cb93d3c811fefc21147e440afac9e2229fd1d2f0fc2ed6de65ed4,bd8fc365c68cc8fc96aa3265a679aaa4b7dcbc9223205056e8998a0f9af6b9de
zh_line_07,zh_tra,single_line,7,2.2,opencv_bilinear,2.1942857142857144,2.1942857142857144,,canonical/zh_line_07/r_2p200000.png,608ef0fe9a37aeba0526b35d4db25212cc0ecfdfcf948660bed6746268d2dcbc,resized/opencv_bilinear/zh_line_07/r_2p200000.png,15332896ad398152a093d8df38c9816a64cbe2771bf2223bdbd178b6453037a7,fonts/microsoft-jhenghei.ttf,0,39,16,35.2,35,-0.20000000000000284,16,False,昔我往矣楊柳依依,"昔我往矣楊柳依依
",昔我往矣楊柳依依,昔我往矣楊柳依依,0,8,0.0,ok,,d6a74979c2b23cfd3189346acc9b1b6a7d6c9a193dbecc44c1d88a0c0055b527,303812a19e47b6ec77dd4eb914a332b5ae862e69fa5899c28675e5dcb5c581ed,bd8fc365c68cc8fc96aa3265a679aaa4b7dcbc9223205056e8998a0f9af6b9de
zh_line_07,zh_tra,single_line,7,2.333333333333,opencv_bilinear,2.3389830508474576,2.3389830508474576,,canonical/zh_line_07/r_2p333333.png,675c6ca2cdd6cb85ea67b9443a87b891c21d5e2097e8802aff25c839b42d609b,resized/opencv_bilinear/zh_line_07/r_2p333333.png,c2060419e8361d02caf0ee259dfbfe4a25d80a3cb91a4d27add873bbb5a6f612,fonts/microsoft-jhenghei.ttf,0,42,16,37.333333333328,37,-0.3333333333279995,16,False,昔我往矣楊柳依依,"昔我往矣楊柳依依
",昔我往矣楊柳依依,昔我往矣楊柳依依,0,8,0.0,ok,,47248099dcd3dc7cbf6fe81dac333903f9c284a908ac360337f3749d5176b7dc,6fef8f21651e25144ba1499b1c748a4f6bfd97518806893c4712cdfab76fd46b,bd8fc365c68cc8fc96aa3265a679aaa4b7dcbc9223205056e8998a0f9af6b9de
zh_line_07,zh_tra,single_line,7,2.466666666667,opencv_bilinear,2.4685714285714284,2.4685714285714284,,canonical/zh_line_07/r_2p466667.png,9626777e48b3dbe6c1263ec5d3105a60afd98b424816f14ee3376ad225bfe7a8,resized/opencv_bilinear/zh_line_07/r_2p466667.png,418aaecbacbbb70391b75e7c22b967fbf3982d4e56c8d9f4e7cde068f6fd58a4,fonts/microsoft-jhenghei.ttf,0,44,16,39.466666666672,40,0.5333333333280024,17,False,昔我往矣楊柳依依,"昔我往僑楊柳依依
",昔我往矣楊柳依依,昔我往僑楊柳依依,1,8,0.125,ok,,297a6770c90d9032944e7e843e2343ac9298f46773d69050cc19498c9dac77ea,913c1ddfa0db1a34b9786e23095b779940c3e6a118327b242d0b80e38d4c8d7c,802ad56bc80ecf926dd89c35c5eeea2f19633b7d0ce9a77eef3d6ee23fe9778b
zh_line_07,zh_tra,single_line,7,2.6,opencv_bilinear,2.605714285714286,2.605714285714286,,canonical/zh_line_07/r_2p600000.png,8679f276f9c343b5dab0421bd59e438ba7ae69e877bf3018040498ce023c82a0,resized/opencv_bilinear/zh_line_07/r_2p600000.png,972f29cdacfc59e7ad822cd530177d68b9841379ec03b83d176f857cb135e328,fonts/microsoft-jhenghei.ttf,0,46,16,41.6,41,-0.6000000000000014,16,False,昔我往矣楊柳依依,"昔我往僑楊柳依依
",昔我往矣楊柳依依,昔我往僑楊柳依依,1,8,0.125,ok,,99aee766efc1496f650827655460414a094d685af5ae364f29ee195fe8660e34,662b93ef45d0ffd6ab20049be8782c3b38d849f4d37d824a847a214ae64d82fe,802ad56bc80ecf926dd89c35c5eeea2f19633b7d0ce9a77eef3d6ee23fe9778b
zh_line_07,zh_tra,single_line,7,2.625,opencv_bilinear,2.6206896551724137,2.6206896551724137,,canonical/zh_line_07/r_2p625000.png,8679f276f9c343b5dab0421bd59e438ba7ae69e877bf3018040498ce023c82a0,resized/opencv_bilinear/zh_line_07/r_2p625000.png,40f06d41062ba478fa64feec6bc57b399c661c3593431943886194871ab3b66c,fonts/microsoft-jhenghei.ttf,0,46,16,42.0,41,-1.0,16,False,昔我往矣楊柳依依,"昔我往矣楊柳依依
",昔我往矣楊柳依依,昔我往矣楊柳依依,0,8,0.0,ok,,99aee766efc1496f650827655460414a094d685af5ae364f29ee195fe8660e34,cba99a698a9671eceddb09b190f1a721caaec98536f3f71d314a4c7420b72b1c,bd8fc365c68cc8fc96aa3265a679aaa4b7dcbc9223205056e8998a0f9af6b9de
zh_line_07,zh_tra,single_line,7,2.733333333333,opencv_bilinear,2.739884393063584,2.739884393063584,,canonical/zh_line_07/r_2p733333.png,34a96dbdafb70120c0c6a1e76ac96597bcdc925c039b8fab65ab0b64cad04a7e,resized/opencv_bilinear/zh_line_07/r_2p733333.png,7e6e2f1e3833a38ee567dddbf6ce19344ac70d976b9a6c259c516ad212f71532,fonts/microsoft-jhenghei.ttf,0,48,16,43.733333333328,44,0.2666666666720019,17,False,昔我往矣楊柳依依,"昔我往矣楊柳依依
",昔我往矣楊柳依依,昔我往矣楊柳依依,0,8,0.0,ok,,af2c45bc6d0ffdc640a790677e2a9b5478c3f2b14aa7443d67c760729e583e7d,d1c37e356e2d9d41fa747eef4f034c8d77d36e684316598bb9b07dc38d1f8cbc,bd8fc365c68cc8fc96aa3265a679aaa4b7dcbc9223205056e8998a0f9af6b9de
zh_line_07,zh_tra,single_line,7,2.866666666667,opencv_bilinear,2.86046511627907,2.86046511627907,,canonical/zh_line_07/r_2p866667.png,feeec9b77cbd1d82a65577795efd6ee733b75a1fcb31770a786b615dc839af68,resized/opencv_bilinear/zh_line_07/r_2p866667.png,789ee121c47a4ded3212831683ec4e25abb1f844ccb98ec2fe73c72f19d520dd,fonts/microsoft-jhenghei.ttf,0,50,16,45.866666666672,46,0.13333333332799668,16,False,昔我往矣楊柳依依,"昔我往疾楊柳依依
",昔我往矣楊柳依依,昔我往疾楊柳依依,1,8,0.125,ok,,6d2ad1ec74ea85312f7218bb665f0e0a12ef2c1a3e7edb05f775fb17f7152f97,5c30fdff21409d3214b4ee0429bbedb2e9e6155d3d747ab3fb85f841fe0d99f4,4d02d4a219bd453492c8552b82fc8cadf012a11d70ad34a21ec1ee3981515d23
zh_line_07,zh_tra,single_line,7,3.0,opencv_bilinear,3.0,3.0,,canonical/zh_line_07/r_3p000000.png,f2a47fc8b65d9f9639f6df0949b43bca61b6256ed3abdaff1b0ca50482c9c035,resized/opencv_bilinear/zh_line_07/r_3p000000.png,a1404d188396241d791bcd63829815f5c2e1af61f3102b5f290a91869df7912e,fonts/microsoft-jhenghei.ttf,0,53,16,48.0,48,0.0,16,False,昔我往矣楊柳依依,"昔我往矣楊柳依依
",昔我往矣楊柳依依,昔我往矣楊柳依依,0,8,0.0,ok,,c9b65df5f5fe4ef304a68033101c6ed70b35d7472d6d25c09c958c12381c80ee,010ace509c8ec99edf5d8264a46a9698cde9b586c1bb412eca80d831927434c7,bd8fc365c68cc8fc96aa3265a679aaa4b7dcbc9223205056e8998a0f9af6b9de
zh_line_08,zh_tra,single_line,7,1.0,opencv_bilinear,1.0,1.0,,canonical/zh_line_08/r_1p000000.png,2e1a3cb6a8b2d61ee85807db237a3c598294502ee59a8fd252813c6b0c39ab19,resized/opencv_bilinear/zh_line_08/r_1p000000.png,d0b524c8ea8031c3b71e7e36a61615d99af1cda87f5ae3d0e93202d798038f0c,fonts/microsoft-jhenghei.ttf,0,17,16,16.0,16,0.0,16,False,今我來思雨雪霏霏,,今我來思雨雪霏霏,,8,8,1.0,ok,,5b1528884a4d982a2c3d3bd3eef25cd855d365a7bc4afec273a70adf5cf99692,5b1528884a4d982a2c3d3bd3eef25cd855d365a7bc4afec273a70adf5cf99692,e3b0c44298fc1c149afbf4c8996fb92427ae41e4649b934ca495991b7852b855
zh_line_08,zh_tra,single_line,7,1.133333333333,opencv_bilinear,1.1314285714285715,1.1314285714285715,,canonical/zh_line_08/r_1p133333.png,1b98d5bc34ac34e5cc6cd085a4bab3b6d4fff35378ba52011f27ef60aebdf3d9,resized/opencv_bilinear/zh_line_08/r_1p133333.png,7c2a697cef8bc77dfefb20d22620de54a244a6b6e89fab3e70fd04ba983c7748,fonts/microsoft-jhenghei.ttf,0,20,16,18.133333333328,18,-0.13333333332800024,17,False,今我來思雨雪霏霏,"今我來思雨雪霏罪
",今我來思雨雪霏霏,今我來思雨雪霏罪,1,8,0.125,ok,,6930c73b6b19a354f03c72cdc5e4a03a6cdd2fecd834b78de000d4913ccf40be,a212f20f2ee1c359e84bc8c15cb585efaccecae0b7382259ebe63695c74d64d7,5c277cf73d80cf5804d44f52afda57f2dfec09627be94522ae368e07e0407942
zh_line_08,zh_tra,single_line,7,1.266666666667,opencv_bilinear,1.263157894736842,1.263157894736842,,canonical/zh_line_08/r_1p266667.png,4b6f683e9223e4879be0d19d45af214162330ad24acd8b2439c92698a597554a,resized/opencv_bilinear/zh_line_08/r_1p266667.png,5d80d6e0af3343dd42cb27285941369d31c3c0847dd9a5b8bb4ab53c09d98ba9,fonts/microsoft-jhenghei.ttf,0,22,16,20.266666666672,20,-0.26666666667199834,17,False,今我來思雨雪霏霏,"今我來思雨雪罪罪
",今我來思雨雪霏霏,今我來思雨雪罪罪,2,8,0.25,ok,,4327459ecafaf94708aa702ab68fe0709042939388a55d0b3c6897df3ea3422d,da0476a345a6a6b8b0f05a821498d0122893e431717838be9db27576a7a44d4d,ecd7b5d3cb85a0c1116c3cc590a7ebda7c06389a6783170ca2f1362fcb11df9c
zh_line_08,zh_tra,single_line,7,1.4,opencv_bilinear,1.3977272727272727,1.3977272727272727,,canonical/zh_line_08/r_1p400000.png,90fdbe6888196a73cffcffaecb67bf41443fa5210b935f7cb93223d2b2f1e0be,resized/opencv_bilinear/zh_line_08/r_1p400000.png,969d4da88630b085b5e0ea018abfba1f61e89c83b835178e5ff7f8faf5748ecc,fonts/microsoft-jhenghei.ttf,0,25,16,22.4,23,0.6000000000000014,17,False,今我來思雨雪霏霏,,今我來思雨雪霏霏,,8,8,1.0,ok,,522457081810d331473d0642aff86656347c59a37e3bdea3349e202f1a038fcf,87e45af3df80bca8caf4da003c39553465283d61ab758d4cb8e45538c49a6d6c,e3b0c44298fc1c149afbf4c8996fb92427ae41e4649b934ca495991b7852b855
zh_line_08,zh_tra,single_line,7,1.533333333333,opencv_bilinear,1.5340909090909092,1.5340909090909092,,canonical/zh_line_08/r_1p533333.png,427f056a369504740d508a8074e8ce6b0679377e16573e90f6fad0c828065b43,resized/opencv_bilinear/zh_line_08/r_1p533333.png,ed45ab9cfe2976b4c98c815d746c2166835b811b24bf631f370f3223e930004a,fonts/microsoft-jhenghei.ttf,0,27,16,24.533333333328,25,0.4666666666720012,17,False,今我來思雨雪霏霏,"今我來思雨雪罪霏
",今我來思雨雪霏霏,今我來思雨雪罪霏,1,8,0.125,ok,,1bf54496e325c34845f81dd96bfb9b2c56018073c9faa6d7681d8eb3c6b8dcca,34d56846e805613241208e456610ef363ba481d2e5eaf17f03ad425928ebb0a1,99e387226edb61af5159d017e553dc85b59be9432e8970895781d2ee322e1cb2
zh_line_08,zh_tra,single_line,7,1.666666666667,opencv_bilinear,1.6704545454545454,1.6704545454545454,,canonical/zh_line_08/r_1p666667.png,c883ab9fd9e4481f25136a7ca673b2d0584afb5007d07c455227f1c562bd9fa2,resized/opencv_bilinear/zh_line_08/r_1p666667.png,7ece9639043aa98144ae6c54a5268e6ce5f705b29afebd6619fcb7686762d513,fonts/microsoft-jhenghei.ttf,0,30,16,26.666666666672,27,0.3333333333279995,17,False,今我來思雨雪霏霏,"今我來思兩雪罪霏
",今我來思雨雪霏霏,今我來思兩雪罪霏,2,8,0.25,ok,,7ea12a35074e176db919318206f2721899f9f7c5051a1a32927729a4895aed9f,7d78ef8ac5d179ea2b68497ff2daf4abc09fc98063f18788071a31129060d67c,b980c46b6ba4f00b9a56289c2f7e0f544f99a70a352251eacfbca58deb742b73
zh_line_08,zh_tra,single_line,7,1.8,opencv_bilinear,1.7966101694915255,1.7966101694915255,,canonical/zh_line_08/r_1p800000.png,036e93a1f951e23ceb7473617652fdb6e57f63398cc2edfce0361b5bd3531e7a,resized/opencv_bilinear/zh_line_08/r_1p800000.png,255fbdb2c479d587615397c4d682e0ff2887505fcf1f250493d46a5923d95581,fonts/microsoft-jhenghei.ttf,0,32,16,28.8,29,0.1999999999999993,17,False,今我來思雨雪霏霏,,今我來思雨雪霏霏,,8,8,1.0,ok,,d7684082d2243ed3153aa01d62d0d9c6a8571f637daf883fcdb520398298b369,215e1073607a779f860aeeeea832b110fcf05f1bd5c5cecdd7c2b1a79600b7e1,e3b0c44298fc1c149afbf4c8996fb92427ae41e4649b934ca495991b7852b855
zh_line_08,zh_tra,single_line,7,1.933333333333,opencv_bilinear,1.9322033898305084,1.9322033898305084,,canonical/zh_line_08/r_1p933333.png,f492732e4b497d3fad4892ba1b3c719c440898468ce0c99793a0ca10e41e48a6,resized/opencv_bilinear/zh_line_08/r_1p933333.png,810c21d71250e70ed4521fde39d3c5b1c7dab5ce853bb5ff1b9f20a8c13a117d,fonts/microsoft-jhenghei.ttf,0,35,16,30.933333333328,31,0.06666666667199905,17,False,今我來思雨雪霏霏,,今我來思雨雪霏霏,,8,8,1.0,ok,,a0e391d4d5fb698591b64ef527b993bab500e5c58203d9ff0d962935eda460b8,fd20051ee2f2c550645f8a63c9d91fb172bcfdfcdb1d6316218259b3b4e81d15,e3b0c44298fc1c149afbf4c8996fb92427ae41e4649b934ca495991b7852b855
zh_line_08,zh_tra,single_line,7,2.066666666667,opencv_bilinear,2.0701754385964914,2.0701754385964914,,canonical/zh_line_08/r_2p066667.png,59561bcee3f9482ff63acc6191a711c3b0ba30145563014e870650bac504c9b6,resized/opencv_bilinear/zh_line_08/r_2p066667.png,8e8c1fb8af2c92849956c8053f724c1f349c5b84e4e7bad3662a38448eaaf665,fonts/microsoft-jhenghei.ttf,0,36,16,33.066666666672,33,-0.06666666667199905,16,False,今我來思雨雪霏霏,"今我來恩兩雪罪霏
",今我來思雨雪霏霏,今我來恩兩雪罪霏,3,8,0.375,ok,,ad02e6f1a9e7309fd9ca0bae8a4e3f8ebe8f95bd846c7d8d08789b6360b2b817,3b43599d73f713e3756913a6b9f9a3fa135d9d2b1b96c52232635e46c8caeea5,f8ad738a21dcf4ffc9e270eea3619a72fab99d3c02878384018aff92ca4bbaab
zh_line_08,zh_tra,single_line,7,2.2,opencv_bilinear,2.197674418604651,2.197674418604651,,canonical/zh_line_08/r_2p200000.png,93c05bd053bafa675b4e7d560dddcc4177a290ab6935a69d9c76615e2cdee8c0,resized/opencv_bilinear/zh_line_08/r_2p200000.png,f8b3f44b11bf1e796932b3d6e43bab188db922c6c03b3f66bb70c580eae34195,fonts/microsoft-jhenghei.ttf,0,38,16,35.2,35,-0.20000000000000284,16,False,今我來思雨雪霏霏,,今我來思雨雪霏霏,,8,8,1.0,ok,,e99b0106bdbc2040cb50ea9dfc36d4468d18e4b3e0953d03f8da88b86f91c9d5,6611e2faf37f65fb17b1da02072c1e101c3c0580439184e3ca6b83810af247cc,e3b0c44298fc1c149afbf4c8996fb92427ae41e4649b934ca495991b7852b855
zh_line_08,zh_tra,single_line,7,2.333333333333,opencv_bilinear,2.3389830508474576,2.3389830508474576,,canonical/zh_line_08/r_2p333333.png,bbef1b14860a993898ef4486d30bf288aac0811e4a75bf3e3a87c9b9bdbf6f52,resized/opencv_bilinear/zh_line_08/r_2p333333.png,18d53c0518db0f993ee63b752c2c7a44a70137ab877df9c74eab9dba6e911258,fonts/microsoft-jhenghei.ttf,0,42,16,37.333333333328,37,-0.3333333333279995,16,False,今我來思雨雪霏霏,,今我來思雨雪霏霏,,8,8,1.0,ok,,23fa300cdefda293101226f5ac9dd11115d6be0c1e1096db05ec8047b29f5136,0442664a1990c892d1acf32bcae6f6a0f3aab6850f7b2fd219104c43e0031992,e3b0c44298fc1c149afbf4c8996fb92427ae41e4649b934ca495991b7852b855
zh_line_08,zh_tra,single_line,7,2.466666666667,opencv_bilinear,2.4685714285714284,2.4685714285714284,,canonical/zh_line_08/r_2p466667.png,341cd1e28f25b95265eb780bc3c0f5647b48c408d4936e72bdd592d712ebdd95,resized/opencv_bilinear/zh_line_08/r_2p466667.png,9b2dc4e8b866c0f5c6163dd7046dc6a42430a5e20880d2f2f0874909081cebcb,fonts/microsoft-jhenghei.ttf,0,44,16,39.466666666672,40,0.5333333333280024,17,False,今我來思雨雪霏霏,"今我來思雨要罪霹
",今我來思雨雪霏霏,今我來思雨要罪霹,3,8,0.375,ok,,dc70871eb4b290594f87fe218484f487c76ca9e762118e0e18b63bb8ca065c08,df706e9a103cbb9bbe9be84447ed115cc0bc9da07dd927e8f14a526eb9df1218,8ea7e0bc3ab3c682d8619972ebd115a4706d2de74550dfcbf7842b0807aebde0
zh_line_08,zh_tra,single_line,7,2.6,opencv_bilinear,2.5964912280701755,2.5964912280701755,,canonical/zh_line_08/r_2p600000.png,c8c04828a3a8766f1e1206fbb5b462bd18799a8138748b363d2a0ed04773451d,resized/opencv_bilinear/zh_line_08/r_2p600000.png,13386acc11eb3afbe0ffea1809f5eefb4a696afed331644c867eca6296991358,fonts/microsoft-jhenghei.ttf,0,45,16,41.6,41,-0.6000000000000014,16,False,今我來思雨雪霏霏,,今我來思雨雪霏霏,,8,8,1.0,ok,,fc25bdefb10a507f597cbf13f01e7ddc817fbc118c84fdb71f9d0c4ba2c52ae3,37e37a98fef36142eb3e97e01992c9bba4817fe0c271acc5e51b792f2b3c6102,e3b0c44298fc1c149afbf4c8996fb92427ae41e4649b934ca495991b7852b855
zh_line_08,zh_tra,single_line,7,2.625,opencv_bilinear,2.6272189349112427,2.6272189349112427,,canonical/zh_line_08/r_2p625000.png,c8c04828a3a8766f1e1206fbb5b462bd18799a8138748b363d2a0ed04773451d,resized/opencv_bilinear/zh_line_08/r_2p625000.png,e82df2838cc594b22cab1ae42561325f08e18f1c07cf37d897ba76ddb2ba5e43,fonts/microsoft-jhenghei.ttf,0,45,16,42.0,41,-1.0,16,False,今我來思雨雪霏霏,,今我來思雨雪霏霏,,8,8,1.0,ok,,fc25bdefb10a507f597cbf13f01e7ddc817fbc118c84fdb71f9d0c4ba2c52ae3,186ef491994281eb0582f699920e223d5b36eb5b954a451be528668e2e13b351,e3b0c44298fc1c149afbf4c8996fb92427ae41e4649b934ca495991b7852b855
zh_line_08,zh_tra,single_line,7,2.733333333333,opencv_bilinear,2.739884393063584,2.739884393063584,,canonical/zh_line_08/r_2p733333.png,3b99b7abe1f113eaa2de23267887bf7fbaf6341ecfd41be9c625f9f952f0f30f,resized/opencv_bilinear/zh_line_08/r_2p733333.png,1caeab6d5768c87f71746badc08cb934f530f6da8b68d7d2f6210bb6c264767c,fonts/microsoft-jhenghei.ttf,0,48,16,43.733333333328,44,0.2666666666720019,17,False,今我來思雨雪霏霏,"今我來思雨雪罪罪
",今我來思雨雪霏霏,今我來思雨雪罪罪,2,8,0.25,ok,,dc3bd7ed4fca3f00f8037b0cb13093268d1efb8a9e75e21f46fc33db6ed3374e,4201324b2a791bf6b3337d417ed3f7b525e2edeeef5c9930fa44bc5d786857f4,ecd7b5d3cb85a0c1116c3cc590a7ebda7c06389a6783170ca2f1362fcb11df9c
zh_line_08,zh_tra,single_line,7,2.866666666667,opencv_bilinear,2.86046511627907,2.86046511627907,,canonical/zh_line_08/r_2p866667.png,0348f907aaf4a44d704578f0d8fa0f1604aee55907001636634ddda816fd67c5,resized/opencv_bilinear/zh_line_08/r_2p866667.png,4faf9b37ef0084da94a70cca37e43362995cdc265b9ed53d3d4101f25da35c7d,fonts/microsoft-jhenghei.ttf,0,50,16,45.866666666672,46,0.13333333332799668,16,False,今我來思雨雪霏霏,,今我來思雨雪霏霏,,8,8,1.0,ok,,2bb0c3396d8a506e0fbba85467238b6afa9c3a969794f032a741fb67fe5cb144,bcd65aacb22ab4734184b88065f749086e584e358c9304e8b9ff06b6b422ec9c,e3b0c44298fc1c149afbf4c8996fb92427ae41e4649b934ca495991b7852b855
zh_line_08,zh_tra,single_line,7,3.0,opencv_bilinear,3.0,3.0,,canonical/zh_line_08/r_3p000000.png,ed1dd71ebc7cb72da17fedf89c739a64f3fc36154ecf6f833a4baa30b2b40324,resized/opencv_bilinear/zh_line_08/r_3p000000.png,2caa31a7c7e2e9aabbd6249c7c9c4cc31c3b5cd372ac47b1e7812b04efd19316,fonts/microsoft-jhenghei.ttf,0,53,16,48.0,48,0.0,16,False,今我來思雨雪霏霏,,今我來思雨雪霏霏,,8,8,1.0,ok,,46c01cfd69bdad6c974ffd0d5220b05e28fdf4eda4eb1ed135b58c3abd92bb80,44a19c3e3773e934dd1c495170524bd23ba5c5b4e83c553f337d89ee7cee83d4,e3b0c44298fc1c149afbf4c8996fb92427ae41e4649b934ca495991b7852b855
zh_line_09,zh_tra,single_line,7,1.0,opencv_bilinear,1.0,1.0,,canonical/zh_line_09/r_1p000000.png,0e7431f951663fda8ef12ffd410d70922ddac8e083f2d0f642810555e62af0c0,resized/opencv_bilinear/zh_line_09/r_1p000000.png,8e0f47497ebb3c8ba0a2d5e2c683487d357f9cc4d190420c990fedb78512c05a,fonts/microsoft-jhenghei.ttf,0,17,16,16.0,16,0.0,16,False,測試文字,,測試文字,,4,4,1.0,ok,,5c5a411dbdfefbc0aa5565e2e6d6bc3377c9ebffbbc60cd136a046fdc51d8fe8,5c5a411dbdfefbc0aa5565e2e6d6bc3377c9ebffbbc60cd136a046fdc51d8fe8,e3b0c44298fc1c149afbf4c8996fb92427ae41e4649b934ca495991b7852b855
zh_line_09,zh_tra,single_line,7,1.133333333333,opencv_bilinear,1.1320754716981132,1.1320754716981132,,canonical/zh_line_09/r_1p133333.png,3f9c0ce342a268b383e154fc89490f9d1a8ac5989017c0dc68066f40519faaac,resized/opencv_bilinear/zh_line_09/r_1p133333.png,383b8f40b9eed2a47b3524c6f069a6729dbb973d013656e073ae7ee8f24e2df6,fonts/microsoft-jhenghei.ttf,0,20,16,18.133333333328,18,-0.13333333332800024,16,False,測試文字,"測試文字
",測試文字,測試文字,0,4,0.0,ok,,0bd9ab41198e46bc2317371e91c13308900ce095a6f949c7c1ec98e38fa98543,7f7fd55760c6bebb0d7f2a1f7d7c86896b08f1bed078a7ebd23b0f33423de484,4b3aafd3a0830f33cd75303383fbfab450445fd89dd28d576bdef73f4556bd35
zh_line_09,zh_tra,single_line,7,1.266666666667,opencv_bilinear,1.2692307692307692,1.2692307692307692,,canonical/zh_line_09/r_1p266667.png,44eb3198e1ca33f91203ad541d8edd8b0a51aa3f6de898566486594878b3582a,resized/opencv_bilinear/zh_line_09/r_1p266667.png,b5c28d80e1dcd66fd5fa1e9e6d097868b4af992c3fe8b77ce7a7fc479ee3e75e,fonts/microsoft-jhenghei.ttf,0,22,16,20.266666666672,20,-0.26666666667199834,16,False,測試文字,"測試文字
",測試文字,測試文字,0,4,0.0,ok,,9e7d94de36c70d483c19f499ce2586827bad3076103cbcb16b64cf217e9bdfbd,829b06aaf17485ffb180466a0c77eb4d8915ca3d60a9a7fd73be498c22cda43d,4b3aafd3a0830f33cd75303383fbfab450445fd89dd28d576bdef73f4556bd35
zh_line_09,zh_tra,single_line,7,1.4,opencv_bilinear,1.3980582524271845,1.3980582524271845,,canonical/zh_line_09/r_1p400000.png,9d5a1832c37720eadc145a1349ea4d6fe647e0a6aea7242b7b7d0a36414c6c69,resized/opencv_bilinear/zh_line_09/r_1p400000.png,808017ceb061c680dc6b60cf39c48ac7fda9e169428dadfa6a4c016755660ac6,fonts/microsoft-jhenghei.ttf,0,24,16,22.4,22,-0.3999999999999986,17,False,測試文字,"測試文字
",測試文字,測試文字,0,4,0.0,ok,,8d361fbf05bd6003f05b27ee6facee695bc88e3fb00eab815e106125605a5ff1,5934f3a3d96c73a1865fe40966e549eef464be00610a9c64b1dcd6d54d99fa98,4b3aafd3a0830f33cd75303383fbfab450445fd89dd28d576bdef73f4556bd35
zh_line_09,zh_tra,single_line,7,1.533333333333,opencv_bilinear,1.528301886792453,1.528301886792453,,canonical/zh_line_09/r_1p533333.png,a05a25ac9c134843338d27e826fc1ebb5083f87fa3dc5d21a502c68a59d0b9aa,resized/opencv_bilinear/zh_line_09/r_1p533333.png,40422a1b3442ffb16ad8a197c3ba19c6e042f79834d84b5d1aed573c7b382d1c,fonts/microsoft-jhenghei.ttf,0,27,16,24.533333333328,25,0.4666666666720012,17,False,測試文字,"測試文字
",測試文字,測試文字,0,4,0.0,ok,,5ab8bfd53a557aa9720625702af1f75b34439d09713c9a82d0ec05b0c1bca98b,6b024666726ca89b86335fbb0d2b5970bee215e2527d4e4223cc82efef2feaa8,4b3aafd3a0830f33cd75303383fbfab450445fd89dd28d576bdef73f4556bd35
zh_line_09,zh_tra,single_line,7,1.666666666667,opencv_bilinear,1.6730769230769231,1.6730769230769231,,canonical/zh_line_09/r_1p666667.png,88d2edebd334820c5d06a952fc2858afa459cd14693cca53b0b573628d1f4fed,resized/opencv_bilinear/zh_line_09/r_1p666667.png,5220a82713dab2cf518d03ceed74f889433adec30612791954c31951a341d441,fonts/microsoft-jhenghei.ttf,0,30,16,26.666666666672,27,0.3333333333279995,18,True,測試文字,"測試文字
",測試文字,測試文字,0,4,0.0,ok,,10c3a5b60856b6a77c4db4fabf5ed4ff602d35b0b6148dc433fa6a72e65773f1,7601980216d67a6c39e04ea67c6441b672f5beb9442b5dfb9feed59bbfb2464e,4b3aafd3a0830f33cd75303383fbfab450445fd89dd28d576bdef73f4556bd35
zh_line_09,zh_tra,single_line,7,1.8,opencv_bilinear,1.8058252427184467,1.8058252427184467,,canonical/zh_line_09/r_1p800000.png,9d082d9700f89c290239058de63d403f15990794c0c7b00fb6f279fbc96c0517,resized/opencv_bilinear/zh_line_09/r_1p800000.png,12b8b703a52c6e714a219258a44c50cfb80b9df54fe8fe60bcfc9bea72f167f7,fonts/microsoft-jhenghei.ttf,0,32,16,28.8,29,0.1999999999999993,17,False,測試文字,"測試文字
",測試文字,測試文字,0,4,0.0,ok,,723f42aeed88f06790b95b1dea065067932f1bfffc8b35fb0f7f3b87e190928d,0a0d5497f3bfaae4dcb922ce74804f1f7f7a072ded8fb1585ddb56223c086429,4b3aafd3a0830f33cd75303383fbfab450445fd89dd28d576bdef73f4556bd35
zh_line_09,zh_tra,single_line,7,1.933333333333,opencv_bilinear,1.9245283018867925,1.9245283018867925,,canonical/zh_line_09/r_1p933333.png,966473f96799f596d26df2aa315376d595b650935e5190bd6310129e80996d19,resized/opencv_bilinear/zh_line_09/r_1p933333.png,8a5b21ff72fa8bca654e1c74b4190315ad9e1ce0f79d8164e7b88f58f7627885,fonts/microsoft-jhenghei.ttf,0,35,16,30.933333333328,31,0.06666666667199905,17,False,測試文字,"測試文字
",測試文字,測試文字,0,4,0.0,ok,,e159455d37c88e1d292943882e2074ac5b916f58005fadf5eba5ec076c213758,dbc26eea7607ae568e3856c0ea067f302c879beaa1848952d85f33f66b4a4e16,4b3aafd3a0830f33cd75303383fbfab450445fd89dd28d576bdef73f4556bd35
zh_line_09,zh_tra,single_line,7,2.066666666667,opencv_bilinear,2.057142857142857,2.057142857142857,,canonical/zh_line_09/r_2p066667.png,cf243b6790407fb004f0eefb05b9b648479362f3be02c7f58db687c4693b1d16,resized/opencv_bilinear/zh_line_09/r_2p066667.png,5b49491132a0100aeb2f190f53d628c78dae2e36a9b605f5e758e75cb9cab459,fonts/microsoft-jhenghei.ttf,0,37,16,33.066666666672,33,-0.06666666667199905,17,False,測試文字,"測試文字
",測試文字,測試文字,0,4,0.0,ok,,e46fd78925fd2c8ae9c377a6edf3363b4a70b527a2e2c8f757f4d3cc63aafd87,20e88202bff63778c9c60fd77a6173d5dc30b5be8e5310485f3360089b9a69a8,4b3aafd3a0830f33cd75303383fbfab450445fd89dd28d576bdef73f4556bd35
zh_line_09,zh_tra,single_line,7,2.2,opencv_bilinear,2.207547169811321,2.207547169811321,,canonical/zh_line_09/r_2p200000.png,def18cac9e5f5acefb4b1e01f0a2e6c706f5e901ae4b8c74ce5075a444a6aef7,resized/opencv_bilinear/zh_line_09/r_2p200000.png,302aef3cc82686aa57c105ef5a0ea8f6fa58bf7fa1a070cd16cc78fa3f5fed00,fonts/microsoft-jhenghei.ttf,0,40,16,35.2,35,-0.20000000000000284,16,False,測試文字,"測試文字
",測試文字,測試文字,0,4,0.0,ok,,016ff4989c97d3de84b8fc2d974b48bd1f4ba4d3ea401f958f41e50cf8b8efc5,81dd2d98726ee4bb60fb740677e118bddefe3f089831cff0132a0760d3fe7ff3,4b3aafd3a0830f33cd75303383fbfab450445fd89dd28d576bdef73f4556bd35
zh_line_09,zh_tra,single_line,7,2.333333333333,opencv_bilinear,2.342857142857143,2.342857142857143,,canonical/zh_line_09/r_2p333333.png,7458e50abda4aa200b0cab9f49f45440ed96637748b56b760979fbdc89852cea,resized/opencv_bilinear/zh_line_09/r_2p333333.png,1e3b6b37b4d1e548ccd68f5570d2f3defa86311074e8ee44982ad98bbb7e1ca9,fonts/microsoft-jhenghei.ttf,0,42,16,37.333333333328,37,-0.3333333333279995,17,False,測試文字,,測試文字,,4,4,1.0,ok,,00487675eb620adef2b9edb8e879f004f58c198ab496e280b720f869115f8be9,ff1578420a4bd5992dc540d34974b3867e1b40f6aca44adac661e3563d2885a3,e3b0c44298fc1c149afbf4c8996fb92427ae41e4649b934ca495991b7852b855
zh_line_09,zh_tra,single_line,7,2.466666666667,opencv_bilinear,2.4571428571428573,2.4571428571428573,,canonical/zh_line_09/r_2p466667.png,0f24585f09890537270a145fec99e823b41058ed51c239165a492f145bc11091,resized/opencv_bilinear/zh_line_09/r_2p466667.png,209dde141a72071b001b94814f64d40b587e14543e6905714cfb5b3f458929fd,fonts/microsoft-jhenghei.ttf,0,44,16,39.466666666672,39,-0.46666666667199763,17,False,測試文字,"測試文字
",測試文字,測試文字,0,4,0.0,ok,,7db358bb28f30182ffeacf05fd603878153f0f261d54cf63d44e24c102dd8d1e,561c66b7e77245380cbb68fb655d170b83d09c21c6bc07feed131ada752c65ff,4b3aafd3a0830f33cd75303383fbfab450445fd89dd28d576bdef73f4556bd35
zh_line_09,zh_tra,single_line,7,2.6,opencv_bilinear,2.5961538461538463,2.5961538461538463,,canonical/zh_line_09/r_2p600000.png,9f922924917f1bbffe4a8b9ee29bc9a55f432a16bb02e0f38cb920f40205e608,resized/opencv_bilinear/zh_line_09/r_2p600000.png,908d2f6442ff46bb2ae1f1ed662d4d2e4ec9e51ed0dae0cceae0b000bcab951d,fonts/microsoft-jhenghei.ttf,0,46,16,41.6,42,0.3999999999999986,16,False,測試文字,"測試文字
",測試文字,測試文字,0,4,0.0,ok,,9b9970997b62518d6d0dbf6674295e70ee6a56ae23e651ab4880c33764cace0b,b9e22de0c67b29da0a49c06ea040f0c6357047f265fa5e6e515691fa743075ba,4b3aafd3a0830f33cd75303383fbfab450445fd89dd28d576bdef73f4556bd35
zh_line_09,zh_tra,single_line,7,2.625,opencv_bilinear,2.621359223300971,2.621359223300971,,canonical/zh_line_09/r_2p625000.png,9f922924917f1bbffe4a8b9ee29bc9a55f432a16bb02e0f38cb920f40205e608,resized/opencv_bilinear/zh_line_09/r_2p625000.png,69890348102a95002eefc5c63484c1cb04530850869bb328627ad840bc90ac39,fonts/microsoft-jhenghei.ttf,0,46,16,42.0,42,0.0,17,False,測試文字,"測試文字
",測試文字,測試文字,0,4,0.0,ok,,9b9970997b62518d6d0dbf6674295e70ee6a56ae23e651ab4880c33764cace0b,2c8cf81104dbf6297f927a67f38c0479e6778bc775e0d1686f220aedf88c9156,4b3aafd3a0830f33cd75303383fbfab450445fd89dd28d576bdef73f4556bd35
zh_line_09,zh_tra,single_line,7,2.733333333333,opencv_bilinear,2.742857142857143,2.742857142857143,,canonical/zh_line_09/r_2p733333.png,d9768ee203cf78cb7005266fc83a2b3c266003369f1c0c594c052cf9c397a839,resized/opencv_bilinear/zh_line_09/r_2p733333.png,14ceaadb39fc6cd6e5e7da0dac7613c925870636d95344542882394618fa2815,fonts/microsoft-jhenghei.ttf,0,49,16,43.733333333328,44,0.2666666666720019,17,False,測試文字,"測試文字
",測試文字,測試文字,0,4,0.0,ok,,fef3c94a575a1d8432acbab9828215426e09d8407e9b84e58c0e5e1fc6249bb1,08453b5cfaed8907fedd51accf675b355830ec38269e00617c7499329753a20a,4b3aafd3a0830f33cd75303383fbfab450445fd89dd28d576bdef73f4556bd35
zh_line_09,zh_tra,single_line,7,2.866666666667,opencv_bilinear,2.857142857142857,2.857142857142857,,canonical/zh_line_09/r_2p866667.png,17ccc135434911b425ff741ebcf2235c27d03695788ac04b02ebe2103bbf1676,resized/opencv_bilinear/zh_line_09/r_2p866667.png,a5d41665c1383478d31f307e8816f0b340a4c8963c6f27b5c5f8504b054e12c8,fonts/microsoft-jhenghei.ttf,0,51,16,45.866666666672,45,-0.8666666666720033,16,False,測試文字,"測試文字
",測試文字,測試文字,0,4,0.0,ok,,f182aa6094d087d1a2096b3329073cb99c750c682146822c5474216be3700d90,fe030d6a9bd43427e4a24b7a1861c6475d05f5e364f84e290657de861ea470c5,4b3aafd3a0830f33cd75303383fbfab450445fd89dd28d576bdef73f4556bd35
zh_line_09,zh_tra,single_line,7,3.0,opencv_bilinear,3.0,3.0,,canonical/zh_line_09/r_3p000000.png,3b992ef22fd5b3e16aba83008dda80cffd6dd065d0fd9ad6e3b1eca00b41287a,resized/opencv_bilinear/zh_line_09/r_3p000000.png,63a6960e1b8cdd23a638371022efe505c64c72ef1847fac1880bccf86d68bf52,fonts/microsoft-jhenghei.ttf,0,54,16,48.0,48,0.0,16,False,測試文字,"測試文字
",測試文字,測試文字,0,4,0.0,ok,,9bbc499d1dd0efc3465b957a0a03b169901785662be4232c1fe4e69a6636b9f6,64d2444aff4948dc5f7c01f1fd8562c6a36b566e9bb9bfffe7b497e5d1bbda2c,4b3aafd3a0830f33cd75303383fbfab450445fd89dd28d576bdef73f4556bd35
zh_line_10,zh_tra,single_line,7,1.0,opencv_bilinear,1.0,1.0,,canonical/zh_line_10/r_1p000000.png,82dd3a4b90ee5f4dff6eb20f4fedbe54a13223caad9393e0cb409ebeff0a13db,resized/opencv_bilinear/zh_line_10/r_1p000000.png,8ee1f045ba7968ae64c72f44031de03433ffdea015a565df1157d6ca9b42a2b4,fonts/microsoft-jhenghei.ttf,0,21,16,16.0,16,0.0,16,False,1234567890,"1234567890
",1234567890,1234567890,0,10,0.0,ok,,3e397cc0ae0b6f5183b0e46e278f9d4345e570f348daee5f5095392c229feb90,3e397cc0ae0b6f5183b0e46e278f9d4345e570f348daee5f5095392c229feb90,4795a1c2517089e4df569afd77c04e949139cf299c87f012b894fccf91df4594
zh_line_10,zh_tra,single_line,7,1.133333333333,opencv_bilinear,1.1320754716981132,1.1320754716981132,,canonical/zh_line_10/r_1p133333.png,b8e999a6c55f5e7452e75fcab18b2c50cbc47c24edfff2c0880f699a4a2e571e,resized/opencv_bilinear/zh_line_10/r_1p133333.png,53563f74139824feeaf5d05b8b4f205f7fdec01250a34a4b01f82f8bf564000f,fonts/microsoft-jhenghei.ttf,0,24,16,18.133333333328,18,-0.13333333332800024,17,False,1234567890,"1234567890
",1234567890,1234567890,0,10,0.0,ok,,e00c4ec2f12f9566f71fd3a6c69e6ee8899e570781a93805ab45ca54bf2e8942,4dda3a12bf3cf99236eda89239666428fd43cc4f49182a41b7d45c3535df0f8e,4795a1c2517089e4df569afd77c04e949139cf299c87f012b894fccf91df4594
zh_line_10,zh_tra,single_line,7,1.266666666667,opencv_bilinear,1.263157894736842,1.263157894736842,,canonical/zh_line_10/r_1p266667.png,ba220d58817ed0931f9c4d1ece0cbc81439bc6cbe6d4068392ab0a387046096e,resized/opencv_bilinear/zh_line_10/r_1p266667.png,caa4879294a21970fd92e7a1c33bd710b52158258168981f472a1d5842abb0c6,fonts/microsoft-jhenghei.ttf,0,26,16,20.266666666672,20,-0.26666666667199834,16,False,1234567890,"1234567890
",1234567890,1234567890,0,10,0.0,ok,,831fc3e1279655d64544abbedb66900fde20948163bebb9d859ef01fc3662c5e,2ff7836d7fddfcbe1ff5395ad1c77fa40d65b8e858f050726ba54722caa3ddad,4795a1c2517089e4df569afd77c04e949139cf299c87f012b894fccf91df4594
zh_line_10,zh_tra,single_line,7,1.4,opencv_bilinear,1.4025974025974026,1.4025974025974026,,canonical/zh_line_10/r_1p400000.png,68898d5a0e2248215957fa9964a2d190eb3c9c7d08e4879956fc01e19bbf5141,resized/opencv_bilinear/zh_line_10/r_1p400000.png,7a5cd388075d16d5dbf2f2907b1ff99f5dac12eec91bbd823e67864a55b09f48,fonts/microsoft-jhenghei.ttf,0,29,16,22.4,22,-0.3999999999999986,16,False,1234567890,"1234567890
",1234567890,1234567890,0,10,0.0,ok,,7d1974a2c9703ed100f887b3606b742a289330247009d218fe0fcd0ef130d42d,537a9251d93af21efee34568c957f25b41920b2737928e1ac077fdd8351c78cb,4795a1c2517089e4df569afd77c04e949139cf299c87f012b894fccf91df4594
zh_line_10,zh_tra,single_line,7,1.533333333333,opencv_bilinear,1.5286624203821657,1.5286624203821657,,canonical/zh_line_10/r_1p533333.png,04b304a0fc3c435fafc46cdd5ed8405be8edb68faca44ce8b917f32ee2f1be57,resized/opencv_bilinear/zh_line_10/r_1p533333.png,2a157767961ddff3113e0188694dc1157b6b409e6d6fb86a52ca81b4e94aca34,fonts/microsoft-jhenghei.ttf,0,32,16,24.533333333328,25,0.4666666666720012,17,False,1234567890,"1234567890
",1234567890,1234567890,0,10,0.0,ok,,72994adb98fc81f97cbc74fb272444aff58479345971a8c1b74614ea5e42638c,4bfcd809634d592e9d4498285f66f9e9c59dfbc07231acc7d981a91829762bfd,4795a1c2517089e4df569afd77c04e949139cf299c87f012b894fccf91df4594
zh_line_10,zh_tra,single_line,7,1.666666666667,opencv_bilinear,1.664516129032258,1.664516129032258,,canonical/zh_line_10/r_1p666667.png,3c2d9a42b050cc692e3aa96dab24fcb46acd8a86d69b8035d087afaeea9a40ba,resized/opencv_bilinear/zh_line_10/r_1p666667.png,672bf326b4306760ee398b07b29f060c0c06c282410bc47ceeaaa56c6801d118,fonts/microsoft-jhenghei.ttf,0,35,16,26.666666666672,27,0.3333333333279995,17,False,1234567890,"1234567890
",1234567890,1234567890,0,10,0.0,ok,,86b140eefb7c2f739d3f65ac65fd6a31e534934276269f4afc9b8a0c4fafc6ba,332bdb9d599c31220f1b1ea613d09b22a9e3059aac9811cd11dc8bbe8598251d,4795a1c2517089e4df569afd77c04e949139cf299c87f012b894fccf91df4594
zh_line_10,zh_tra,single_line,7,1.8,opencv_bilinear,1.7961783439490446,1.7961783439490446,,canonical/zh_line_10/r_1p800000.png,d08d53da3961fc00532a49f5d63764d3bbe3b7e5aeb34ead4e70ba2692b8a708,resized/opencv_bilinear/zh_line_10/r_1p800000.png,bdcda221983c0719afa60518643d3048bcb680b829dd004c45e6c0066d422e71,fonts/microsoft-jhenghei.ttf,0,38,16,28.8,29,0.1999999999999993,17,False,1234567890,"1234567890
",1234567890,1234567890,0,10,0.0,ok,,2b7322cf140c3b9cdefa89de61db6fad349b46179754025ac72a708ac3130efd,3d4737e3f8f9360ac91b073614887f7cfe0f12718174abbda72430ef47f5f1e0,4795a1c2517089e4df569afd77c04e949139cf299c87f012b894fccf91df4594
zh_line_10,zh_tra,single_line,7,1.933333333333,opencv_bilinear,1.9342105263157894,1.9342105263157894,,canonical/zh_line_10/r_1p933333.png,b88c6a8a9c4622b23e299c4a3b6a4d0c16b8b234821eba4d9c25478e5f2af51f,resized/opencv_bilinear/zh_line_10/r_1p933333.png,6fb8a060a107ada296dff012737c2469fec0587758ddc858fbcdf57d29e24cd1,fonts/microsoft-jhenghei.ttf,0,40,16,30.933333333328,31,0.06666666667199905,17,False,1234567890,"1234567890
",1234567890,1234567890,0,10,0.0,ok,,dde280807e7ad2df8201efb99f660c08f826ec79818786df2cc77ba938422fd8,6cbb710fc753b0ceb6462a210b1d299c80db9e04de7c5364e3fcad90bd78242b,4795a1c2517089e4df569afd77c04e949139cf299c87f012b894fccf91df4594
zh_line_10,zh_tra,single_line,7,2.066666666667,opencv_bilinear,2.064935064935065,2.064935064935065,,canonical/zh_line_10/r_2p066667.png,e675dfa86d8783c8f26aeac9b57cf131682894d652d84d5f7b22dc8adab06360,resized/opencv_bilinear/zh_line_10/r_2p066667.png,23d3a14d1eb2c91c21fef66cbf35fdb3af9ef0624a31079beac5ccde55dc8279,fonts/microsoft-jhenghei.ttf,0,43,16,33.066666666672,33,-0.06666666667199905,16,False,1234567890,"1234567890
",1234567890,1234567890,0,10,0.0,ok,,d2a6a1f78414388c5a120f651655f5dc2dd0a2cab65d67e93c4d05e55b4cbb9a,5324a18af18b89f4b91d8ed3db10ee7ec66a0fd9ef8656152e8c39191bb4ec5d,4795a1c2517089e4df569afd77c04e949139cf299c87f012b894fccf91df4594
zh_line_10,zh_tra,single_line,7,2.2,opencv_bilinear,2.2,2.2,,canonical/zh_line_10/r_2p200000.png,304fbc051a4ad1093a6363eaddc71de4d03dcf43de9245830e47baa405898bd1,resized/opencv_bilinear/zh_line_10/r_2p200000.png,8848976ecf816d8a919019976111447ac2b9d10169758f98633dd58258ab5e36,fonts/microsoft-jhenghei.ttf,0,45,16,35.2,35,-0.20000000000000284,16,False,1234567890,"1234567890
",1234567890,1234567890,0,10,0.0,ok,,ee5a916459f4a4df863071b7caa80425eb62318e1d231fdb316f4fd7e107bf16,331af485762998c23822833b795f03345c1de621ed08e4ffbbf73cfc183ff867,4795a1c2517089e4df569afd77c04e949139cf299c87f012b894fccf91df4594
zh_line_10,zh_tra,single_line,7,2.333333333333,opencv_bilinear,2.3289473684210527,2.3289473684210527,,canonical/zh_line_10/r_2p333333.png,c3e9d6b58d3aa3c584dfc287f067af5cbb791005f457761ca32152f21687584e,resized/opencv_bilinear/zh_line_10/r_2p333333.png,b10b697b54d27004c1077bd55266cdf25c214971dd148e871cd2a5825768e709,fonts/microsoft-jhenghei.ttf,0,48,16,37.333333333328,37,-0.3333333333279995,16,False,1234567890,"1234567890
",1234567890,1234567890,0,10,0.0,ok,,6112767cdcbde7331edbea10df0650d32c097c8a54f1fee1dac5abee872ec8f2,374c02d6681a337df7d90d53b0b828803d5f272820d7659f4a13fc5da64fc1b5,4795a1c2517089e4df569afd77c04e949139cf299c87f012b894fccf91df4594
zh_line_10,zh_tra,single_line,7,2.466666666667,opencv_bilinear,2.4657534246575343,2.4657534246575343,,canonical/zh_line_10/r_2p466667.png,c3760122c114640a1e26f4acf9eb512eb254a4fbbcab29d3e350c70ecb11ee9b,resized/opencv_bilinear/zh_line_10/r_2p466667.png,34dcca5bcb6d3c2c46ded8bfc45b377ea1ce364db417ababa08a5032b79a2ef8,fonts/microsoft-jhenghei.ttf,0,49,16,39.466666666672,38,-1.4666666666719976,16,False,1234567890,"1234567890
",1234567890,1234567890,0,10,0.0,ok,,e441ccd38d714b8e67fa4daacbdc423a636719803e8531214c3ccb9acf8604f4,0b16aac2dd3c1b1a67c0a6d426a949d43d2d7662e27e999804e1b69f7857993c,4795a1c2517089e4df569afd77c04e949139cf299c87f012b894fccf91df4594
zh_line_10,zh_tra,single_line,7,2.6,opencv_bilinear,2.6052631578947367,2.6052631578947367,,canonical/zh_line_10/r_2p600000.png,25647f8f671bcdbea379ea36f831b9c334ea047052be832d52d41cbda15f9914,resized/opencv_bilinear/zh_line_10/r_2p600000.png,b95083b2c6ca1a61d9ee7d63850f796e12465d689804dd026e172d3a65a6a409,fonts/microsoft-jhenghei.ttf,0,53,16,41.6,42,0.3999999999999986,16,False,1234567890,"1234567890
",1234567890,1234567890,0,10,0.0,ok,,fc3a42ef24e93673fb802f59a26f2b26b9bc9ce10f46bde54c4f8bf0e054876d,ee579e72f513ae43913df1532eba67b66fd590e645ac59a9748d12fef04e05ff,4795a1c2517089e4df569afd77c04e949139cf299c87f012b894fccf91df4594
zh_line_10,zh_tra,single_line,7,2.625,opencv_bilinear,2.622516556291391,2.622516556291391,,canonical/zh_line_10/r_2p625000.png,25647f8f671bcdbea379ea36f831b9c334ea047052be832d52d41cbda15f9914,resized/opencv_bilinear/zh_line_10/r_2p625000.png,c92a1de6ee177a8eca09136909abec336fddcf3f1f5d552bedd6ea51a191c0f7,fonts/microsoft-jhenghei.ttf,0,53,16,42.0,42,0.0,17,False,1234567890,"1234567890
",1234567890,1234567890,0,10,0.0,ok,,fc3a42ef24e93673fb802f59a26f2b26b9bc9ce10f46bde54c4f8bf0e054876d,7c75afcaf4aae4f867db31d0923741fdd8688fcb5ff4d4d4c3a62182679989ae,4795a1c2517089e4df569afd77c04e949139cf299c87f012b894fccf91df4594
zh_line_10,zh_tra,single_line,7,2.733333333333,opencv_bilinear,2.738255033557047,2.738255033557047,,canonical/zh_line_10/r_2p733333.png,48118d64646998d33e2c4f7e9770cf736100c53bc8128c13b81987f52130c3d5,resized/opencv_bilinear/zh_line_10/r_2p733333.png,0ed82727c7419a1e912cbed0b69d0a0944c546ff05b4934f5f7e995411513db6,fonts/microsoft-jhenghei.ttf,0,55,16,43.733333333328,44,0.2666666666720019,17,False,1234567890,"1234567890
",1234567890,1234567890,0,10,0.0,ok,,499cca9fb96fe42738759dd28f5af9d6f46ecff949f96a6233ceeb0b4dc1c551,51909562bfc3ef05a9e2134a4fea4abd66fd1769f4cd8d1e7221a770b27b97cc,4795a1c2517089e4df569afd77c04e949139cf299c87f012b894fccf91df4594
zh_line_10,zh_tra,single_line,7,2.866666666667,opencv_bilinear,2.8609271523178808,2.8609271523178808,,canonical/zh_line_10/r_2p866667.png,657a6c6bdfcb3d815d26c8313357e7c084464de154d955ed437d79400ada5486,resized/opencv_bilinear/zh_line_10/r_2p866667.png,35ca3deb66f44d1c011ffd77c582b89b6504f46d9ce6abeabe4a7af7f3356c75,fonts/microsoft-jhenghei.ttf,0,58,16,45.866666666672,46,0.13333333332799668,17,False,1234567890,"1234567890
",1234567890,1234567890,0,10,0.0,ok,,c3447e854179f4ff9de4e541dc4a5984222aeba1f306ecaa2c1457f4b8d29c80,49204d8df3e97f8be74726fae3997ef96a5c74815cb91227e2dac95bbea4ba44,4795a1c2517089e4df569afd77c04e949139cf299c87f012b894fccf91df4594
zh_line_10,zh_tra,single_line,7,3.0,opencv_bilinear,3.0,3.0,,canonical/zh_line_10/r_3p000000.png,41a9596bcb3e7312631c4ac6132cd06484c173bc42d8f5974b07de6c4035a46b,resized/opencv_bilinear/zh_line_10/r_3p000000.png,d42703c354b49864dd903b87ae356231797c859638c66fd047ff62bf7071a73d,fonts/microsoft-jhenghei.ttf,0,61,16,48.0,48,0.0,16,False,1234567890,"1234567890
",1234567890,1234567890,0,10,0.0,ok,,230c95de3941354fc13fae7e1f0dafc902f1ecf5e5b9bd4d348da16e6736fedc,e447069b2b44244b0af5222e20ae60c2c70678e9d5bf760744641505f90197e6,4795a1c2517089e4df569afd77c04e949139cf299c87f012b894fccf91df4594
