pattern_id,language,layout,psm,requested_ratio,method,effective_ratio_x,effective_ratio_y,integer_bin_factor,source_path,source_sha256,output_path,output_sha256,font_path,font_index,font_size,target_output_glyph_height,target_source_glyph_height,source_max_glyph_height,source_height_error,output_max_glyph_height,glyph_height_warning,reference,prediction,normalized_reference,normalized_prediction,edit_distance,reference_chars,cer,ocr_seconds,status,error
en_char_a,en,single_char,10,1.0,bin_floor,1.0,1.0,1,canonical/en_char_a/r_1p000000.png,ce251f8375496e6842dac32071eac5d2a7b98150e8e050a988cd343a03ffad9a,resized/bin_floor/en_char_a/r_1p000000.png,ce251f8375496e6842dac32071eac5d2a7b98150e8e050a988cd343a03ffad9a,/home/karan/ocr_study/fonts/Consolas-Regular.ttf,0,25,16,16.0,16,0.0,16,False,A,"A
",A,A,0,1,0.0,0.0935709350005709,ok,
en_char_a,en,single_char,10,1.0,bin_ceil,1.0,1.0,1,canonical/en_char_a/r_1p000000.png,ce251f8375496e6842dac32071eac5d2a7b98150e8e050a988cd343a03ffad9a,resized/bin_ceil/en_char_a/r_1p000000.png,ce251f8375496e6842dac32071eac5d2a7b98150e8e050a988cd343a03ffad9a,/home/karan/ocr_study/fonts/Consolas-Regular.ttf,0,25,16,16.0,16,0.0,16,False,A,"A
",A,A,0,1,0.0,0.06276812399937626,ok,
en_char_a,en,single_char,10,1.0,opencv_bilinear,1.0,1.0,,canonical/en_char_a/r_1p000000.png,ce251f8375496e6842dac32071eac5d2a7b98150e8e050a988cd343a03ffad9a,resized/opencv_bilinear/en_char_a/r_1p000000.png,ce251f8375496e6842dac32071eac5d2a7b98150e8e050a988cd343a03ffad9a,/home/karan/ocr_study/fonts/Consolas-Regular.ttf,0,25,16,16.0,16,0.0,16,False,A,"A
",A,A,0,1,0.0,0.06497539700012567,ok,
en_char_a,en,single_char,10,1.0,lanczos2_7tap_16phase,1.0,1.0,,canonical/en_char_a/r_1p000000.png,ce251f8375496e6842dac32071eac5d2a7b98150e8e050a988cd343a03ffad9a,resized/lanczos2_7tap_16phase/en_char_a/r_1p000000.png,ce251f8375496e6842dac32071eac5d2a7b98150e8e050a988cd343a03ffad9a,/home/karan/ocr_study/fonts/Consolas-Regular.ttf,0,25,16,16.0,16,0.0,16,False,A,"A
",A,A,0,1,0.0,0.06379552199996397,ok,
en_char_a,en,single_char,10,1.0,lanczos3_7tap_16phase,1.0,1.0,,canonical/en_char_a/r_1p000000.png,ce251f8375496e6842dac32071eac5d2a7b98150e8e050a988cd343a03ffad9a,resized/lanczos3_7tap_16phase/en_char_a/r_1p000000.png,ce251f8375496e6842dac32071eac5d2a7b98150e8e050a988cd343a03ffad9a,/home/karan/ocr_study/fonts/Consolas-Regular.ttf,0,25,16,16.0,16,0.0,16,False,A,"A
",A,A,0,1,0.0,0.06347725100022217,ok,
en_char_a,en,single_char,10,1.133333333333,bin_floor,1.0,1.0,1,canonical/en_char_a/r_1p133333.png,01778b143fac4b751d58e27c4b0ee2172de620ad6acd9a594852f0cb0d56cd5f,resized/bin_floor/en_char_a/r_1p133333.png,01778b143fac4b751d58e27c4b0ee2172de620ad6acd9a594852f0cb0d56cd5f,/home/karan/ocr_study/fonts/Consolas-Regular.ttf,0,28,16,18.133333333328,18,-0.13333333332800024,18,False,A,"A
",A,A,0,1,0.0,0.06590719599989825,ok,
en_char_a,en,single_char,10,1.133333333333,bin_ceil,2.0,2.0,2,canonical/en_char_a/r_1p133333.png,01778b143fac4b751d58e27c4b0ee2172de620ad6acd9a594852f0cb0d56cd5f,resized/bin_ceil/en_char_a/r_1p133333.png,3d29a8513c032c4d53655ada2a21fa25aefee28670419c4bbea69e28fad09e82,/home/karan/ocr_study/fonts/Consolas-Regular.ttf,0,28,16,18.133333333328,18,-0.13333333332800024,9,False,A,"A
",A,A,0,1,0.0,0.06432220300030167,ok,
en_char_a,en,single_char,10,1.133333333333,opencv_bilinear,1.125,1.125,,canonical/en_char_a/r_1p133333.png,01778b143fac4b751d58e27c4b0ee2172de620ad6acd9a594852f0cb0d56cd5f,resized/opencv_bilinear/en_char_a/r_1p133333.png,b42297b70614a21426e4a37396c1a59464d08a4babfc979461b65533bef00a5c,/home/karan/ocr_study/fonts/Consolas-Regular.ttf,0,28,16,18.133333333328,18,-0.13333333332800024,16,False,A,"A
",A,A,0,1,0.0,0.06513140900005965,ok,
en_char_a,en,single_char,10,1.133333333333,lanczos2_7tap_16phase,1.125,1.125,,canonical/en_char_a/r_1p133333.png,01778b143fac4b751d58e27c4b0ee2172de620ad6acd9a594852f0cb0d56cd5f,resized/lanczos2_7tap_16phase/en_char_a/r_1p133333.png,11368bb7f31137d7185effca1d9f0722ade8a6df573540395e3a02d9e79f5b3c,/home/karan/ocr_study/fonts/Consolas-Regular.ttf,0,28,16,18.133333333328,18,-0.13333333332800024,18,True,A,"A
",A,A,0,1,0.0,0.06338705799953459,ok,
en_char_a,en,single_char,10,1.133333333333,lanczos3_7tap_16phase,1.125,1.125,,canonical/en_char_a/r_1p133333.png,01778b143fac4b751d58e27c4b0ee2172de620ad6acd9a594852f0cb0d56cd5f,resized/lanczos3_7tap_16phase/en_char_a/r_1p133333.png,3fe7597581b13cfbb3e401a542b70d542c942e386007e876f78b8d357b1a460a,/home/karan/ocr_study/fonts/Consolas-Regular.ttf,0,28,16,18.133333333328,18,-0.13333333332800024,16,False,A,"A
",A,A,0,1,0.0,0.06371512900022935,ok,
en_char_a,en,single_char,10,1.266666666667,bin_floor,1.0,1.0,1,canonical/en_char_a/r_1p266667.png,dc8af654cb8e2577054e3d6232a3289210ed8f41a66e789efaf4098d97d9daff,resized/bin_floor/en_char_a/r_1p266667.png,dc8af654cb8e2577054e3d6232a3289210ed8f41a66e789efaf4098d97d9daff,/home/karan/ocr_study/fonts/Consolas-Regular.ttf,0,31,16,20.266666666672,20,-0.26666666667199834,20,False,A,"A
",A,A,0,1,0.0,0.06371583700001793,ok,
en_char_a,en,single_char,10,1.266666666667,bin_ceil,2.0,2.0,2,canonical/en_char_a/r_1p266667.png,dc8af654cb8e2577054e3d6232a3289210ed8f41a66e789efaf4098d97d9daff,resized/bin_ceil/en_char_a/r_1p266667.png,953a1b5bcd9bc293275e72acdc9d4991c48c4dfb65bcfb36e551b260d5fe7c76,/home/karan/ocr_study/fonts/Consolas-Regular.ttf,0,31,16,20.266666666672,20,-0.26666666667199834,10,False,A,"A
",A,A,0,1,0.0,0.06402346499999112,ok,
en_char_a,en,single_char,10,1.266666666667,opencv_bilinear,1.2765957446808511,1.2765957446808511,,canonical/en_char_a/r_1p266667.png,dc8af654cb8e2577054e3d6232a3289210ed8f41a66e789efaf4098d97d9daff,resized/opencv_bilinear/en_char_a/r_1p266667.png,745b175d99cd8c078678ace44f9f49abb96179a5d2cc37d1c471da9b1312b350,/home/karan/ocr_study/fonts/Consolas-Regular.ttf,0,31,16,20.266666666672,20,-0.26666666667199834,17,False,A,"A
",A,A,0,1,0.0,0.0659536470002422,ok,
en_char_a,en,single_char,10,1.266666666667,lanczos2_7tap_16phase,1.2765957446808511,1.2765957446808511,,canonical/en_char_a/r_1p266667.png,dc8af654cb8e2577054e3d6232a3289210ed8f41a66e789efaf4098d97d9daff,resized/lanczos2_7tap_16phase/en_char_a/r_1p266667.png,c48b196080a57d26a174a314b1b2d769975038ea612bb6ddc7d55675dd8ffdd0,/home/karan/ocr_study/fonts/Consolas-Regular.ttf,0,31,16,20.266666666672,20,-0.26666666667199834,17,False,A,"A
",A,A,0,1,0.0,0.06399243500072771,ok,
en_char_a,en,single_char,10,1.266666666667,lanczos3_7tap_16phase,1.2765957446808511,1.2765957446808511,,canonical/en_char_a/r_1p266667.png,dc8af654cb8e2577054e3d6232a3289210ed8f41a66e789efaf4098d97d9daff,resized/lanczos3_7tap_16phase/en_char_a/r_1p266667.png,fa8b54bc5feac46fb329b36d10fdf4812409e0fed2e3e1e6e76c8c1ad73e1688,/home/karan/ocr_study/fonts/Consolas-Regular.ttf,0,31,16,20.266666666672,20,-0.26666666667199834,17,False,A,"A
",A,A,0,1,0.0,0.0669593820002774,ok,
en_char_a,en,single_char,10,1.4,bin_floor,1.0,1.0,1,canonical/en_char_a/r_1p400000.png,cd710eae0d11875d47daf618a6497f98072dd337789ef0ab544f4dea0b507cd3,resized/bin_floor/en_char_a/r_1p400000.png,cd710eae0d11875d47daf618a6497f98072dd337789ef0ab544f4dea0b507cd3,/home/karan/ocr_study/fonts/Consolas-Regular.ttf,0,34,16,22.4,22,-0.3999999999999986,22,False,A,"A
",A,A,0,1,0.0,0.06436473099984141,ok,
en_char_a,en,single_char,10,1.4,bin_ceil,2.0,2.0,2,canonical/en_char_a/r_1p400000.png,cd710eae0d11875d47daf618a6497f98072dd337789ef0ab544f4dea0b507cd3,resized/bin_ceil/en_char_a/r_1p400000.png,a23b98272de6be602d0f5153740a12d0317ddeaa8653177f58f3df375c6b4d5e,/home/karan/ocr_study/fonts/Consolas-Regular.ttf,0,34,16,22.4,22,-0.3999999999999986,11,False,A,"A
",A,A,0,1,0.0,0.06491601200013974,ok,
en_char_a,en,single_char,10,1.4,opencv_bilinear,1.4042553191489362,1.4042553191489362,,canonical/en_char_a/r_1p400000.png,cd710eae0d11875d47daf618a6497f98072dd337789ef0ab544f4dea0b507cd3,resized/opencv_bilinear/en_char_a/r_1p400000.png,1c5153670a8d1c83984dcd7aec6ac0a14557a89c1ff6b1a1c87ef6c0d00d690f,/home/karan/ocr_study/fonts/Consolas-Regular.ttf,0,34,16,22.4,22,-0.3999999999999986,17,False,A,"A
",A,A,0,1,0.0,0.06451428300078987,ok,
en_char_a,en,single_char,10,1.4,lanczos2_7tap_16phase,1.4042553191489362,1.4042553191489362,,canonical/en_char_a/r_1p400000.png,cd710eae0d11875d47daf618a6497f98072dd337789ef0ab544f4dea0b507cd3,resized/lanczos2_7tap_16phase/en_char_a/r_1p400000.png,81a0ffe6d3cec6e02b80ace34152f7b4426d6a798521ee4dfdf5caf25768d897,/home/karan/ocr_study/fonts/Consolas-Regular.ttf,0,34,16,22.4,22,-0.3999999999999986,17,False,A,"A
",A,A,0,1,0.0,0.06422775300052308,ok,
en_char_a,en,single_char,10,1.4,lanczos3_7tap_16phase,1.4042553191489362,1.4042553191489362,,canonical/en_char_a/r_1p400000.png,cd710eae0d11875d47daf618a6497f98072dd337789ef0ab544f4dea0b507cd3,resized/lanczos3_7tap_16phase/en_char_a/r_1p400000.png,54d6ad0ec865ce504d2dd59433801bb4b93883440ab11620d7149bcd4412a5fe,/home/karan/ocr_study/fonts/Consolas-Regular.ttf,0,34,16,22.4,22,-0.3999999999999986,17,False,A,"A
",A,A,0,1,0.0,0.06408948000080272,ok,
en_char_a,en,single_char,10,1.533333333333,bin_floor,1.0,1.0,1,canonical/en_char_a/r_1p533333.png,83161cb4bfb9527b38b1adc74a10ffbdda48a493ad63fc5286b702e9438fecac,resized/bin_floor/en_char_a/r_1p533333.png,83161cb4bfb9527b38b1adc74a10ffbdda48a493ad63fc5286b702e9438fecac,/home/karan/ocr_study/fonts/Consolas-Regular.ttf,0,39,16,24.533333333328,25,0.4666666666720012,25,False,A,"A
",A,A,0,1,0.0,0.06430905200068082,ok,
en_char_a,en,single_char,10,1.533333333333,bin_ceil,2.0,2.0,2,canonical/en_char_a/r_1p533333.png,83161cb4bfb9527b38b1adc74a10ffbdda48a493ad63fc5286b702e9438fecac,resized/bin_ceil/en_char_a/r_1p533333.png,6afb830db82f47bbe972222d899313fe6b057a8dfcf3449b6c7e45a2e13da64a,/home/karan/ocr_study/fonts/Consolas-Regular.ttf,0,39,16,24.533333333328,25,0.4666666666720012,13,False,A,"A
",A,A,0,1,0.0,0.06514686699938466,ok,
en_char_a,en,single_char,10,1.533333333333,opencv_bilinear,1.5294117647058822,1.5294117647058822,,canonical/en_char_a/r_1p533333.png,83161cb4bfb9527b38b1adc74a10ffbdda48a493ad63fc5286b702e9438fecac,resized/opencv_bilinear/en_char_a/r_1p533333.png,417863233aead18dea7d71e7ebe786e12fc0b242cdc3622c669c004deb4586c1,/home/karan/ocr_study/fonts/Consolas-Regular.ttf,0,39,16,24.533333333328,25,0.4666666666720012,17,False,A,"A
",A,A,0,1,0.0,0.06143613600033859,ok,
en_char_a,en,single_char,10,1.533333333333,lanczos2_7tap_16phase,1.5294117647058822,1.5294117647058822,,canonical/en_char_a/r_1p533333.png,83161cb4bfb9527b38b1adc74a10ffbdda48a493ad63fc5286b702e9438fecac,resized/lanczos2_7tap_16phase/en_char_a/r_1p533333.png,ec9f8acd979ebdf992718752af55fdb595590d898f90c45e07762727019e56f1,/home/karan/ocr_study/fonts/Consolas-Regular.ttf,0,39,16,24.533333333328,25,0.4666666666720012,18,True,A,"A
",A,A,0,1,0.0,0.08360829499997635,ok,
en_char_a,en,single_char,10,1.533333333333,lanczos3_7tap_16phase,1.5294117647058822,1.5294117647058822,,canonical/en_char_a/r_1p533333.png,83161cb4bfb9527b38b1adc74a10ffbdda48a493ad63fc5286b702e9438fecac,resized/lanczos3_7tap_16phase/en_char_a/r_1p533333.png,a2e8a14426c934a9e397bc7e5876233ed558333ea1143cdd60edf23031e27229,/home/karan/ocr_study/fonts/Consolas-Regular.ttf,0,39,16,24.533333333328,25,0.4666666666720012,18,True,A,"A
",A,A,0,1,0.0,0.06638583500080131,ok,
en_char_a,en,single_char,10,1.666666666667,bin_floor,1.0,1.0,1,canonical/en_char_a/r_1p666667.png,1f69e147c9a31ae5e1eacbefaa550f059f8a1b7695445fd3f6f22ec2fbf44849,resized/bin_floor/en_char_a/r_1p666667.png,1f69e147c9a31ae5e1eacbefaa550f059f8a1b7695445fd3f6f22ec2fbf44849,/home/karan/ocr_study/fonts/Consolas-Regular.ttf,0,42,16,26.666666666672,27,0.3333333333279995,27,False,A,"A
",A,A,0,1,0.0,0.06584394099991187,ok,
en_char_a,en,single_char,10,1.666666666667,bin_ceil,2.0,2.0,2,canonical/en_char_a/r_1p666667.png,1f69e147c9a31ae5e1eacbefaa550f059f8a1b7695445fd3f6f22ec2fbf44849,resized/bin_ceil/en_char_a/r_1p666667.png,cc25c5c084981359dfb6f9b7c7026b1ea311a0d474723f2b51397f5cae53821a,/home/karan/ocr_study/fonts/Consolas-Regular.ttf,0,42,16,26.666666666672,27,0.3333333333279995,14,False,A,"A
",A,A,0,1,0.0,0.06635355500020523,ok,
en_char_a,en,single_char,10,1.666666666667,opencv_bilinear,1.68,1.68,,canonical/en_char_a/r_1p666667.png,1f69e147c9a31ae5e1eacbefaa550f059f8a1b7695445fd3f6f22ec2fbf44849,resized/opencv_bilinear/en_char_a/r_1p666667.png,de9e739b21ece12c4da8316be1842871b82de997b3bf75ac4c952e19e1fb2366,/home/karan/ocr_study/fonts/Consolas-Regular.ttf,0,42,16,26.666666666672,27,0.3333333333279995,17,False,A,"A
",A,A,0,1,0.0,0.0675914390003527,ok,
en_char_a,en,single_char,10,1.666666666667,lanczos2_7tap_16phase,1.68,1.68,,canonical/en_char_a/r_1p666667.png,1f69e147c9a31ae5e1eacbefaa550f059f8a1b7695445fd3f6f22ec2fbf44849,resized/lanczos2_7tap_16phase/en_char_a/r_1p666667.png,5e024700dcd4d6a5e0d9eee1c478e2f79814adc638ab3fa6f19e2e8aa18cc94c,/home/karan/ocr_study/fonts/Consolas-Regular.ttf,0,42,16,26.666666666672,27,0.3333333333279995,17,False,A,"A
",A,A,0,1,0.0,0.06506532799994602,ok,
en_char_a,en,single_char,10,1.666666666667,lanczos3_7tap_16phase,1.68,1.68,,canonical/en_char_a/r_1p666667.png,1f69e147c9a31ae5e1eacbefaa550f059f8a1b7695445fd3f6f22ec2fbf44849,resized/lanczos3_7tap_16phase/en_char_a/r_1p666667.png,a4e1f9a6cca4d102d8f469d387900effd66fbcd319c5d92beed4be1be17a61d4,/home/karan/ocr_study/fonts/Consolas-Regular.ttf,0,42,16,26.666666666672,27,0.3333333333279995,17,False,A,"A
",A,A,0,1,0.0,0.06807398199998715,ok,
en_char_a,en,single_char,10,1.8,bin_floor,1.0,1.0,1,canonical/en_char_a/r_1p800000.png,8709b522a1495f73c629bd8098271d8e8e110c0b13b93c1252bf39a52690359b,resized/bin_floor/en_char_a/r_1p800000.png,8709b522a1495f73c629bd8098271d8e8e110c0b13b93c1252bf39a52690359b,/home/karan/ocr_study/fonts/Consolas-Regular.ttf,0,45,16,28.8,29,0.1999999999999993,29,False,A,"A
",A,A,0,1,0.0,0.07395048299986229,ok,
en_char_a,en,single_char,10,1.8,bin_ceil,2.0,2.0,2,canonical/en_char_a/r_1p800000.png,8709b522a1495f73c629bd8098271d8e8e110c0b13b93c1252bf39a52690359b,resized/bin_ceil/en_char_a/r_1p800000.png,c8d8b2d77b75cbb517319de2e99249f7d9fe7d72cd90910134390c2f3b78ebae,/home/karan/ocr_study/fonts/Consolas-Regular.ttf,0,45,16,28.8,29,0.1999999999999993,15,False,A,"A
",A,A,0,1,0.0,0.06667262599967216,ok,
en_char_a,en,single_char,10,1.8,opencv_bilinear,1.8,1.8,,canonical/en_char_a/r_1p800000.png,8709b522a1495f73c629bd8098271d8e8e110c0b13b93c1252bf39a52690359b,resized/opencv_bilinear/en_char_a/r_1p800000.png,3b3de132c0de6da5499204571297a1d24e2ea1eb102acbebdf2a2582027a6cba,/home/karan/ocr_study/fonts/Consolas-Regular.ttf,0,45,16,28.8,29,0.1999999999999993,17,False,A,"A
",A,A,0,1,0.0,0.06565215499995247,ok,
en_char_a,en,single_char,10,1.8,lanczos2_7tap_16phase,1.8,1.8,,canonical/en_char_a/r_1p800000.png,8709b522a1495f73c629bd8098271d8e8e110c0b13b93c1252bf39a52690359b,resized/lanczos2_7tap_16phase/en_char_a/r_1p800000.png,8ac71072867bc6791f02141e89d9505e4cf6a13d1fa3cb01da19dafb8aa6744b,/home/karan/ocr_study/fonts/Consolas-Regular.ttf,0,45,16,28.8,29,0.1999999999999993,17,False,A,"A
",A,A,0,1,0.0,0.06854508400010673,ok,
en_char_a,en,single_char,10,1.8,lanczos3_7tap_16phase,1.8,1.8,,canonical/en_char_a/r_1p800000.png,8709b522a1495f73c629bd8098271d8e8e110c0b13b93c1252bf39a52690359b,resized/lanczos3_7tap_16phase/en_char_a/r_1p800000.png,608eda4b5dec67f11bfe016b8574ea321cc385efc99a543d99c77a19e5633350,/home/karan/ocr_study/fonts/Consolas-Regular.ttf,0,45,16,28.8,29,0.1999999999999993,17,False,A,"A
",A,A,0,1,0.0,0.06589263699970616,ok,
en_char_a,en,single_char,10,1.933333333333,bin_floor,1.0,1.0,1,canonical/en_char_a/r_1p933333.png,fedc5c225d4e0ba11103bcbfdec9a892042652f661a8990174d77035450a5d03,resized/bin_floor/en_char_a/r_1p933333.png,fedc5c225d4e0ba11103bcbfdec9a892042652f661a8990174d77035450a5d03,/home/karan/ocr_study/fonts/Consolas-Regular.ttf,0,48,16,30.933333333328,31,0.06666666667199905,31,False,A,"A
",A,A,0,1,0.0,0.06171595799969509,ok,
en_char_a,en,single_char,10,1.933333333333,bin_ceil,2.0,2.0,2,canonical/en_char_a/r_1p933333.png,fedc5c225d4e0ba11103bcbfdec9a892042652f661a8990174d77035450a5d03,resized/bin_ceil/en_char_a/r_1p933333.png,d3e1357631c931416c7f88c1f5486630f91311a01ce275619c8570ffa51f40cc,/home/karan/ocr_study/fonts/Consolas-Regular.ttf,0,48,16,30.933333333328,31,0.06666666667199905,16,False,A,"A
",A,A,0,1,0.0,0.06489580000015849,ok,
en_char_a,en,single_char,10,1.933333333333,opencv_bilinear,1.92,1.92,,canonical/en_char_a/r_1p933333.png,fedc5c225d4e0ba11103bcbfdec9a892042652f661a8990174d77035450a5d03,resized/opencv_bilinear/en_char_a/r_1p933333.png,3967ee482cbb9b7dca0d0def704009fc31d5b69d85ea5afeb948c5b43773d4bf,/home/karan/ocr_study/fonts/Consolas-Regular.ttf,0,48,16,30.933333333328,31,0.06666666667199905,17,False,A,"A
",A,A,0,1,0.0,0.06747596700006397,ok,
en_char_a,en,single_char,10,1.933333333333,lanczos2_7tap_16phase,1.92,1.92,,canonical/en_char_a/r_1p933333.png,fedc5c225d4e0ba11103bcbfdec9a892042652f661a8990174d77035450a5d03,resized/lanczos2_7tap_16phase/en_char_a/r_1p933333.png,7605d9f69fac50aa527717b26c47e2666428475a46709eadca693a891e977e54,/home/karan/ocr_study/fonts/Consolas-Regular.ttf,0,48,16,30.933333333328,31,0.06666666667199905,17,False,A,"A
",A,A,0,1,0.0,0.06391308500042214,ok,
en_char_a,en,single_char,10,1.933333333333,lanczos3_7tap_16phase,1.92,1.92,,canonical/en_char_a/r_1p933333.png,fedc5c225d4e0ba11103bcbfdec9a892042652f661a8990174d77035450a5d03,resized/lanczos3_7tap_16phase/en_char_a/r_1p933333.png,fcd27752b10b9f9abda334c8717ed9ca6ca715730f38c0087673400319326772,/home/karan/ocr_study/fonts/Consolas-Regular.ttf,0,48,16,30.933333333328,31,0.06666666667199905,17,False,A,"A
",A,A,0,1,0.0,0.06921569499991165,ok,
en_char_a,en,single_char,10,2.066666666667,bin_floor,2.0,2.0,2,canonical/en_char_a/r_2p066667.png,c06b1d59da0d18f700421033bffbc4a20173c3cf63353bddeee5f8a107265adf,resized/bin_floor/en_char_a/r_2p066667.png,61a87d8562c517ba82dd42f1f40d982daab1229665c8b5e0c01ff75964ae951f,/home/karan/ocr_study/fonts/Consolas-Regular.ttf,0,51,16,33.066666666672,33,-0.06666666667199905,17,False,A,"A
",A,A,0,1,0.0,0.06870112300020992,ok,
en_char_a,en,single_char,10,2.066666666667,bin_ceil,3.0,3.0,3,canonical/en_char_a/r_2p066667.png,c06b1d59da0d18f700421033bffbc4a20173c3cf63353bddeee5f8a107265adf,resized/bin_ceil/en_char_a/r_2p066667.png,72d10b5b8605079280719e3c43e13ce7cf2b1b2b2f7dd0810f520bf9f31b7afd,/home/karan/ocr_study/fonts/Consolas-Regular.ttf,0,51,16,33.066666666672,33,-0.06666666667199905,12,False,A,"A
",A,A,0,1,0.0,0.07017173400072352,ok,
en_char_a,en,single_char,10,2.066666666667,opencv_bilinear,2.0816326530612246,2.0816326530612246,,canonical/en_char_a/r_2p066667.png,c06b1d59da0d18f700421033bffbc4a20173c3cf63353bddeee5f8a107265adf,resized/opencv_bilinear/en_char_a/r_2p066667.png,55c9eb60947424090bd3e7583b3e1b3f92ac48a0011b29e2e10f61a832f9a3e8,/home/karan/ocr_study/fonts/Consolas-Regular.ttf,0,51,16,33.066666666672,33,-0.06666666667199905,16,False,A,"A
",A,A,0,1,0.0,0.07386838500042359,ok,
en_char_a,en,single_char,10,2.066666666667,lanczos2_7tap_16phase,2.0816326530612246,2.0816326530612246,,canonical/en_char_a/r_2p066667.png,c06b1d59da0d18f700421033bffbc4a20173c3cf63353bddeee5f8a107265adf,resized/lanczos2_7tap_16phase/en_char_a/r_2p066667.png,364c8acefd6e302e3e0835e6e0a3254d79b5eee9640474e6f16381c35ddc8627,/home/karan/ocr_study/fonts/Consolas-Regular.ttf,0,51,16,33.066666666672,33,-0.06666666667199905,17,False,A,"A
",A,A,0,1,0.0,0.06431501299994125,ok,
en_char_a,en,single_char,10,2.066666666667,lanczos3_7tap_16phase,2.0816326530612246,2.0816326530612246,,canonical/en_char_a/r_2p066667.png,c06b1d59da0d18f700421033bffbc4a20173c3cf63353bddeee5f8a107265adf,resized/lanczos3_7tap_16phase/en_char_a/r_2p066667.png,34f868e5ad68942f864840113d3b9fa65d8cab35ccb515c924edddf92ff6d5a7,/home/karan/ocr_study/fonts/Consolas-Regular.ttf,0,51,16,33.066666666672,33,-0.06666666667199905,17,False,A,"A
",A,A,0,1,0.0,0.0648604059997524,ok,
en_char_a,en,single_char,10,2.2,bin_floor,2.0,2.0,2,canonical/en_char_a/r_2p200000.png,4da7b3d1a07f9628086876c3e1d4961422a3eaa3a68f204745d611999a9c9491,resized/bin_floor/en_char_a/r_2p200000.png,2dd2fb0d577d11bc53f75a8a9a664dd8ce32c7900f0b3dac7b1a198d98b7a935,/home/karan/ocr_study/fonts/Consolas-Regular.ttf,0,55,16,35.2,35,-0.20000000000000284,18,False,A,"A
",A,A,0,1,0.0,0.06663599700004852,ok,
en_char_a,en,single_char,10,2.2,bin_ceil,3.0,3.0,3,canonical/en_char_a/r_2p200000.png,4da7b3d1a07f9628086876c3e1d4961422a3eaa3a68f204745d611999a9c9491,resized/bin_ceil/en_char_a/r_2p200000.png,748bf64a29164c720e4285ad8ec18a98865d00050fb40dfff57d1b1bb81aabba,/home/karan/ocr_study/fonts/Consolas-Regular.ttf,0,55,16,35.2,35,-0.20000000000000284,12,False,A,"A
",A,A,0,1,0.0,0.07311488499999541,ok,
en_char_a,en,single_char,10,2.2,opencv_bilinear,2.204081632653061,2.204081632653061,,canonical/en_char_a/r_2p200000.png,4da7b3d1a07f9628086876c3e1d4961422a3eaa3a68f204745d611999a9c9491,resized/opencv_bilinear/en_char_a/r_2p200000.png,270e93f18c2787127cd62f81c97921b5c10360c8ae284af24447c0fd4062b801,/home/karan/ocr_study/fonts/Consolas-Regular.ttf,0,55,16,35.2,35,-0.20000000000000284,16,False,A,"A
",A,A,0,1,0.0,0.07557642200026748,ok,
en_char_a,en,single_char,10,2.2,lanczos2_7tap_16phase,2.204081632653061,2.204081632653061,,canonical/en_char_a/r_2p200000.png,4da7b3d1a07f9628086876c3e1d4961422a3eaa3a68f204745d611999a9c9491,resized/lanczos2_7tap_16phase/en_char_a/r_2p200000.png,ac1d1f2084d099410544624346e8cb15db369a7588e7bc0dc35c37045349fdde,/home/karan/ocr_study/fonts/Consolas-Regular.ttf,0,55,16,35.2,35,-0.20000000000000284,17,False,A,"A
",A,A,0,1,0.0,0.07163479900009406,ok,
en_char_a,en,single_char,10,2.2,lanczos3_7tap_16phase,2.204081632653061,2.204081632653061,,canonical/en_char_a/r_2p200000.png,4da7b3d1a07f9628086876c3e1d4961422a3eaa3a68f204745d611999a9c9491,resized/lanczos3_7tap_16phase/en_char_a/r_2p200000.png,6a5a8acfbc5f94345e86d13e7d9a08acb4635171f4b34fd965ec1a8cdf9a52e9,/home/karan/ocr_study/fonts/Consolas-Regular.ttf,0,55,16,35.2,35,-0.20000000000000284,17,False,A,"A
",A,A,0,1,0.0,0.07101330700061226,ok,
en_char_a,en,single_char,10,2.333333333333,bin_floor,2.0,2.0,2,canonical/en_char_a/r_2p333333.png,b754ad0b63b910e26a9a9694aa6899ee34a78873a34151d3ef229dd34080f7c3,resized/bin_floor/en_char_a/r_2p333333.png,0b43907066fe1cc6f8fb1b596b675f4fafa0ef1abfac982d5851232c114a1ca6,/home/karan/ocr_study/fonts/Consolas-Regular.ttf,0,58,16,37.333333333328,37,-0.3333333333279995,19,False,A,"A
",A,A,0,1,0.0,0.06628509099937219,ok,
en_char_a,en,single_char,10,2.333333333333,bin_ceil,3.0,3.0,3,canonical/en_char_a/r_2p333333.png,b754ad0b63b910e26a9a9694aa6899ee34a78873a34151d3ef229dd34080f7c3,resized/bin_ceil/en_char_a/r_2p333333.png,6de6f6e68b0c0b967be560dc1a55e8de50f6a32af5d2ee2b85e6d9d4f408e513,/home/karan/ocr_study/fonts/Consolas-Regular.ttf,0,58,16,37.333333333328,37,-0.3333333333279995,13,False,A,"A
",A,A,0,1,0.0,0.06714717400063819,ok,
en_char_a,en,single_char,10,2.333333333333,opencv_bilinear,2.326530612244898,2.326530612244898,,canonical/en_char_a/r_2p333333.png,b754ad0b63b910e26a9a9694aa6899ee34a78873a34151d3ef229dd34080f7c3,resized/opencv_bilinear/en_char_a/r_2p333333.png,2b2f1a279cf2c3ab549212fbe9d9121b3f5ce9ad2deec101c858beadb7321e32,/home/karan/ocr_study/fonts/Consolas-Regular.ttf,0,58,16,37.333333333328,37,-0.3333333333279995,16,False,A,"A
",A,A,0,1,0.0,0.06652128000041557,ok,
en_char_a,en,single_char,10,2.333333333333,lanczos2_7tap_16phase,2.326530612244898,2.326530612244898,,canonical/en_char_a/r_2p333333.png,b754ad0b63b910e26a9a9694aa6899ee34a78873a34151d3ef229dd34080f7c3,resized/lanczos2_7tap_16phase/en_char_a/r_2p333333.png,8fb49005d2d4320d0e9cd1d6db1db71499853a1f3c8f294177b8cf45c223d908,/home/karan/ocr_study/fonts/Consolas-Regular.ttf,0,58,16,37.333333333328,37,-0.3333333333279995,17,False,A,"A
",A,A,0,1,0.0,0.06590453399985563,ok,
en_char_a,en,single_char,10,2.333333333333,lanczos3_7tap_16phase,2.326530612244898,2.326530612244898,,canonical/en_char_a/r_2p333333.png,b754ad0b63b910e26a9a9694aa6899ee34a78873a34151d3ef229dd34080f7c3,resized/lanczos3_7tap_16phase/en_char_a/r_2p333333.png,512afe282ea578a5efa495f64a5926888aed284b5ba8804f0d1b235876bb916d,/home/karan/ocr_study/fonts/Consolas-Regular.ttf,0,58,16,37.333333333328,37,-0.3333333333279995,17,False,A,"A
",A,A,0,1,0.0,0.0652567100005399,ok,
en_char_a,en,single_char,10,2.466666666667,bin_floor,2.0,2.0,2,canonical/en_char_a/r_2p466667.png,a51ae91a645184c11aebad590a1109ff5f903f7dd054157fabbbf3fc73ef4392,resized/bin_floor/en_char_a/r_2p466667.png,d1f7ec3f07bdb67baef5f806e5b71c472efa1e1ae5651a33dcbd5376c98cebdf,/home/karan/ocr_study/fonts/Consolas-Regular.ttf,0,61,16,39.466666666672,39,-0.46666666667199763,20,False,A,"A
",A,A,0,1,0.0,0.06528491900007793,ok,
en_char_a,en,single_char,10,2.466666666667,bin_ceil,3.0,3.0,3,canonical/en_char_a/r_2p466667.png,a51ae91a645184c11aebad590a1109ff5f903f7dd054157fabbbf3fc73ef4392,resized/bin_ceil/en_char_a/r_2p466667.png,b82dc7f5905f4bdb57e33b01616d74b20f8d1b99f8dfd8699a20d386ae81ac12,/home/karan/ocr_study/fonts/Consolas-Regular.ttf,0,61,16,39.466666666672,39,-0.46666666667199763,14,False,A,"A
",A,A,0,1,0.0,0.0673067629995785,ok,
en_char_a,en,single_char,10,2.466666666667,opencv_bilinear,2.4489795918367347,2.4489795918367347,,canonical/en_char_a/r_2p466667.png,a51ae91a645184c11aebad590a1109ff5f903f7dd054157fabbbf3fc73ef4392,resized/opencv_bilinear/en_char_a/r_2p466667.png,22e137222c5231a41c9b5bd03ac3bd33f66f1fa47686192fe0a4772195dd2564,/home/karan/ocr_study/fonts/Consolas-Regular.ttf,0,61,16,39.466666666672,39,-0.46666666667199763,16,False,A,"A
",A,A,0,1,0.0,0.06614516699937667,ok,
en_char_a,en,single_char,10,2.466666666667,lanczos2_7tap_16phase,2.4489795918367347,2.4489795918367347,,canonical/en_char_a/r_2p466667.png,a51ae91a645184c11aebad590a1109ff5f903f7dd054157fabbbf3fc73ef4392,resized/lanczos2_7tap_16phase/en_char_a/r_2p466667.png,39047d4312937e09497cf010f9c00519fb7ba681e5a1d999a45fe122d24b5445,/home/karan/ocr_study/fonts/Consolas-Regular.ttf,0,61,16,39.466666666672,39,-0.46666666667199763,17,False,A,"A
",A,A,0,1,0.0,0.06749731699983386,ok,
en_char_a,en,single_char,10,2.466666666667,lanczos3_7tap_16phase,2.4489795918367347,2.4489795918367347,,canonical/en_char_a/r_2p466667.png,a51ae91a645184c11aebad590a1109ff5f903f7dd054157fabbbf3fc73ef4392,resized/lanczos3_7tap_16phase/en_char_a/r_2p466667.png,704ae70e6e794320c26bef5876950a9e84f1738b35ef2c9acb43acd335cce924,/home/karan/ocr_study/fonts/Consolas-Regular.ttf,0,61,16,39.466666666672,39,-0.46666666667199763,17,False,A,"A
",A,A,0,1,0.0,0.06756198299990501,ok,
en_char_a,en,single_char,10,2.6,bin_floor,2.0,2.0,2,canonical/en_char_a/r_2p600000.png,df03c4465a1919947cbefaa5a5180c88fa0fb376be77f0a6300c1dde614b6a5c,resized/bin_floor/en_char_a/r_2p600000.png,65e0fce1c4cd63d4d652373d76f2ed858f61258376d2741a11d4df6d543674ba,/home/karan/ocr_study/fonts/Consolas-Regular.ttf,0,66,16,41.6,42,0.3999999999999986,21,False,A,"A
",A,A,0,1,0.0,0.06871641999987332,ok,
en_char_a,en,single_char,10,2.6,bin_ceil,3.0,3.0,3,canonical/en_char_a/r_2p600000.png,df03c4465a1919947cbefaa5a5180c88fa0fb376be77f0a6300c1dde614b6a5c,resized/bin_ceil/en_char_a/r_2p600000.png,cc16ae31165a1be26ee78421aa15a4953ac1a7eb466925086eeaa077cffcaeb0,/home/karan/ocr_study/fonts/Consolas-Regular.ttf,0,66,16,41.6,42,0.3999999999999986,14,False,A,"A
",A,A,0,1,0.0,0.06525838800007477,ok,
en_char_a,en,single_char,10,2.6,opencv_bilinear,2.625,2.625,,canonical/en_char_a/r_2p600000.png,df03c4465a1919947cbefaa5a5180c88fa0fb376be77f0a6300c1dde614b6a5c,resized/opencv_bilinear/en_char_a/r_2p600000.png,d0cbbb1090ff9e16aae1f9bede4eafd15e0adb6e20e6630539d38eb587ab6931,/home/karan/ocr_study/fonts/Consolas-Regular.ttf,0,66,16,41.6,42,0.3999999999999986,16,False,A,"A
",A,A,0,1,0.0,0.07260070999927848,ok,
en_char_a,en,single_char,10,2.6,lanczos2_7tap_16phase,2.625,2.625,,canonical/en_char_a/r_2p600000.png,df03c4465a1919947cbefaa5a5180c88fa0fb376be77f0a6300c1dde614b6a5c,resized/lanczos2_7tap_16phase/en_char_a/r_2p600000.png,cbede15f0506c38dcfc04c1c5e3fa26cd79d9b79396110b05f4574e11bf4964c,/home/karan/ocr_study/fonts/Consolas-Regular.ttf,0,66,16,41.6,42,0.3999999999999986,16,False,A,"A
",A,A,0,1,0.0,0.08589375500014285,ok,
en_char_a,en,single_char,10,2.6,lanczos3_7tap_16phase,2.625,2.625,,canonical/en_char_a/r_2p600000.png,df03c4465a1919947cbefaa5a5180c88fa0fb376be77f0a6300c1dde614b6a5c,resized/lanczos3_7tap_16phase/en_char_a/r_2p600000.png,5534ee7140a730d2247a2557ccfb0e0ae4b290549a98666b93070a59f1c46e90,/home/karan/ocr_study/fonts/Consolas-Regular.ttf,0,66,16,41.6,42,0.3999999999999986,18,True,A,"A
",A,A,0,1,0.0,0.0684482910000952,ok,
en_char_a,en,single_char,10,2.625,bin_floor,2.0,2.0,2,canonical/en_char_a/r_2p625000.png,df03c4465a1919947cbefaa5a5180c88fa0fb376be77f0a6300c1dde614b6a5c,resized/bin_floor/en_char_a/r_2p625000.png,65e0fce1c4cd63d4d652373d76f2ed858f61258376d2741a11d4df6d543674ba,/home/karan/ocr_study/fonts/Consolas-Regular.ttf,0,66,16,42.0,42,0.0,21,False,A,"A
",A,A,0,1,0.0,0.06940417999976489,ok,
en_char_a,en,single_char,10,2.625,bin_ceil,3.0,3.0,3,canonical/en_char_a/r_2p625000.png,df03c4465a1919947cbefaa5a5180c88fa0fb376be77f0a6300c1dde614b6a5c,resized/bin_ceil/en_char_a/r_2p625000.png,cc16ae31165a1be26ee78421aa15a4953ac1a7eb466925086eeaa077cffcaeb0,/home/karan/ocr_study/fonts/Consolas-Regular.ttf,0,66,16,42.0,42,0.0,14,False,A,"A
",A,A,0,1,0.0,0.07359444099984103,ok,
en_char_a,en,single_char,10,2.625,opencv_bilinear,2.625,2.625,,canonical/en_char_a/r_2p625000.png,df03c4465a1919947cbefaa5a5180c88fa0fb376be77f0a6300c1dde614b6a5c,resized/opencv_bilinear/en_char_a/r_2p625000.png,d0cbbb1090ff9e16aae1f9bede4eafd15e0adb6e20e6630539d38eb587ab6931,/home/karan/ocr_study/fonts/Consolas-Regular.ttf,0,66,16,42.0,42,0.0,16,False,A,"A
",A,A,0,1,0.0,0.06819953100057319,ok,
en_char_a,en,single_char,10,2.625,lanczos2_7tap_16phase,2.625,2.625,,canonical/en_char_a/r_2p625000.png,df03c4465a1919947cbefaa5a5180c88fa0fb376be77f0a6300c1dde614b6a5c,resized/lanczos2_7tap_16phase/en_char_a/r_2p625000.png,cbede15f0506c38dcfc04c1c5e3fa26cd79d9b79396110b05f4574e11bf4964c,/home/karan/ocr_study/fonts/Consolas-Regular.ttf,0,66,16,42.0,42,0.0,16,False,A,"A
",A,A,0,1,0.0,0.06944299699989642,ok,
en_char_a,en,single_char,10,2.625,lanczos3_7tap_16phase,2.625,2.625,,canonical/en_char_a/r_2p625000.png,df03c4465a1919947cbefaa5a5180c88fa0fb376be77f0a6300c1dde614b6a5c,resized/lanczos3_7tap_16phase/en_char_a/r_2p625000.png,5534ee7140a730d2247a2557ccfb0e0ae4b290549a98666b93070a59f1c46e90,/home/karan/ocr_study/fonts/Consolas-Regular.ttf,0,66,16,42.0,42,0.0,18,True,A,"A
",A,A,0,1,0.0,0.069558281999889,ok,
en_char_a,en,single_char,10,2.733333333333,bin_floor,2.0,2.0,2,canonical/en_char_a/r_2p733333.png,317e369c68a296ac6cf53e78ffbf0f6daf1d76c9ccfb3c6790dadfae9818577a,resized/bin_floor/en_char_a/r_2p733333.png,cbc191eff41a1eb148c289297b2eb172df7478b86b1ccd75a786cbafdc205067,/home/karan/ocr_study/fonts/Consolas-Regular.ttf,0,69,16,43.733333333328,44,0.2666666666720019,22,False,A,"A
",A,A,0,1,0.0,0.07029510700067476,ok,
en_char_a,en,single_char,10,2.733333333333,bin_ceil,3.0,3.0,3,canonical/en_char_a/r_2p733333.png,317e369c68a296ac6cf53e78ffbf0f6daf1d76c9ccfb3c6790dadfae9818577a,resized/bin_ceil/en_char_a/r_2p733333.png,c4821b9ce9338bb37195fa671d0eb8ef27c31fb666038b567b46946fd39c20e1,/home/karan/ocr_study/fonts/Consolas-Regular.ttf,0,69,16,43.733333333328,44,0.2666666666720019,16,False,A,"A
",A,A,0,1,0.0,0.08176321100017958,ok,
en_char_a,en,single_char,10,2.733333333333,opencv_bilinear,2.75,2.75,,canonical/en_char_a/r_2p733333.png,317e369c68a296ac6cf53e78ffbf0f6daf1d76c9ccfb3c6790dadfae9818577a,resized/opencv_bilinear/en_char_a/r_2p733333.png,6083c51d80cd00c3ac92b9b0d66a0c1e1041b4a41a84b419865a9f37457b106a,/home/karan/ocr_study/fonts/Consolas-Regular.ttf,0,69,16,43.733333333328,44,0.2666666666720019,16,False,A,"A
",A,A,0,1,0.0,0.06955242000003636,ok,
en_char_a,en,single_char,10,2.733333333333,lanczos2_7tap_16phase,2.75,2.75,,canonical/en_char_a/r_2p733333.png,317e369c68a296ac6cf53e78ffbf0f6daf1d76c9ccfb3c6790dadfae9818577a,resized/lanczos2_7tap_16phase/en_char_a/r_2p733333.png,1fcaad6ce0d17f50739a2b88d0b9de6a727e5f9f9b64eda964a725e58618a4f7,/home/karan/ocr_study/fonts/Consolas-Regular.ttf,0,69,16,43.733333333328,44,0.2666666666720019,16,False,A,"A
",A,A,0,1,0.0,0.06491953600016132,ok,
en_char_a,en,single_char,10,2.733333333333,lanczos3_7tap_16phase,2.75,2.75,,canonical/en_char_a/r_2p733333.png,317e369c68a296ac6cf53e78ffbf0f6daf1d76c9ccfb3c6790dadfae9818577a,resized/lanczos3_7tap_16phase/en_char_a/r_2p733333.png,f9babdc9c6eec8b5bf6d95f22e65e757bcff6ad7964946bf8b5571a467ad16f5,/home/karan/ocr_study/fonts/Consolas-Regular.ttf,0,69,16,43.733333333328,44,0.2666666666720019,18,True,A,"A
",A,A,0,1,0.0,0.0651395480008432,ok,
en_char_a,en,single_char,10,2.866666666667,bin_floor,2.0,2.0,2,canonical/en_char_a/r_2p866667.png,a3d10ca762d6190d94313d0c21ea6083c8feedc230404ee62e4787f5b60a6850,resized/bin_floor/en_char_a/r_2p866667.png,c85df8e106a4aedbdbeccb203b6d0d1098aaa42286676af578f723d26a6ca912,/home/karan/ocr_study/fonts/Consolas-Regular.ttf,0,72,16,45.866666666672,46,0.13333333332799668,23,False,A,"A
",A,A,0,1,0.0,0.06755597600022156,ok,
en_char_a,en,single_char,10,2.866666666667,bin_ceil,3.0,3.0,3,canonical/en_char_a/r_2p866667.png,a3d10ca762d6190d94313d0c21ea6083c8feedc230404ee62e4787f5b60a6850,resized/bin_ceil/en_char_a/r_2p866667.png,28f2767ca116220db3e06ee49f06f1db960a41834166da45551dec112d3a7d63,/home/karan/ocr_study/fonts/Consolas-Regular.ttf,0,72,16,45.866666666672,46,0.13333333332799668,16,False,A,"A
",A,A,0,1,0.0,0.062251073999505024,ok,
en_char_a,en,single_char,10,2.866666666667,opencv_bilinear,2.875,2.875,,canonical/en_char_a/r_2p866667.png,a3d10ca762d6190d94313d0c21ea6083c8feedc230404ee62e4787f5b60a6850,resized/opencv_bilinear/en_char_a/r_2p866667.png,be2a75564b92745ebc4146580644f86fcc33765f4d24f67f7831310b59479e8d,/home/karan/ocr_study/fonts/Consolas-Regular.ttf,0,72,16,45.866666666672,46,0.13333333332799668,16,False,A,"A
",A,A,0,1,0.0,0.06611233000057837,ok,
en_char_a,en,single_char,10,2.866666666667,lanczos2_7tap_16phase,2.875,2.875,,canonical/en_char_a/r_2p866667.png,a3d10ca762d6190d94313d0c21ea6083c8feedc230404ee62e4787f5b60a6850,resized/lanczos2_7tap_16phase/en_char_a/r_2p866667.png,48e8142f3a00bf3acfacd58e1ef3747b328befaa429ceac06306df8a34cdd1a3,/home/karan/ocr_study/fonts/Consolas-Regular.ttf,0,72,16,45.866666666672,46,0.13333333332799668,16,False,A,"A
",A,A,0,1,0.0,0.06781473600040044,ok,
en_char_a,en,single_char,10,2.866666666667,lanczos3_7tap_16phase,2.875,2.875,,canonical/en_char_a/r_2p866667.png,a3d10ca762d6190d94313d0c21ea6083c8feedc230404ee62e4787f5b60a6850,resized/lanczos3_7tap_16phase/en_char_a/r_2p866667.png,48eea54deda1741cf2fea4415acc970fd8e0f950d9018a972fcaa7f268a7991b,/home/karan/ocr_study/fonts/Consolas-Regular.ttf,0,72,16,45.866666666672,46,0.13333333332799668,18,True,A,"A
",A,A,0,1,0.0,0.06540935700013506,ok,
en_char_a,en,single_char,10,3.0,bin_floor,3.0,3.0,3,canonical/en_char_a/r_3p000000.png,ad8e20e8b828b460e464fd2b4185bd56aac2ec5ef05c48459db3b2208ba27a26,resized/bin_floor/en_char_a/r_3p000000.png,5bb1e1063fa82c7fde4cfcac2bc01c5fab9a3748626acc9a620d2ec67e417ea0,/home/karan/ocr_study/fonts/Consolas-Regular.ttf,0,75,16,48.0,48,0.0,16,False,A,"A
",A,A,0,1,0.0,0.06451953800024057,ok,
en_char_a,en,single_char,10,3.0,bin_ceil,3.0,3.0,3,canonical/en_char_a/r_3p000000.png,ad8e20e8b828b460e464fd2b4185bd56aac2ec5ef05c48459db3b2208ba27a26,resized/bin_ceil/en_char_a/r_3p000000.png,5bb1e1063fa82c7fde4cfcac2bc01c5fab9a3748626acc9a620d2ec67e417ea0,/home/karan/ocr_study/fonts/Consolas-Regular.ttf,0,75,16,48.0,48,0.0,16,False,A,"A
",A,A,0,1,0.0,0.06452231399998709,ok,
en_char_a,en,single_char,10,3.0,opencv_bilinear,3.0,3.0,,canonical/en_char_a/r_3p000000.png,ad8e20e8b828b460e464fd2b4185bd56aac2ec5ef05c48459db3b2208ba27a26,resized/opencv_bilinear/en_char_a/r_3p000000.png,dff1a57d3abaec4018260226c03bb10075fbda3d83a90fa55989a8ce0efe5468,/home/karan/ocr_study/fonts/Consolas-Regular.ttf,0,75,16,48.0,48,0.0,16,False,A,"A
",A,A,0,1,0.0,0.06456996599990816,ok,
en_char_a,en,single_char,10,3.0,lanczos2_7tap_16phase,3.0,3.0,,canonical/en_char_a/r_3p000000.png,ad8e20e8b828b460e464fd2b4185bd56aac2ec5ef05c48459db3b2208ba27a26,resized/lanczos2_7tap_16phase/en_char_a/r_3p000000.png,40f8942ec1c6f41f7e8229289d4e4b40f64af4e4330bc4fee0db1735d1aed71b,/home/karan/ocr_study/fonts/Consolas-Regular.ttf,0,75,16,48.0,48,0.0,16,False,A,"A
",A,A,0,1,0.0,0.06372488200031512,ok,
en_char_a,en,single_char,10,3.0,lanczos3_7tap_16phase,3.0,3.0,,canonical/en_char_a/r_3p000000.png,ad8e20e8b828b460e464fd2b4185bd56aac2ec5ef05c48459db3b2208ba27a26,resized/lanczos3_7tap_16phase/en_char_a/r_3p000000.png,f0308ef03f5d797455ce2ab99a643772429ad21db60c5b6d9f3903136ea6eb14,/home/karan/ocr_study/fonts/Consolas-Regular.ttf,0,75,16,48.0,48,0.0,18,True,A,"A
",A,A,0,1,0.0,0.06483275600021443,ok,
zh_char_01,zh_tra,single_char,10,1.0,bin_floor,1.0,1.0,1,canonical/zh_char_01/r_1p000000.png,f5a29ee516daeeab80d24512ff41a2963ed033b1da18b92a259da14156b3e12d,resized/bin_floor/zh_char_01/r_1p000000.png,f5a29ee516daeeab80d24512ff41a2963ed033b1da18b92a259da14156b3e12d,/home/karan/ocr_study/fonts/microsoft-jhenghei.ttf,0,18,16,16.0,16,0.0,16,False,做,"做
",做,做,0,1,0.0,0.0899133080001775,ok,
zh_char_01,zh_tra,single_char,10,1.0,bin_ceil,1.0,1.0,1,canonical/zh_char_01/r_1p000000.png,f5a29ee516daeeab80d24512ff41a2963ed033b1da18b92a259da14156b3e12d,resized/bin_ceil/zh_char_01/r_1p000000.png,f5a29ee516daeeab80d24512ff41a2963ed033b1da18b92a259da14156b3e12d,/home/karan/ocr_study/fonts/microsoft-jhenghei.ttf,0,18,16,16.0,16,0.0,16,False,做,"做
",做,做,0,1,0.0,0.09881117599979916,ok,
zh_char_01,zh_tra,single_char,10,1.0,opencv_bilinear,1.0,1.0,,canonical/zh_char_01/r_1p000000.png,f5a29ee516daeeab80d24512ff41a2963ed033b1da18b92a259da14156b3e12d,resized/opencv_bilinear/zh_char_01/r_1p000000.png,f5a29ee516daeeab80d24512ff41a2963ed033b1da18b92a259da14156b3e12d,/home/karan/ocr_study/fonts/microsoft-jhenghei.ttf,0,18,16,16.0,16,0.0,16,False,做,"做
",做,做,0,1,0.0,0.08778486100072769,ok,
zh_char_01,zh_tra,single_char,10,1.0,lanczos2_7tap_16phase,1.0,1.0,,canonical/zh_char_01/r_1p000000.png,f5a29ee516daeeab80d24512ff41a2963ed033b1da18b92a259da14156b3e12d,resized/lanczos2_7tap_16phase/zh_char_01/r_1p000000.png,f5a29ee516daeeab80d24512ff41a2963ed033b1da18b92a259da14156b3e12d,/home/karan/ocr_study/fonts/microsoft-jhenghei.ttf,0,18,16,16.0,16,0.0,16,False,做,"做
",做,做,0,1,0.0,0.08755734300029872,ok,
zh_char_01,zh_tra,single_char,10,1.0,lanczos3_7tap_16phase,1.0,1.0,,canonical/zh_char_01/r_1p000000.png,f5a29ee516daeeab80d24512ff41a2963ed033b1da18b92a259da14156b3e12d,resized/lanczos3_7tap_16phase/zh_char_01/r_1p000000.png,f5a29ee516daeeab80d24512ff41a2963ed033b1da18b92a259da14156b3e12d,/home/karan/ocr_study/fonts/microsoft-jhenghei.ttf,0,18,16,16.0,16,0.0,16,False,做,"做
",做,做,0,1,0.0,0.08685766700000386,ok,
zh_char_01,zh_tra,single_char,10,1.133333333333,bin_floor,1.0,1.0,1,canonical/zh_char_01/r_1p133333.png,de48becb30772c2d3ab6ef9fb85a673bc4555585c85359490a61561a02f9880f,resized/bin_floor/zh_char_01/r_1p133333.png,de48becb30772c2d3ab6ef9fb85a673bc4555585c85359490a61561a02f9880f,/home/karan/ocr_study/fonts/microsoft-jhenghei.ttf,0,20,16,18.133333333328,18,-0.13333333332800024,18,False,做,"做
",做,做,0,1,0.0,0.09920606400010001,ok,
zh_char_01,zh_tra,single_char,10,1.133333333333,bin_ceil,2.0,2.0,2,canonical/zh_char_01/r_1p133333.png,de48becb30772c2d3ab6ef9fb85a673bc4555585c85359490a61561a02f9880f,resized/bin_ceil/zh_char_01/r_1p133333.png,1647a734a12022c4cbd7ce01e17c538f5fad54a7d55a7904e5f7f81a5c84e024,/home/karan/ocr_study/fonts/microsoft-jhenghei.ttf,0,20,16,18.133333333328,18,-0.13333333332800024,10,False,做,,做,,1,1,1.0,0.0897383040000932,ok,
zh_char_01,zh_tra,single_char,10,1.133333333333,opencv_bilinear,1.1320754716981132,1.1320754716981132,,canonical/zh_char_01/r_1p133333.png,de48becb30772c2d3ab6ef9fb85a673bc4555585c85359490a61561a02f9880f,resized/opencv_bilinear/zh_char_01/r_1p133333.png,2069fb2f32b4b2161db7a131d490519e48a9a1b195374bfdc779d56ee506483f,/home/karan/ocr_study/fonts/microsoft-jhenghei.ttf,0,20,16,18.133333333328,18,-0.13333333332800024,17,False,做,"做
",做,做,0,1,0.0,0.0980909360005171,ok,
zh_char_01,zh_tra,single_char,10,1.133333333333,lanczos2_7tap_16phase,1.1320754716981132,1.1320754716981132,,canonical/zh_char_01/r_1p133333.png,de48becb30772c2d3ab6ef9fb85a673bc4555585c85359490a61561a02f9880f,resized/lanczos2_7tap_16phase/zh_char_01/r_1p133333.png,181e47f3d634a3bc43e6d358c6e84d8ed4a4a4753bd46e4ef8110cd134784a5d,/home/karan/ocr_study/fonts/microsoft-jhenghei.ttf,0,20,16,18.133333333328,18,-0.13333333332800024,17,False,做,"做
",做,做,0,1,0.0,0.08899830399968778,ok,
zh_char_01,zh_tra,single_char,10,1.133333333333,lanczos3_7tap_16phase,1.1320754716981132,1.1320754716981132,,canonical/zh_char_01/r_1p133333.png,de48becb30772c2d3ab6ef9fb85a673bc4555585c85359490a61561a02f9880f,resized/lanczos3_7tap_16phase/zh_char_01/r_1p133333.png,a79f1ccd4610128cce8cd1935d36dc54ee5fa78e88b75969d10e01c5e55fe2df,/home/karan/ocr_study/fonts/microsoft-jhenghei.ttf,0,20,16,18.133333333328,18,-0.13333333332800024,17,False,做,"做
",做,做,0,1,0.0,0.09403302200007602,ok,
zh_char_01,zh_tra,single_char,10,1.266666666667,bin_floor,1.0,1.0,1,canonical/zh_char_01/r_1p266667.png,70124c7012b6bff43bd6644d365fdb686fc101f828a8b1cd5a7215ce8065f650,resized/bin_floor/zh_char_01/r_1p266667.png,70124c7012b6bff43bd6644d365fdb686fc101f828a8b1cd5a7215ce8065f650,/home/karan/ocr_study/fonts/microsoft-jhenghei.ttf,0,22,16,20.266666666672,20,-0.26666666667199834,20,False,做,"做
",做,做,0,1,0.0,0.0881238250003662,ok,
zh_char_01,zh_tra,single_char,10,1.266666666667,bin_ceil,2.0,2.0,2,canonical/zh_char_01/r_1p266667.png,70124c7012b6bff43bd6644d365fdb686fc101f828a8b1cd5a7215ce8065f650,resized/bin_ceil/zh_char_01/r_1p266667.png,e317fdf9be867702576b1337a6bc0b13c40e6d6478431baded3722ba13cf9185,/home/karan/ocr_study/fonts/microsoft-jhenghei.ttf,0,22,16,20.266666666672,20,-0.26666666667199834,11,False,做,"過
",做,過,1,1,1.0,0.09594960799950059,ok,
zh_char_01,zh_tra,single_char,10,1.266666666667,opencv_bilinear,1.2692307692307692,1.2692307692307692,,canonical/zh_char_01/r_1p266667.png,70124c7012b6bff43bd6644d365fdb686fc101f828a8b1cd5a7215ce8065f650,resized/opencv_bilinear/zh_char_01/r_1p266667.png,a065b2e226cbbf627e182b77503bb6b9e67e96a00a127b90c8562c0d9636586d,/home/karan/ocr_study/fonts/microsoft-jhenghei.ttf,0,22,16,20.266666666672,20,-0.26666666667199834,16,False,做,"做
",做,做,0,1,0.0,0.08969551600057457,ok,
zh_char_01,zh_tra,single_char,10,1.266666666667,lanczos2_7tap_16phase,1.2692307692307692,1.2692307692307692,,canonical/zh_char_01/r_1p266667.png,70124c7012b6bff43bd6644d365fdb686fc101f828a8b1cd5a7215ce8065f650,resized/lanczos2_7tap_16phase/zh_char_01/r_1p266667.png,cf2c9dba72fcee58bcd9eb56ef7aab439d97e0a437f38bb9aa7b69c22e194d32,/home/karan/ocr_study/fonts/microsoft-jhenghei.ttf,0,22,16,20.266666666672,20,-0.26666666667199834,16,False,做,"做
",做,做,0,1,0.0,0.097554420999586,ok,
zh_char_01,zh_tra,single_char,10,1.266666666667,lanczos3_7tap_16phase,1.2692307692307692,1.2692307692307692,,canonical/zh_char_01/r_1p266667.png,70124c7012b6bff43bd6644d365fdb686fc101f828a8b1cd5a7215ce8065f650,resized/lanczos3_7tap_16phase/zh_char_01/r_1p266667.png,3dfe9edc487f3326ff3f88108f87111ad1e2b1c9df80674dc770c3c2f88f6c6b,/home/karan/ocr_study/fonts/microsoft-jhenghei.ttf,0,22,16,20.266666666672,20,-0.26666666667199834,16,False,做,"做
",做,做,0,1,0.0,0.08917601499979355,ok,
zh_char_01,zh_tra,single_char,10,1.4,bin_floor,1.0,1.0,1,canonical/zh_char_01/r_1p400000.png,182c01eefb9bd416a76cf9e56c560e8a50c020d5fe569676cabdd3ab05784e7d,resized/bin_floor/zh_char_01/r_1p400000.png,182c01eefb9bd416a76cf9e56c560e8a50c020d5fe569676cabdd3ab05784e7d,/home/karan/ocr_study/fonts/microsoft-jhenghei.ttf,0,25,16,22.4,22,-0.3999999999999986,22,False,做,"做
",做,做,0,1,0.0,0.08846918200015352,ok,
zh_char_01,zh_tra,single_char,10,1.4,bin_ceil,2.0,2.0,2,canonical/zh_char_01/r_1p400000.png,182c01eefb9bd416a76cf9e56c560e8a50c020d5fe569676cabdd3ab05784e7d,resized/bin_ceil/zh_char_01/r_1p400000.png,de44467447dab6e6737f055fb21cc0219670d7fab66c344dd15f8c6ce33191a0,/home/karan/ocr_study/fonts/microsoft-jhenghei.ttf,0,25,16,22.4,22,-0.3999999999999986,12,False,做,"做
",做,做,0,1,0.0,0.09385604900035105,ok,
zh_char_01,zh_tra,single_char,10,1.4,opencv_bilinear,1.411764705882353,1.411764705882353,,canonical/zh_char_01/r_1p400000.png,182c01eefb9bd416a76cf9e56c560e8a50c020d5fe569676cabdd3ab05784e7d,resized/opencv_bilinear/zh_char_01/r_1p400000.png,2a75c7400b62f18cc1214e8b3f96d0e4a4eee5ba9edfbfc881b9c6e11b9c0fc5,/home/karan/ocr_study/fonts/microsoft-jhenghei.ttf,0,25,16,22.4,22,-0.3999999999999986,17,False,做,"做
",做,做,0,1,0.0,0.09640362299978733,ok,
zh_char_01,zh_tra,single_char,10,1.4,lanczos2_7tap_16phase,1.411764705882353,1.411764705882353,,canonical/zh_char_01/r_1p400000.png,182c01eefb9bd416a76cf9e56c560e8a50c020d5fe569676cabdd3ab05784e7d,resized/lanczos2_7tap_16phase/zh_char_01/r_1p400000.png,dc8f6e13f27aeed9de8da6a575542b62eafba3d6a024a4c4c7e43b12e25441a7,/home/karan/ocr_study/fonts/microsoft-jhenghei.ttf,0,25,16,22.4,22,-0.3999999999999986,17,False,做,"做
",做,做,0,1,0.0,0.09221188099945721,ok,
zh_char_01,zh_tra,single_char,10,1.4,lanczos3_7tap_16phase,1.411764705882353,1.411764705882353,,canonical/zh_char_01/r_1p400000.png,182c01eefb9bd416a76cf9e56c560e8a50c020d5fe569676cabdd3ab05784e7d,resized/lanczos3_7tap_16phase/zh_char_01/r_1p400000.png,4381c68118bbcd9501d426e8e5a2a99c26155e93b90d04f2594ef9da0c0ac237,/home/karan/ocr_study/fonts/microsoft-jhenghei.ttf,0,25,16,22.4,22,-0.3999999999999986,17,False,做,"做
",做,做,0,1,0.0,0.09041199199964467,ok,
zh_char_01,zh_tra,single_char,10,1.533333333333,bin_floor,1.0,1.0,1,canonical/zh_char_01/r_1p533333.png,6fbd7bbd274adf01934b26f7e941462249c223a44c12f8c318ddd7e5b2e5af2d,resized/bin_floor/zh_char_01/r_1p533333.png,6fbd7bbd274adf01934b26f7e941462249c223a44c12f8c318ddd7e5b2e5af2d,/home/karan/ocr_study/fonts/microsoft-jhenghei.ttf,0,29,16,24.533333333328,25,0.4666666666720012,25,False,做,"做
",做,做,0,1,0.0,0.0876544049997392,ok,
zh_char_01,zh_tra,single_char,10,1.533333333333,bin_ceil,2.0,2.0,2,canonical/zh_char_01/r_1p533333.png,6fbd7bbd274adf01934b26f7e941462249c223a44c12f8c318ddd7e5b2e5af2d,resized/bin_ceil/zh_char_01/r_1p533333.png,485538535f9653bbaa902122f02b75668139b50e76d4e2c49232c4b9b39ac676,/home/karan/ocr_study/fonts/microsoft-jhenghei.ttf,0,29,16,24.533333333328,25,0.4666666666720012,13,False,做,"做
",做,做,0,1,0.0,0.09360664599989832,ok,
zh_char_01,zh_tra,single_char,10,1.533333333333,opencv_bilinear,1.5272727272727273,1.5272727272727273,,canonical/zh_char_01/r_1p533333.png,6fbd7bbd274adf01934b26f7e941462249c223a44c12f8c318ddd7e5b2e5af2d,resized/opencv_bilinear/zh_char_01/r_1p533333.png,25a8fce27b5369e49fa1304b064294a19026e673a809c9d4316f09f820e62b13,/home/karan/ocr_study/fonts/microsoft-jhenghei.ttf,0,29,16,24.533333333328,25,0.4666666666720012,17,False,做,"做
",做,做,0,1,0.0,0.09208722499988653,ok,
zh_char_01,zh_tra,single_char,10,1.533333333333,lanczos2_7tap_16phase,1.5272727272727273,1.5272727272727273,,canonical/zh_char_01/r_1p533333.png,6fbd7bbd274adf01934b26f7e941462249c223a44c12f8c318ddd7e5b2e5af2d,resized/lanczos2_7tap_16phase/zh_char_01/r_1p533333.png,37ebeade6729149c1b09d7da033d0ce2730bbdf72f8675f91ce7228eda3b3263,/home/karan/ocr_study/fonts/microsoft-jhenghei.ttf,0,29,16,24.533333333328,25,0.4666666666720012,18,True,做,"做
",做,做,0,1,0.0,0.08968094099964219,ok,
zh_char_01,zh_tra,single_char,10,1.533333333333,lanczos3_7tap_16phase,1.5272727272727273,1.5272727272727273,,canonical/zh_char_01/r_1p533333.png,6fbd7bbd274adf01934b26f7e941462249c223a44c12f8c318ddd7e5b2e5af2d,resized/lanczos3_7tap_16phase/zh_char_01/r_1p533333.png,a1177100193492d9bc5b625a3abe14595fa63de53200282cee09804174a9d940,/home/karan/ocr_study/fonts/microsoft-jhenghei.ttf,0,29,16,24.533333333328,25,0.4666666666720012,18,True,做,"做
",做,做,0,1,0.0,0.08848609600045165,ok,
zh_char_01,zh_tra,single_char,10,1.666666666667,bin_floor,1.0,1.0,1,canonical/zh_char_01/r_1p666667.png,713485cd5217f6168c13698e6a6a4a70b2fdca270672d9b972f8dd9852862b1c,resized/bin_floor/zh_char_01/r_1p666667.png,713485cd5217f6168c13698e6a6a4a70b2fdca270672d9b972f8dd9852862b1c,/home/karan/ocr_study/fonts/microsoft-jhenghei.ttf,0,31,16,26.666666666672,27,0.3333333333279995,27,False,做,"做
",做,做,0,1,0.0,0.0873605899996619,ok,
zh_char_01,zh_tra,single_char,10,1.666666666667,bin_ceil,2.0,2.0,2,canonical/zh_char_01/r_1p666667.png,713485cd5217f6168c13698e6a6a4a70b2fdca270672d9b972f8dd9852862b1c,resized/bin_ceil/zh_char_01/r_1p666667.png,3a44f64b47aceeb02da2e93f36377686d0f698540467d6c592616310b65c0af0,/home/karan/ocr_study/fonts/microsoft-jhenghei.ttf,0,31,16,26.666666666672,27,0.3333333333279995,14,False,做,"做
",做,做,0,1,0.0,0.08817337599975872,ok,
zh_char_01,zh_tra,single_char,10,1.666666666667,opencv_bilinear,1.6666666666666667,1.6666666666666667,,canonical/zh_char_01/r_1p666667.png,713485cd5217f6168c13698e6a6a4a70b2fdca270672d9b972f8dd9852862b1c,resized/opencv_bilinear/zh_char_01/r_1p666667.png,6f454b17493d412219d4ab5d43373721e88c1d853ffab49507766e4c0ba342d1,/home/karan/ocr_study/fonts/microsoft-jhenghei.ttf,0,31,16,26.666666666672,27,0.3333333333279995,17,False,做,"做
",做,做,0,1,0.0,0.08786033599972143,ok,
zh_char_01,zh_tra,single_char,10,1.666666666667,lanczos2_7tap_16phase,1.6666666666666667,1.6666666666666667,,canonical/zh_char_01/r_1p666667.png,713485cd5217f6168c13698e6a6a4a70b2fdca270672d9b972f8dd9852862b1c,resized/lanczos2_7tap_16phase/zh_char_01/r_1p666667.png,5f9ebadc84e2ea98a711545fe2530c2552fb6ec22a22e5eff5d377e1cbf1e1fe,/home/karan/ocr_study/fonts/microsoft-jhenghei.ttf,0,31,16,26.666666666672,27,0.3333333333279995,17,False,做,"做
",做,做,0,1,0.0,0.08911250799974368,ok,
zh_char_01,zh_tra,single_char,10,1.666666666667,lanczos3_7tap_16phase,1.6666666666666667,1.6666666666666667,,canonical/zh_char_01/r_1p666667.png,713485cd5217f6168c13698e6a6a4a70b2fdca270672d9b972f8dd9852862b1c,resized/lanczos3_7tap_16phase/zh_char_01/r_1p666667.png,64f476b188db748b4105790bd1fee8bb11ae4787937aa8f1cf70cf7e4bd0c78a,/home/karan/ocr_study/fonts/microsoft-jhenghei.ttf,0,31,16,26.666666666672,27,0.3333333333279995,17,False,做,"做
",做,做,0,1,0.0,0.08911676500065369,ok,
zh_char_01,zh_tra,single_char,10,1.8,bin_floor,1.0,1.0,1,canonical/zh_char_01/r_1p800000.png,11ebdc63e26ae4d0915f0c3cf8cd8a3db537e6639b49324fae98bc885cc9f05a,resized/bin_floor/zh_char_01/r_1p800000.png,11ebdc63e26ae4d0915f0c3cf8cd8a3db537e6639b49324fae98bc885cc9f05a,/home/karan/ocr_study/fonts/microsoft-jhenghei.ttf,0,32,16,28.8,29,0.1999999999999993,29,False,做,"做
",做,做,0,1,0.0,0.08733595899957436,ok,
zh_char_01,zh_tra,single_char,10,1.8,bin_ceil,2.0,2.0,2,canonical/zh_char_01/r_1p800000.png,11ebdc63e26ae4d0915f0c3cf8cd8a3db537e6639b49324fae98bc885cc9f05a,resized/bin_ceil/zh_char_01/r_1p800000.png,cb680c3e930aaa0597b22ee4056b69c49fb45a7208ac0a90e25600b4c4698c5b,/home/karan/ocr_study/fonts/microsoft-jhenghei.ttf,0,32,16,28.8,29,0.1999999999999993,15,False,做,"做
",做,做,0,1,0.0,0.09334332500020537,ok,
zh_char_01,zh_tra,single_char,10,1.8,opencv_bilinear,1.8,1.8,,canonical/zh_char_01/r_1p800000.png,11ebdc63e26ae4d0915f0c3cf8cd8a3db537e6639b49324fae98bc885cc9f05a,resized/opencv_bilinear/zh_char_01/r_1p800000.png,463a25933609f752d81094732d3eb862bb54b4f86c2131fdb241dfecb7d9e665,/home/karan/ocr_study/fonts/microsoft-jhenghei.ttf,0,32,16,28.8,29,0.1999999999999993,17,False,做,"做
",做,做,0,1,0.0,0.08936094300042896,ok,
zh_char_01,zh_tra,single_char,10,1.8,lanczos2_7tap_16phase,1.8,1.8,,canonical/zh_char_01/r_1p800000.png,11ebdc63e26ae4d0915f0c3cf8cd8a3db537e6639b49324fae98bc885cc9f05a,resized/lanczos2_7tap_16phase/zh_char_01/r_1p800000.png,abf3f9f11ef495f0095023139b3d392381ad113e84de12cf1d1f42e08e582b30,/home/karan/ocr_study/fonts/microsoft-jhenghei.ttf,0,32,16,28.8,29,0.1999999999999993,17,False,做,"做
",做,做,0,1,0.0,0.08948454599976685,ok,
zh_char_01,zh_tra,single_char,10,1.8,lanczos3_7tap_16phase,1.8,1.8,,canonical/zh_char_01/r_1p800000.png,11ebdc63e26ae4d0915f0c3cf8cd8a3db537e6639b49324fae98bc885cc9f05a,resized/lanczos3_7tap_16phase/zh_char_01/r_1p800000.png,2d342d3f6c17fadc247b235b20e1ab33622cae9de20b459a1acb3dd0f0edcb4c,/home/karan/ocr_study/fonts/microsoft-jhenghei.ttf,0,32,16,28.8,29,0.1999999999999993,17,False,做,"做
",做,做,0,1,0.0,0.09024169900021661,ok,
zh_char_01,zh_tra,single_char,10,1.933333333333,bin_floor,1.0,1.0,1,canonical/zh_char_01/r_1p933333.png,cc1dfc9cdc0c7e720ed7b236b4b74ab33ea48a570b27d32984faad77cf353b2b,resized/bin_floor/zh_char_01/r_1p933333.png,cc1dfc9cdc0c7e720ed7b236b4b74ab33ea48a570b27d32984faad77cf353b2b,/home/karan/ocr_study/fonts/microsoft-jhenghei.ttf,0,35,16,30.933333333328,31,0.06666666667199905,31,False,做,"做
",做,做,0,1,0.0,0.0963301940000747,ok,
zh_char_01,zh_tra,single_char,10,1.933333333333,bin_ceil,2.0,2.0,2,canonical/zh_char_01/r_1p933333.png,cc1dfc9cdc0c7e720ed7b236b4b74ab33ea48a570b27d32984faad77cf353b2b,resized/bin_ceil/zh_char_01/r_1p933333.png,230c0e6cf0649228b0132b870180861d89ac22580158612edbeadf7a42d3c78c,/home/karan/ocr_study/fonts/microsoft-jhenghei.ttf,0,35,16,30.933333333328,31,0.06666666667199905,16,False,做,"做
",做,做,0,1,0.0,0.08949865300019155,ok,
zh_char_01,zh_tra,single_char,10,1.933333333333,opencv_bilinear,1.9245283018867925,1.9245283018867925,,canonical/zh_char_01/r_1p933333.png,cc1dfc9cdc0c7e720ed7b236b4b74ab33ea48a570b27d32984faad77cf353b2b,resized/opencv_bilinear/zh_char_01/r_1p933333.png,e3b555aaa7d3bb58240abdd787b990cc4865b5cc990f4415152fa1706d982d85,/home/karan/ocr_study/fonts/microsoft-jhenghei.ttf,0,35,16,30.933333333328,31,0.06666666667199905,17,False,做,"做
",做,做,0,1,0.0,0.08968587600065803,ok,
zh_char_01,zh_tra,single_char,10,1.933333333333,lanczos2_7tap_16phase,1.9245283018867925,1.9245283018867925,,canonical/zh_char_01/r_1p933333.png,cc1dfc9cdc0c7e720ed7b236b4b74ab33ea48a570b27d32984faad77cf353b2b,resized/lanczos2_7tap_16phase/zh_char_01/r_1p933333.png,f39a58a9ea6032f0fafede61fee7271a58f89a07d5085fa961d8d22b1c345d33,/home/karan/ocr_study/fonts/microsoft-jhenghei.ttf,0,35,16,30.933333333328,31,0.06666666667199905,17,False,做,"做
",做,做,0,1,0.0,0.08879715900002338,ok,
zh_char_01,zh_tra,single_char,10,1.933333333333,lanczos3_7tap_16phase,1.9245283018867925,1.9245283018867925,,canonical/zh_char_01/r_1p933333.png,cc1dfc9cdc0c7e720ed7b236b4b74ab33ea48a570b27d32984faad77cf353b2b,resized/lanczos3_7tap_16phase/zh_char_01/r_1p933333.png,4cd4207042f919363e8985718cf6a2326690979dd463a0f5a14e6fb3a6b20349,/home/karan/ocr_study/fonts/microsoft-jhenghei.ttf,0,35,16,30.933333333328,31,0.06666666667199905,17,False,做,"做
",做,做,0,1,0.0,0.08901528700062045,ok,
zh_char_01,zh_tra,single_char,10,2.066666666667,bin_floor,2.0,2.0,2,canonical/zh_char_01/r_2p066667.png,5d94294f4435c4de5b0761a90d597ea8a2d4dd4ecf155d07f7fae22810a4d1a8,resized/bin_floor/zh_char_01/r_2p066667.png,c88c22d83b2570a2edae053ca8170ff9f99d29c29cfa6d73f77273618c3d44e5,/home/karan/ocr_study/fonts/microsoft-jhenghei.ttf,0,38,16,33.066666666672,34,0.933333333328001,18,False,做,"做
",做,做,0,1,0.0,0.08989714899962564,ok,
zh_char_01,zh_tra,single_char,10,2.066666666667,bin_ceil,3.0,3.0,3,canonical/zh_char_01/r_2p066667.png,5d94294f4435c4de5b0761a90d597ea8a2d4dd4ecf155d07f7fae22810a4d1a8,resized/bin_ceil/zh_char_01/r_2p066667.png,7d559e4cf05520410d618d33956f261e4be8f8f82be092e17edd9ac5010f6055,/home/karan/ocr_study/fonts/microsoft-jhenghei.ttf,0,38,16,33.066666666672,34,0.933333333328001,12,False,做,,做,,1,1,1.0,0.08908374000020558,ok,
zh_char_01,zh_tra,single_char,10,2.066666666667,opencv_bilinear,2.076923076923077,2.076923076923077,,canonical/zh_char_01/r_2p066667.png,5d94294f4435c4de5b0761a90d597ea8a2d4dd4ecf155d07f7fae22810a4d1a8,resized/opencv_bilinear/zh_char_01/r_2p066667.png,77a2cb33f28bfe9a7904096db94b70d421718acaf4c6b52593dc4ea409c2bee5,/home/karan/ocr_study/fonts/microsoft-jhenghei.ttf,0,38,16,33.066666666672,34,0.933333333328001,16,False,做,"做
",做,做,0,1,0.0,0.08745404799992684,ok,
zh_char_01,zh_tra,single_char,10,2.066666666667,lanczos2_7tap_16phase,2.076923076923077,2.076923076923077,,canonical/zh_char_01/r_2p066667.png,5d94294f4435c4de5b0761a90d597ea8a2d4dd4ecf155d07f7fae22810a4d1a8,resized/lanczos2_7tap_16phase/zh_char_01/r_2p066667.png,a9868b956807a3dcf0e580f95e80b9673a156ffe3bf6afe8fbfccea3f02ab9e3,/home/karan/ocr_study/fonts/microsoft-jhenghei.ttf,0,38,16,33.066666666672,34,0.933333333328001,18,True,做,"做
",做,做,0,1,0.0,0.08924667500014039,ok,
zh_char_01,zh_tra,single_char,10,2.066666666667,lanczos3_7tap_16phase,2.076923076923077,2.076923076923077,,canonical/zh_char_01/r_2p066667.png,5d94294f4435c4de5b0761a90d597ea8a2d4dd4ecf155d07f7fae22810a4d1a8,resized/lanczos3_7tap_16phase/zh_char_01/r_2p066667.png,c2baa5a6372c891bcfe72a5f637f19a643bfef865ccd0f88c0b3e31a183d3207,/home/karan/ocr_study/fonts/microsoft-jhenghei.ttf,0,38,16,33.066666666672,34,0.933333333328001,18,True,做,"做
",做,做,0,1,0.0,0.09206716999960918,ok,
zh_char_01,zh_tra,single_char,10,2.2,bin_floor,2.0,2.0,2,canonical/zh_char_01/r_2p200000.png,9560cf816d29c4094a9fb0a70243294ae57b67bccc217fe491c415270322db83,resized/bin_floor/zh_char_01/r_2p200000.png,687d07efdbc0d7ca0521139c1e6cc5dcfc036a9bf3311bdbcda2c2656bcb339c,/home/karan/ocr_study/fonts/microsoft-jhenghei.ttf,0,39,16,35.2,35,-0.20000000000000284,18,False,做,"做
",做,做,0,1,0.0,0.09034477299974242,ok,
zh_char_01,zh_tra,single_char,10,2.2,bin_ceil,3.0,3.0,3,canonical/zh_char_01/r_2p200000.png,9560cf816d29c4094a9fb0a70243294ae57b67bccc217fe491c415270322db83,resized/bin_ceil/zh_char_01/r_2p200000.png,09970db863491049ba44bd26f79c86ee9463e1bb986560fc68e77a1633a50725,/home/karan/ocr_study/fonts/microsoft-jhenghei.ttf,0,39,16,35.2,35,-0.20000000000000284,12,False,做,"做
",做,做,0,1,0.0,0.08869837800011737,ok,
zh_char_01,zh_tra,single_char,10,2.2,opencv_bilinear,2.1923076923076925,2.1923076923076925,,canonical/zh_char_01/r_2p200000.png,9560cf816d29c4094a9fb0a70243294ae57b67bccc217fe491c415270322db83,resized/opencv_bilinear/zh_char_01/r_2p200000.png,791eba2f1c3f53b00ed3b3ffa4dde05b24ff1f8be9913593aaf080b91a350f0d,/home/karan/ocr_study/fonts/microsoft-jhenghei.ttf,0,39,16,35.2,35,-0.20000000000000284,16,False,做,"做
",做,做,0,1,0.0,0.08855242899971927,ok,
zh_char_01,zh_tra,single_char,10,2.2,lanczos2_7tap_16phase,2.1923076923076925,2.1923076923076925,,canonical/zh_char_01/r_2p200000.png,9560cf816d29c4094a9fb0a70243294ae57b67bccc217fe491c415270322db83,resized/lanczos2_7tap_16phase/zh_char_01/r_2p200000.png,2de66d21cd028e960b933837df3d922a774800e601a109ecb827543dd2dea64a,/home/karan/ocr_study/fonts/microsoft-jhenghei.ttf,0,39,16,35.2,35,-0.20000000000000284,17,False,做,"做
",做,做,0,1,0.0,0.08921636400009447,ok,
zh_char_01,zh_tra,single_char,10,2.2,lanczos3_7tap_16phase,2.1923076923076925,2.1923076923076925,,canonical/zh_char_01/r_2p200000.png,9560cf816d29c4094a9fb0a70243294ae57b67bccc217fe491c415270322db83,resized/lanczos3_7tap_16phase/zh_char_01/r_2p200000.png,fda612e1103ec7ab528fee39ab369c251a9e1f74219742b7fe74d08b3f44c7be,/home/karan/ocr_study/fonts/microsoft-jhenghei.ttf,0,39,16,35.2,35,-0.20000000000000284,17,False,做,"做
",做,做,0,1,0.0,0.08941761900041456,ok,
zh_char_01,zh_tra,single_char,10,2.333333333333,bin_floor,2.0,2.0,2,canonical/zh_char_01/r_2p333333.png,7580a130ec176d80f03c93b671f942ce92b232813aed3767a7ed297c432c235d,resized/bin_floor/zh_char_01/r_2p333333.png,2ed45316fa510e657b3471b8c2eaffc55c05110ab19122bc99a8e935135bae46,/home/karan/ocr_study/fonts/microsoft-jhenghei.ttf,0,42,16,37.333333333328,37,-0.3333333333279995,19,False,做,"做
",做,做,0,1,0.0,0.09029452499999024,ok,
zh_char_01,zh_tra,single_char,10,2.333333333333,bin_ceil,3.0,3.0,3,canonical/zh_char_01/r_2p333333.png,7580a130ec176d80f03c93b671f942ce92b232813aed3767a7ed297c432c235d,resized/bin_ceil/zh_char_01/r_2p333333.png,b482cb4788dc28e8860003be28ac1f8f807d49fab56b23e90dda9d4638a63af7,/home/karan/ocr_study/fonts/microsoft-jhenghei.ttf,0,42,16,37.333333333328,37,-0.3333333333279995,13,False,做,"做
",做,做,0,1,0.0,0.09291575199949875,ok,
zh_char_01,zh_tra,single_char,10,2.333333333333,opencv_bilinear,2.3529411764705883,2.3529411764705883,,canonical/zh_char_01/r_2p333333.png,7580a130ec176d80f03c93b671f942ce92b232813aed3767a7ed297c432c235d,resized/opencv_bilinear/zh_char_01/r_2p333333.png,110a19a280b48bfb6802003ba18d33864c797ce4c7e97fdffb814cf7b5ab0e4c,/home/karan/ocr_study/fonts/microsoft-jhenghei.ttf,0,42,16,37.333333333328,37,-0.3333333333279995,16,False,做,"做
",做,做,0,1,0.0,0.09481575399968278,ok,
zh_char_01,zh_tra,single_char,10,2.333333333333,lanczos2_7tap_16phase,2.3529411764705883,2.3529411764705883,,canonical/zh_char_01/r_2p333333.png,7580a130ec176d80f03c93b671f942ce92b232813aed3767a7ed297c432c235d,resized/lanczos2_7tap_16phase/zh_char_01/r_2p333333.png,231f2e8d55ee61cdafbddd6f9426ff058b57341ed24400a7304bbe410961034b,/home/karan/ocr_study/fonts/microsoft-jhenghei.ttf,0,42,16,37.333333333328,37,-0.3333333333279995,17,False,做,"做
",做,做,0,1,0.0,0.0897288389996902,ok,
zh_char_01,zh_tra,single_char,10,2.333333333333,lanczos3_7tap_16phase,2.3529411764705883,2.3529411764705883,,canonical/zh_char_01/r_2p333333.png,7580a130ec176d80f03c93b671f942ce92b232813aed3767a7ed297c432c235d,resized/lanczos3_7tap_16phase/zh_char_01/r_2p333333.png,798c7f8677d0923f3844b8db7cb907716d839d80d6ee6ae85126e096b2a9c5ea,/home/karan/ocr_study/fonts/microsoft-jhenghei.ttf,0,42,16,37.333333333328,37,-0.3333333333279995,17,False,做,"做
",做,做,0,1,0.0,0.0899265589996503,ok,
zh_char_01,zh_tra,single_char,10,2.466666666667,bin_floor,2.0,2.0,2,canonical/zh_char_01/r_2p466667.png,00f6ab114bbc68efe5a7c9f87f567d19adecc6ee15da68b9a821dbdbd73d27e8,resized/bin_floor/zh_char_01/r_2p466667.png,c00510669a07554d02d97cb20896010d7853ab41daf7864abc61129bb14c2250,/home/karan/ocr_study/fonts/microsoft-jhenghei.ttf,0,44,16,39.466666666672,39,-0.46666666667199763,20,False,做,"做
",做,做,0,1,0.0,0.0915335130002859,ok,
zh_char_01,zh_tra,single_char,10,2.466666666667,bin_ceil,3.0,3.0,3,canonical/zh_char_01/r_2p466667.png,00f6ab114bbc68efe5a7c9f87f567d19adecc6ee15da68b9a821dbdbd73d27e8,resized/bin_ceil/zh_char_01/r_2p466667.png,957c95da240318b44cea73db62d25400839d599fac7810cc5f93348f41bd8110,/home/karan/ocr_study/fonts/microsoft-jhenghei.ttf,0,44,16,39.466666666672,39,-0.46666666667199763,14,False,做,"做
",做,做,0,1,0.0,0.09289238299970748,ok,
zh_char_01,zh_tra,single_char,10,2.466666666667,opencv_bilinear,2.4705882352941178,2.4705882352941178,,canonical/zh_char_01/r_2p466667.png,00f6ab114bbc68efe5a7c9f87f567d19adecc6ee15da68b9a821dbdbd73d27e8,resized/opencv_bilinear/zh_char_01/r_2p466667.png,10a01c731b63cb2b3875479f0cf31c1abea00932823e14f92d73878a45e2d019,/home/karan/ocr_study/fonts/microsoft-jhenghei.ttf,0,44,16,39.466666666672,39,-0.46666666667199763,16,False,做,"做
",做,做,0,1,0.0,0.09033324399933917,ok,
zh_char_01,zh_tra,single_char,10,2.466666666667,lanczos2_7tap_16phase,2.4705882352941178,2.4705882352941178,,canonical/zh_char_01/r_2p466667.png,00f6ab114bbc68efe5a7c9f87f567d19adecc6ee15da68b9a821dbdbd73d27e8,resized/lanczos2_7tap_16phase/zh_char_01/r_2p466667.png,8d7f8d4bb712b12722401746bc34b40005c55ad69af84b26b95e220ab297ae1f,/home/karan/ocr_study/fonts/microsoft-jhenghei.ttf,0,44,16,39.466666666672,39,-0.46666666667199763,17,False,做,"做
",做,做,0,1,0.0,0.08789918599995872,ok,
zh_char_01,zh_tra,single_char,10,2.466666666667,lanczos3_7tap_16phase,2.4705882352941178,2.4705882352941178,,canonical/zh_char_01/r_2p466667.png,00f6ab114bbc68efe5a7c9f87f567d19adecc6ee15da68b9a821dbdbd73d27e8,resized/lanczos3_7tap_16phase/zh_char_01/r_2p466667.png,f65a0a53207fb3e5a5c18b76500d3f54e74810081f8e80fc8d468e4ad3e3338c,/home/karan/ocr_study/fonts/microsoft-jhenghei.ttf,0,44,16,39.466666666672,39,-0.46666666667199763,17,False,做,"做
",做,做,0,1,0.0,0.0881162999994558,ok,
zh_char_01,zh_tra,single_char,10,2.6,bin_floor,2.0,2.0,2,canonical/zh_char_01/r_2p600000.png,459e189b6d8277641cd7d80441b475ed86acbd220f6de4b46cead43aaedb7f0a,resized/bin_floor/zh_char_01/r_2p600000.png,a2267a8503bc321aea176f9be340d8701349ad0f6570c278d60a64fd7ea44287,/home/karan/ocr_study/fonts/microsoft-jhenghei.ttf,0,48,16,41.6,42,0.3999999999999986,22,False,做,"做
",做,做,0,1,0.0,0.09722542700001213,ok,
zh_char_01,zh_tra,single_char,10,2.6,bin_ceil,3.0,3.0,3,canonical/zh_char_01/r_2p600000.png,459e189b6d8277641cd7d80441b475ed86acbd220f6de4b46cead43aaedb7f0a,resized/bin_ceil/zh_char_01/r_2p600000.png,fd16c527c1b8a29a2b4da2a85ecaf638b5c4388b02a2b7bc3b4f2588c52521d4,/home/karan/ocr_study/fonts/microsoft-jhenghei.ttf,0,48,16,41.6,42,0.3999999999999986,14,False,做,"做
",做,做,0,1,0.0,0.09023397700002533,ok,
zh_char_01,zh_tra,single_char,10,2.6,opencv_bilinear,2.588235294117647,2.588235294117647,,canonical/zh_char_01/r_2p600000.png,459e189b6d8277641cd7d80441b475ed86acbd220f6de4b46cead43aaedb7f0a,resized/opencv_bilinear/zh_char_01/r_2p600000.png,624e5f1a3decbd4410debb87228edd1faf63cb94f4d6c7e46b7c7fec8ea7c084,/home/karan/ocr_study/fonts/microsoft-jhenghei.ttf,0,48,16,41.6,42,0.3999999999999986,17,False,做,"做
",做,做,0,1,0.0,0.09176143799959391,ok,
zh_char_01,zh_tra,single_char,10,2.6,lanczos2_7tap_16phase,2.588235294117647,2.588235294117647,,canonical/zh_char_01/r_2p600000.png,459e189b6d8277641cd7d80441b475ed86acbd220f6de4b46cead43aaedb7f0a,resized/lanczos2_7tap_16phase/zh_char_01/r_2p600000.png,6d36ddfe5c0b3c45505b3395fc56d478e0cd28d97b83bf3c9ac992d4ad10bdca,/home/karan/ocr_study/fonts/microsoft-jhenghei.ttf,0,48,16,41.6,42,0.3999999999999986,17,False,做,"做
",做,做,0,1,0.0,0.10258052500012127,ok,
zh_char_01,zh_tra,single_char,10,2.6,lanczos3_7tap_16phase,2.588235294117647,2.588235294117647,,canonical/zh_char_01/r_2p600000.png,459e189b6d8277641cd7d80441b475ed86acbd220f6de4b46cead43aaedb7f0a,resized/lanczos3_7tap_16phase/zh_char_01/r_2p600000.png,1c38a6d1da9377daf912f3b9eda2bd0673e702e7813ad38232581ee85e3913a5,/home/karan/ocr_study/fonts/microsoft-jhenghei.ttf,0,48,16,41.6,42,0.3999999999999986,17,False,做,"做
",做,做,0,1,0.0,0.09494481999990967,ok,
zh_char_01,zh_tra,single_char,10,2.625,bin_floor,2.0,2.0,2,canonical/zh_char_01/r_2p625000.png,459e189b6d8277641cd7d80441b475ed86acbd220f6de4b46cead43aaedb7f0a,resized/bin_floor/zh_char_01/r_2p625000.png,a2267a8503bc321aea176f9be340d8701349ad0f6570c278d60a64fd7ea44287,/home/karan/ocr_study/fonts/microsoft-jhenghei.ttf,0,48,16,42.0,42,0.0,22,False,做,"做
",做,做,0,1,0.0,0.09432531699985702,ok,
zh_char_01,zh_tra,single_char,10,2.625,bin_ceil,3.0,3.0,3,canonical/zh_char_01/r_2p625000.png,459e189b6d8277641cd7d80441b475ed86acbd220f6de4b46cead43aaedb7f0a,resized/bin_ceil/zh_char_01/r_2p625000.png,fd16c527c1b8a29a2b4da2a85ecaf638b5c4388b02a2b7bc3b4f2588c52521d4,/home/karan/ocr_study/fonts/microsoft-jhenghei.ttf,0,48,16,42.0,42,0.0,14,False,做,"做
",做,做,0,1,0.0,0.10329942899988964,ok,
zh_char_01,zh_tra,single_char,10,2.625,opencv_bilinear,2.64,2.64,,canonical/zh_char_01/r_2p625000.png,459e189b6d8277641cd7d80441b475ed86acbd220f6de4b46cead43aaedb7f0a,resized/opencv_bilinear/zh_char_01/r_2p625000.png,ab4094e2e9166b43fdd946ce0fdfb6c22dbe7be8c7a8861478e714ed793f7f1e,/home/karan/ocr_study/fonts/microsoft-jhenghei.ttf,0,48,16,42.0,42,0.0,16,False,做,"做
",做,做,0,1,0.0,0.09095016999981453,ok,
zh_char_01,zh_tra,single_char,10,2.625,lanczos2_7tap_16phase,2.64,2.64,,canonical/zh_char_01/r_2p625000.png,459e189b6d8277641cd7d80441b475ed86acbd220f6de4b46cead43aaedb7f0a,resized/lanczos2_7tap_16phase/zh_char_01/r_2p625000.png,1a9d69de186cc898bf594cdf574c4b1e4b9891d443224a56ba44a83e4e581f14,/home/karan/ocr_study/fonts/microsoft-jhenghei.ttf,0,48,16,42.0,42,0.0,16,False,做,"做
",做,做,0,1,0.0,0.08736582400069892,ok,
zh_char_01,zh_tra,single_char,10,2.625,lanczos3_7tap_16phase,2.64,2.64,,canonical/zh_char_01/r_2p625000.png,459e189b6d8277641cd7d80441b475ed86acbd220f6de4b46cead43aaedb7f0a,resized/lanczos3_7tap_16phase/zh_char_01/r_2p625000.png,e0025253d0c659664dcbe32a2e5a313bdcaa02e8e01b57a104183f842f67376c,/home/karan/ocr_study/fonts/microsoft-jhenghei.ttf,0,48,16,42.0,42,0.0,18,True,做,"做
",做,做,0,1,0.0,0.09349801400003344,ok,
zh_char_01,zh_tra,single_char,10,2.733333333333,bin_floor,2.0,2.0,2,canonical/zh_char_01/r_2p733333.png,aba84ee1ab1e6924bbfef7b0d1a2c6be780c75662d98bb8069e40a2ba8f171c7,resized/bin_floor/zh_char_01/r_2p733333.png,bcee0b4e05afae480339a27915edf5b64c7132d5a1cc8b2c7f04c688839ca7b4,/home/karan/ocr_study/fonts/microsoft-jhenghei.ttf,0,50,16,43.733333333328,44,0.2666666666720019,23,False,做,"做
",做,做,0,1,0.0,0.09100319400022272,ok,
zh_char_01,zh_tra,single_char,10,2.733333333333,bin_ceil,3.0,3.0,3,canonical/zh_char_01/r_2p733333.png,aba84ee1ab1e6924bbfef7b0d1a2c6be780c75662d98bb8069e40a2ba8f171c7,resized/bin_ceil/zh_char_01/r_2p733333.png,df9df0fee146865feeb831f5768f0001df8f80f44846e11fe5961e4a04701de8,/home/karan/ocr_study/fonts/microsoft-jhenghei.ttf,0,50,16,43.733333333328,44,0.2666666666720019,16,False,做,"做
",做,做,0,1,0.0,0.08996218900028907,ok,
zh_char_01,zh_tra,single_char,10,2.733333333333,opencv_bilinear,2.76,2.76,,canonical/zh_char_01/r_2p733333.png,aba84ee1ab1e6924bbfef7b0d1a2c6be780c75662d98bb8069e40a2ba8f171c7,resized/opencv_bilinear/zh_char_01/r_2p733333.png,e94e8618d64f27858277001cc92ada19cbe6963f33aa2b090ec7207aa5e92d4c,/home/karan/ocr_study/fonts/microsoft-jhenghei.ttf,0,50,16,43.733333333328,44,0.2666666666720019,16,False,做,"做
",做,做,0,1,0.0,0.08841489599944907,ok,
zh_char_01,zh_tra,single_char,10,2.733333333333,lanczos2_7tap_16phase,2.76,2.76,,canonical/zh_char_01/r_2p733333.png,aba84ee1ab1e6924bbfef7b0d1a2c6be780c75662d98bb8069e40a2ba8f171c7,resized/lanczos2_7tap_16phase/zh_char_01/r_2p733333.png,1f36f9042c7901582195fc839ce4059c80088cfb94ba17d37d5d7034d9f2615f,/home/karan/ocr_study/fonts/microsoft-jhenghei.ttf,0,50,16,43.733333333328,44,0.2666666666720019,16,False,做,"做
",做,做,0,1,0.0,0.08878860200002237,ok,
zh_char_01,zh_tra,single_char,10,2.733333333333,lanczos3_7tap_16phase,2.76,2.76,,canonical/zh_char_01/r_2p733333.png,aba84ee1ab1e6924bbfef7b0d1a2c6be780c75662d98bb8069e40a2ba8f171c7,resized/lanczos3_7tap_16phase/zh_char_01/r_2p733333.png,837582e301e1a917bad676e35997adb1c42795018303c565ebfe8b24c38693ba,/home/karan/ocr_study/fonts/microsoft-jhenghei.ttf,0,50,16,43.733333333328,44,0.2666666666720019,18,True,做,"做
",做,做,0,1,0.0,0.08972188500047196,ok,
zh_char_01,zh_tra,single_char,10,2.866666666667,bin_floor,2.0,2.0,2,canonical/zh_char_01/r_2p866667.png,e16bd2252a5dfe02a7f028f57ddbc8f2ae0769b796388f3da5307d842bbcc597,resized/bin_floor/zh_char_01/r_2p866667.png,da7ede451ca7388efaa018dd28e478f05f28e4338feebb4650e252161a91564b,/home/karan/ocr_study/fonts/microsoft-jhenghei.ttf,0,52,16,45.866666666672,46,0.13333333332799668,24,False,做,"做
",做,做,0,1,0.0,0.08744698299960874,ok,
zh_char_01,zh_tra,single_char,10,2.866666666667,bin_ceil,3.0,3.0,3,canonical/zh_char_01/r_2p866667.png,e16bd2252a5dfe02a7f028f57ddbc8f2ae0769b796388f3da5307d842bbcc597,resized/bin_ceil/zh_char_01/r_2p866667.png,f9c2c2d2d6cad23c27460bf9409360c2cac5e5ed69c5a404c7ead4e637aa7251,/home/karan/ocr_study/fonts/microsoft-jhenghei.ttf,0,52,16,45.866666666672,46,0.13333333332799668,16,False,做,"做
",做,做,0,1,0.0,0.1012867979998191,ok,
zh_char_01,zh_tra,single_char,10,2.866666666667,opencv_bilinear,2.88,2.88,,canonical/zh_char_01/r_2p866667.png,e16bd2252a5dfe02a7f028f57ddbc8f2ae0769b796388f3da5307d842bbcc597,resized/opencv_bilinear/zh_char_01/r_2p866667.png,a65fcb1995437e5fea120c7d696a7b3171950ad2cd4bd69d7ae74b7be7049413,/home/karan/ocr_study/fonts/microsoft-jhenghei.ttf,0,52,16,45.866666666672,46,0.13333333332799668,16,False,做,"做
",做,做,0,1,0.0,0.08755713700065826,ok,
zh_char_01,zh_tra,single_char,10,2.866666666667,lanczos2_7tap_16phase,2.88,2.88,,canonical/zh_char_01/r_2p866667.png,e16bd2252a5dfe02a7f028f57ddbc8f2ae0769b796388f3da5307d842bbcc597,resized/lanczos2_7tap_16phase/zh_char_01/r_2p866667.png,f51281dacf401c786c1af03e5e763e0f882ff06fdfe7e936542b3283e0a8e2a4,/home/karan/ocr_study/fonts/microsoft-jhenghei.ttf,0,52,16,45.866666666672,46,0.13333333332799668,16,False,做,"做
",做,做,0,1,0.0,0.08820463899974129,ok,
zh_char_01,zh_tra,single_char,10,2.866666666667,lanczos3_7tap_16phase,2.88,2.88,,canonical/zh_char_01/r_2p866667.png,e16bd2252a5dfe02a7f028f57ddbc8f2ae0769b796388f3da5307d842bbcc597,resized/lanczos3_7tap_16phase/zh_char_01/r_2p866667.png,23f079925fad405130182484640b26326388d27c32ebb69a3b81e9a1fd8a6729,/home/karan/ocr_study/fonts/microsoft-jhenghei.ttf,0,52,16,45.866666666672,46,0.13333333332799668,18,True,做,"做
",做,做,0,1,0.0,0.09752071500042803,ok,
zh_char_01,zh_tra,single_char,10,3.0,bin_floor,3.0,3.0,3,canonical/zh_char_01/r_3p000000.png,d1be1fbab78ceb5131299f49a7ce1473f52cf77f7503f21fd5d4bd51d7d38fc4,resized/bin_floor/zh_char_01/r_3p000000.png,31e8d91fe76339bbd67386a079e8df46484dca11d6bb115328ed373dbeb8c821,/home/karan/ocr_study/fonts/microsoft-jhenghei.ttf,0,54,16,48.0,48,0.0,16,False,做,"做
",做,做,0,1,0.0,0.08953030100019532,ok,
zh_char_01,zh_tra,single_char,10,3.0,bin_ceil,3.0,3.0,3,canonical/zh_char_01/r_3p000000.png,d1be1fbab78ceb5131299f49a7ce1473f52cf77f7503f21fd5d4bd51d7d38fc4,resized/bin_ceil/zh_char_01/r_3p000000.png,31e8d91fe76339bbd67386a079e8df46484dca11d6bb115328ed373dbeb8c821,/home/karan/ocr_study/fonts/microsoft-jhenghei.ttf,0,54,16,48.0,48,0.0,16,False,做,"做
",做,做,0,1,0.0,0.09031952399982401,ok,
zh_char_01,zh_tra,single_char,10,3.0,opencv_bilinear,3.0,3.0,,canonical/zh_char_01/r_3p000000.png,d1be1fbab78ceb5131299f49a7ce1473f52cf77f7503f21fd5d4bd51d7d38fc4,resized/opencv_bilinear/zh_char_01/r_3p000000.png,dcdfd87ed2b6ca1ab4e56e161dbaa529547e066210c9a640653a962ad6814824,/home/karan/ocr_study/fonts/microsoft-jhenghei.ttf,0,54,16,48.0,48,0.0,16,False,做,"做
",做,做,0,1,0.0,0.09633897699950467,ok,
zh_char_01,zh_tra,single_char,10,3.0,lanczos2_7tap_16phase,3.0,3.0,,canonical/zh_char_01/r_3p000000.png,d1be1fbab78ceb5131299f49a7ce1473f52cf77f7503f21fd5d4bd51d7d38fc4,resized/lanczos2_7tap_16phase/zh_char_01/r_3p000000.png,55783f2c8869b0082706199f1822cc9c6c01b257ce2e0ed20e89e712f4643f5d,/home/karan/ocr_study/fonts/microsoft-jhenghei.ttf,0,54,16,48.0,48,0.0,16,False,做,"做
",做,做,0,1,0.0,0.08969554000032076,ok,
zh_char_01,zh_tra,single_char,10,3.0,lanczos3_7tap_16phase,3.0,3.0,,canonical/zh_char_01/r_3p000000.png,d1be1fbab78ceb5131299f49a7ce1473f52cf77f7503f21fd5d4bd51d7d38fc4,resized/lanczos3_7tap_16phase/zh_char_01/r_3p000000.png,7e5afae796c9c600fd898bcc1ffc3c23ce3679bfd42caf062c5cdbfa2f3ae08f,/home/karan/ocr_study/fonts/microsoft-jhenghei.ttf,0,54,16,48.0,48,0.0,18,True,做,"做
",做,做,0,1,0.0,0.09827657000005274,ok,
zh_char_02,zh_tra,single_char,10,1.0,bin_floor,1.0,1.0,1,canonical/zh_char_02/r_1p000000.png,4f8eed9f6f1162e600424ab9498091cf9fcf3589c886f251783e9cb2f7cc3a48,resized/bin_floor/zh_char_02/r_1p000000.png,4f8eed9f6f1162e600424ab9498091cf9fcf3589c886f251783e9cb2f7cc3a48,/home/karan/ocr_study/fonts/microsoft-jhenghei.ttf,0,17,16,16.0,16,0.0,16,False,剪,"前
",剪,前,1,1,1.0,0.09213249999993423,ok,
zh_char_02,zh_tra,single_char,10,1.0,bin_ceil,1.0,1.0,1,canonical/zh_char_02/r_1p000000.png,4f8eed9f6f1162e600424ab9498091cf9fcf3589c886f251783e9cb2f7cc3a48,resized/bin_ceil/zh_char_02/r_1p000000.png,4f8eed9f6f1162e600424ab9498091cf9fcf3589c886f251783e9cb2f7cc3a48,/home/karan/ocr_study/fonts/microsoft-jhenghei.ttf,0,17,16,16.0,16,0.0,16,False,剪,"前
",剪,前,1,1,1.0,0.09914237300017703,ok,
zh_char_02,zh_tra,single_char,10,1.0,opencv_bilinear,1.0,1.0,,canonical/zh_char_02/r_1p000000.png,4f8eed9f6f1162e600424ab9498091cf9fcf3589c886f251783e9cb2f7cc3a48,resized/opencv_bilinear/zh_char_02/r_1p000000.png,4f8eed9f6f1162e600424ab9498091cf9fcf3589c886f251783e9cb2f7cc3a48,/home/karan/ocr_study/fonts/microsoft-jhenghei.ttf,0,17,16,16.0,16,0.0,16,False,剪,"前
",剪,前,1,1,1.0,0.08810610199998337,ok,
zh_char_02,zh_tra,single_char,10,1.0,lanczos2_7tap_16phase,1.0,1.0,,canonical/zh_char_02/r_1p000000.png,4f8eed9f6f1162e600424ab9498091cf9fcf3589c886f251783e9cb2f7cc3a48,resized/lanczos2_7tap_16phase/zh_char_02/r_1p000000.png,4f8eed9f6f1162e600424ab9498091cf9fcf3589c886f251783e9cb2f7cc3a48,/home/karan/ocr_study/fonts/microsoft-jhenghei.ttf,0,17,16,16.0,16,0.0,16,False,剪,"前
",剪,前,1,1,1.0,0.08808490400042501,ok,
zh_char_02,zh_tra,single_char,10,1.0,lanczos3_7tap_16phase,1.0,1.0,,canonical/zh_char_02/r_1p000000.png,4f8eed9f6f1162e600424ab9498091cf9fcf3589c886f251783e9cb2f7cc3a48,resized/lanczos3_7tap_16phase/zh_char_02/r_1p000000.png,4f8eed9f6f1162e600424ab9498091cf9fcf3589c886f251783e9cb2f7cc3a48,/home/karan/ocr_study/fonts/microsoft-jhenghei.ttf,0,17,16,16.0,16,0.0,16,False,剪,"前
",剪,前,1,1,1.0,0.0889247119994252,ok,
zh_char_02,zh_tra,single_char,10,1.133333333333,bin_floor,1.0,1.0,1,canonical/zh_char_02/r_1p133333.png,d91830dd5f24a389c95016a1b8333443bb306fb761f2e9eb6cbe5e6d558abb49,resized/bin_floor/zh_char_02/r_1p133333.png,d91830dd5f24a389c95016a1b8333443bb306fb761f2e9eb6cbe5e6d558abb49,/home/karan/ocr_study/fonts/microsoft-jhenghei.ttf,0,20,16,18.133333333328,18,-0.13333333332800024,18,False,剪,"前
",剪,前,1,1,1.0,0.08987422700010939,ok,
zh_char_02,zh_tra,single_char,10,1.133333333333,bin_ceil,2.0,2.0,2,canonical/zh_char_02/r_1p133333.png,d91830dd5f24a389c95016a1b8333443bb306fb761f2e9eb6cbe5e6d558abb49,resized/bin_ceil/zh_char_02/r_1p133333.png,43deef8b112ae0ea0bf63bcf3a742b261d3f353cd3720e5658338561bce37ee4,/home/karan/ocr_study/fonts/microsoft-jhenghei.ttf,0,20,16,18.133333333328,18,-0.13333333332800024,10,False,剪,"同
",剪,同,1,1,1.0,0.10083214600035717,ok,
zh_char_02,zh_tra,single_char,10,1.133333333333,opencv_bilinear,1.1320754716981132,1.1320754716981132,,canonical/zh_char_02/r_1p133333.png,d91830dd5f24a389c95016a1b8333443bb306fb761f2e9eb6cbe5e6d558abb49,resized/opencv_bilinear/zh_char_02/r_1p133333.png,de31ddcb71d78c42f0d6e158e1453d8f8721b969f91e9de1685e7f4fafc72cb0,/home/karan/ocr_study/fonts/microsoft-jhenghei.ttf,0,20,16,18.133333333328,18,-0.13333333332800024,17,False,剪,"剪
",剪,剪,0,1,0.0,0.0888500289993317,ok,
zh_char_02,zh_tra,single_char,10,1.133333333333,lanczos2_7tap_16phase,1.1320754716981132,1.1320754716981132,,canonical/zh_char_02/r_1p133333.png,d91830dd5f24a389c95016a1b8333443bb306fb761f2e9eb6cbe5e6d558abb49,resized/lanczos2_7tap_16phase/zh_char_02/r_1p133333.png,5a0951ab94ebe8f7d802ac594c37762f0a1f737a1e1fbe6071cc145a35767198,/home/karan/ocr_study/fonts/microsoft-jhenghei.ttf,0,20,16,18.133333333328,18,-0.13333333332800024,17,False,剪,"剪
",剪,剪,0,1,0.0,0.08855705699988903,ok,
zh_char_02,zh_tra,single_char,10,1.133333333333,lanczos3_7tap_16phase,1.1320754716981132,1.1320754716981132,,canonical/zh_char_02/r_1p133333.png,d91830dd5f24a389c95016a1b8333443bb306fb761f2e9eb6cbe5e6d558abb49,resized/lanczos3_7tap_16phase/zh_char_02/r_1p133333.png,832bf58aaf7b7905868cf190017fa2967341ef090d74a044235c3cd34f33382a,/home/karan/ocr_study/fonts/microsoft-jhenghei.ttf,0,20,16,18.133333333328,18,-0.13333333332800024,17,False,剪,"剪
",剪,剪,0,1,0.0,0.08937309999964782,ok,
zh_char_02,zh_tra,single_char,10,1.266666666667,bin_floor,1.0,1.0,1,canonical/zh_char_02/r_1p266667.png,adefc0f70c6caa9f747b0aa72548fd154eb00a88f91e3d1ee2ada2ea9d87ea8e,resized/bin_floor/zh_char_02/r_1p266667.png,adefc0f70c6caa9f747b0aa72548fd154eb00a88f91e3d1ee2ada2ea9d87ea8e,/home/karan/ocr_study/fonts/microsoft-jhenghei.ttf,0,23,16,20.266666666672,21,0.7333333333280017,21,False,剪,"前
",剪,前,1,1,1.0,0.08944797799995285,ok,
zh_char_02,zh_tra,single_char,10,1.266666666667,bin_ceil,2.0,2.0,2,canonical/zh_char_02/r_1p266667.png,adefc0f70c6caa9f747b0aa72548fd154eb00a88f91e3d1ee2ada2ea9d87ea8e,resized/bin_ceil/zh_char_02/r_1p266667.png,61a40f555f7946cf5360aabe385fbda3f3e6e395273f80b727b1b085ec5fb100,/home/karan/ocr_study/fonts/microsoft-jhenghei.ttf,0,23,16,20.266666666672,21,0.7333333333280017,11,False,剪,"前
",剪,前,1,1,1.0,0.09315150600014022,ok,
zh_char_02,zh_tra,single_char,10,1.266666666667,opencv_bilinear,1.2692307692307692,1.2692307692307692,,canonical/zh_char_02/r_1p266667.png,adefc0f70c6caa9f747b0aa72548fd154eb00a88f91e3d1ee2ada2ea9d87ea8e,resized/opencv_bilinear/zh_char_02/r_1p266667.png,d904df1444475bc8676ab3fa4fca70e6a124f052b61e3c6368c4878aeb68c7c6,/home/karan/ocr_study/fonts/microsoft-jhenghei.ttf,0,23,16,20.266666666672,21,0.7333333333280017,17,False,剪,"剪
",剪,剪,0,1,0.0,0.09085462900020502,ok,
zh_char_02,zh_tra,single_char,10,1.266666666667,lanczos2_7tap_16phase,1.2692307692307692,1.2692307692307692,,canonical/zh_char_02/r_1p266667.png,adefc0f70c6caa9f747b0aa72548fd154eb00a88f91e3d1ee2ada2ea9d87ea8e,resized/lanczos2_7tap_16phase/zh_char_02/r_1p266667.png,1513d7b9b09de33005ba9509643c7776c36c494c4b6ad9127a333e7cd64f16c2,/home/karan/ocr_study/fonts/microsoft-jhenghei.ttf,0,23,16,20.266666666672,21,0.7333333333280017,17,False,剪,"剪
",剪,剪,0,1,0.0,0.0884929160001775,ok,
zh_char_02,zh_tra,single_char,10,1.266666666667,lanczos3_7tap_16phase,1.2692307692307692,1.2692307692307692,,canonical/zh_char_02/r_1p266667.png,adefc0f70c6caa9f747b0aa72548fd154eb00a88f91e3d1ee2ada2ea9d87ea8e,resized/lanczos3_7tap_16phase/zh_char_02/r_1p266667.png,a0956fd50340040cb33f2bd96699e3ca50c74d8c5e9eb7228282bd2f8fadc392,/home/karan/ocr_study/fonts/microsoft-jhenghei.ttf,0,23,16,20.266666666672,21,0.7333333333280017,17,False,剪,"品
",剪,品,1,1,1.0,0.09087719000035577,ok,
zh_char_02,zh_tra,single_char,10,1.4,bin_floor,1.0,1.0,1,canonical/zh_char_02/r_1p400000.png,7aaa5e4bdbb4d1d388adf5eb332544aa9db5db28f56323bb119d587814eca33c,resized/bin_floor/zh_char_02/r_1p400000.png,7aaa5e4bdbb4d1d388adf5eb332544aa9db5db28f56323bb119d587814eca33c,/home/karan/ocr_study/fonts/microsoft-jhenghei.ttf,0,25,16,22.4,22,-0.3999999999999986,22,False,剪,"前
",剪,前,1,1,1.0,0.09009780300038983,ok,
zh_char_02,zh_tra,single_char,10,1.4,bin_ceil,2.0,2.0,2,canonical/zh_char_02/r_1p400000.png,7aaa5e4bdbb4d1d388adf5eb332544aa9db5db28f56323bb119d587814eca33c,resized/bin_ceil/zh_char_02/r_1p400000.png,16d04586adf806a07b7ccbd90a5c83d40c511ee58b093de7490048126559d9de,/home/karan/ocr_study/fonts/microsoft-jhenghei.ttf,0,25,16,22.4,22,-0.3999999999999986,12,False,剪,"章
",剪,章,1,1,1.0,0.09115929000017786,ok,
zh_char_02,zh_tra,single_char,10,1.4,opencv_bilinear,1.411764705882353,1.411764705882353,,canonical/zh_char_02/r_1p400000.png,7aaa5e4bdbb4d1d388adf5eb332544aa9db5db28f56323bb119d587814eca33c,resized/opencv_bilinear/zh_char_02/r_1p400000.png,29c5ec417a539657d6ff8145179ec2edd469647343ecd498b1bd379a2e017576,/home/karan/ocr_study/fonts/microsoft-jhenghei.ttf,0,25,16,22.4,22,-0.3999999999999986,17,False,剪,"剪
",剪,剪,0,1,0.0,0.0946902499999851,ok,
zh_char_02,zh_tra,single_char,10,1.4,lanczos2_7tap_16phase,1.411764705882353,1.411764705882353,,canonical/zh_char_02/r_1p400000.png,7aaa5e4bdbb4d1d388adf5eb332544aa9db5db28f56323bb119d587814eca33c,resized/lanczos2_7tap_16phase/zh_char_02/r_1p400000.png,471b3e2c15488cb025a46320df786d1b0c69670d8b6d8f85e6b7e3ee6f058981,/home/karan/ocr_study/fonts/microsoft-jhenghei.ttf,0,25,16,22.4,22,-0.3999999999999986,17,False,剪,"莫
",剪,莫,1,1,1.0,0.09505217000059929,ok,
zh_char_02,zh_tra,single_char,10,1.4,lanczos3_7tap_16phase,1.411764705882353,1.411764705882353,,canonical/zh_char_02/r_1p400000.png,7aaa5e4bdbb4d1d388adf5eb332544aa9db5db28f56323bb119d587814eca33c,resized/lanczos3_7tap_16phase/zh_char_02/r_1p400000.png,c894358345b47f057da4988f2f59073acafc304fa2caac0c5eaebadde856fcf3,/home/karan/ocr_study/fonts/microsoft-jhenghei.ttf,0,25,16,22.4,22,-0.3999999999999986,17,False,剪,"剪
",剪,剪,0,1,0.0,0.09700569699998596,ok,
zh_char_02,zh_tra,single_char,10,1.533333333333,bin_floor,1.0,1.0,1,canonical/zh_char_02/r_1p533333.png,560100315227d15475daeda8777a4d2696f5e3ea03ce553092eed977346a143b,resized/bin_floor/zh_char_02/r_1p533333.png,560100315227d15475daeda8777a4d2696f5e3ea03ce553092eed977346a143b,/home/karan/ocr_study/fonts/microsoft-jhenghei.ttf,0,27,16,24.533333333328,24,-0.5333333333279988,24,False,剪,"前
",剪,前,1,1,1.0,0.08714266100014356,ok,
zh_char_02,zh_tra,single_char,10,1.533333333333,bin_ceil,2.0,2.0,2,canonical/zh_char_02/r_1p533333.png,560100315227d15475daeda8777a4d2696f5e3ea03ce553092eed977346a143b,resized/bin_ceil/zh_char_02/r_1p533333.png,dc9504347efff3f31c929919fca3c9ba40d2a127ce286572b7d2fc805bfd3e1c,/home/karan/ocr_study/fonts/microsoft-jhenghei.ttf,0,27,16,24.533333333328,24,-0.5333333333279988,13,False,剪,"茵
",剪,茵,1,1,1.0,0.09167066999998497,ok,
zh_char_02,zh_tra,single_char,10,1.533333333333,opencv_bilinear,1.5294117647058822,1.5294117647058822,,canonical/zh_char_02/r_1p533333.png,560100315227d15475daeda8777a4d2696f5e3ea03ce553092eed977346a143b,resized/opencv_bilinear/zh_char_02/r_1p533333.png,df747b1efc61792093975a7b36988b11200870ac247b5cb12b1ae8d5c422b0e7,/home/karan/ocr_study/fonts/microsoft-jhenghei.ttf,0,27,16,24.533333333328,24,-0.5333333333279988,17,False,剪,"加
",剪,加,1,1,1.0,0.09501245800038305,ok,
zh_char_02,zh_tra,single_char,10,1.533333333333,lanczos2_7tap_16phase,1.5294117647058822,1.5294117647058822,,canonical/zh_char_02/r_1p533333.png,560100315227d15475daeda8777a4d2696f5e3ea03ce553092eed977346a143b,resized/lanczos2_7tap_16phase/zh_char_02/r_1p533333.png,6b5927507bbc20b0c9bc6111a35dbd0098f85a0cb40eb985cf68fb42297421be,/home/karan/ocr_study/fonts/microsoft-jhenghei.ttf,0,27,16,24.533333333328,24,-0.5333333333279988,17,False,剪,"剪
",剪,剪,0,1,0.0,0.09514255100020819,ok,
zh_char_02,zh_tra,single_char,10,1.533333333333,lanczos3_7tap_16phase,1.5294117647058822,1.5294117647058822,,canonical/zh_char_02/r_1p533333.png,560100315227d15475daeda8777a4d2696f5e3ea03ce553092eed977346a143b,resized/lanczos3_7tap_16phase/zh_char_02/r_1p533333.png,bbcc1258bf8596b9ae88e435e5c54d0cad9898bdfabdbf52fbd7b84874b2d822,/home/karan/ocr_study/fonts/microsoft-jhenghei.ttf,0,27,16,24.533333333328,24,-0.5333333333279988,17,False,剪,"前
",剪,前,1,1,1.0,0.09062398599962762,ok,
zh_char_02,zh_tra,single_char,10,1.666666666667,bin_floor,1.0,1.0,1,canonical/zh_char_02/r_1p666667.png,27a84e9265b333c8353fd7ffe248e0b2969d060e774a41c1036f3059728e904e,resized/bin_floor/zh_char_02/r_1p666667.png,27a84e9265b333c8353fd7ffe248e0b2969d060e774a41c1036f3059728e904e,/home/karan/ocr_study/fonts/microsoft-jhenghei.ttf,0,30,16,26.666666666672,27,0.3333333333279995,27,False,剪,"前
",剪,前,1,1,1.0,0.09031410900024639,ok,
zh_char_02,zh_tra,single_char,10,1.666666666667,bin_ceil,2.0,2.0,2,canonical/zh_char_02/r_1p666667.png,27a84e9265b333c8353fd7ffe248e0b2969d060e774a41c1036f3059728e904e,resized/bin_ceil/zh_char_02/r_1p666667.png,2fffed9b81fc624464097d10c6e0db7d510a4876380d5032d4828b91c683f491,/home/karan/ocr_study/fonts/microsoft-jhenghei.ttf,0,30,16,26.666666666672,27,0.3333333333279995,14,False,剪,"前
",剪,前,1,1,1.0,0.09194726700025058,ok,
zh_char_02,zh_tra,single_char,10,1.666666666667,opencv_bilinear,1.68,1.68,,canonical/zh_char_02/r_1p666667.png,27a84e9265b333c8353fd7ffe248e0b2969d060e774a41c1036f3059728e904e,resized/opencv_bilinear/zh_char_02/r_1p666667.png,18c03e37d9d7833b1e06a2c37178de6a15d80319974a5b28ee0c4812e48c8052,/home/karan/ocr_study/fonts/microsoft-jhenghei.ttf,0,30,16,26.666666666672,27,0.3333333333279995,17,False,剪,"前
",剪,前,1,1,1.0,0.09487445499962632,ok,
zh_char_02,zh_tra,single_char,10,1.666666666667,lanczos2_7tap_16phase,1.68,1.68,,canonical/zh_char_02/r_1p666667.png,27a84e9265b333c8353fd7ffe248e0b2969d060e774a41c1036f3059728e904e,resized/lanczos2_7tap_16phase/zh_char_02/r_1p666667.png,df058ca04a2110ebc602de2a5cb636239ac21a2596f79424e91d0d37e8a4677c,/home/karan/ocr_study/fonts/microsoft-jhenghei.ttf,0,30,16,26.666666666672,27,0.3333333333279995,17,False,剪,"前
",剪,前,1,1,1.0,0.09602942600031383,ok,
zh_char_02,zh_tra,single_char,10,1.666666666667,lanczos3_7tap_16phase,1.68,1.68,,canonical/zh_char_02/r_1p666667.png,27a84e9265b333c8353fd7ffe248e0b2969d060e774a41c1036f3059728e904e,resized/lanczos3_7tap_16phase/zh_char_02/r_1p666667.png,fd20ac4ecfe1ad25f12605b955c40074a7acd26a8907c06f0ff01126a4ca6dde,/home/karan/ocr_study/fonts/microsoft-jhenghei.ttf,0,30,16,26.666666666672,27,0.3333333333279995,17,False,剪,"前
",剪,前,1,1,1.0,0.09099040000000969,ok,
zh_char_02,zh_tra,single_char,10,1.8,bin_floor,1.0,1.0,1,canonical/zh_char_02/r_1p800000.png,41734f72ff39a65dddcc196c36829aebbe62d118bac87edcba4c1358b15b8b21,resized/bin_floor/zh_char_02/r_1p800000.png,41734f72ff39a65dddcc196c36829aebbe62d118bac87edcba4c1358b15b8b21,/home/karan/ocr_study/fonts/microsoft-jhenghei.ttf,0,32,16,28.8,29,0.1999999999999993,29,False,剪,"前
",剪,前,1,1,1.0,0.09429683599955752,ok,
zh_char_02,zh_tra,single_char,10,1.8,bin_ceil,2.0,2.0,2,canonical/zh_char_02/r_1p800000.png,41734f72ff39a65dddcc196c36829aebbe62d118bac87edcba4c1358b15b8b21,resized/bin_ceil/zh_char_02/r_1p800000.png,438db3bbea6882d45037a8c2c757e524fa76ece0a969f4c168269fcf5aca8773,/home/karan/ocr_study/fonts/microsoft-jhenghei.ttf,0,32,16,28.8,29,0.1999999999999993,15,False,剪,"剪
",剪,剪,0,1,0.0,0.09035861599932105,ok,
zh_char_02,zh_tra,single_char,10,1.8,opencv_bilinear,1.8,1.8,,canonical/zh_char_02/r_1p800000.png,41734f72ff39a65dddcc196c36829aebbe62d118bac87edcba4c1358b15b8b21,resized/opencv_bilinear/zh_char_02/r_1p800000.png,5c63f406b3139d0dd8755a0180b792bb932b71f29e470103303082e5e007e74d,/home/karan/ocr_study/fonts/microsoft-jhenghei.ttf,0,32,16,28.8,29,0.1999999999999993,17,False,剪,"剪
",剪,剪,0,1,0.0,0.09419421899929148,ok,
zh_char_02,zh_tra,single_char,10,1.8,lanczos2_7tap_16phase,1.8,1.8,,canonical/zh_char_02/r_1p800000.png,41734f72ff39a65dddcc196c36829aebbe62d118bac87edcba4c1358b15b8b21,resized/lanczos2_7tap_16phase/zh_char_02/r_1p800000.png,7be4abdf00a8b491afb7fbc9e7086e18826bfac90e758b09ab286cb6a59ce82a,/home/karan/ocr_study/fonts/microsoft-jhenghei.ttf,0,32,16,28.8,29,0.1999999999999993,17,False,剪,"剪
",剪,剪,0,1,0.0,0.08878305399957753,ok,
zh_char_02,zh_tra,single_char,10,1.8,lanczos3_7tap_16phase,1.8,1.8,,canonical/zh_char_02/r_1p800000.png,41734f72ff39a65dddcc196c36829aebbe62d118bac87edcba4c1358b15b8b21,resized/lanczos3_7tap_16phase/zh_char_02/r_1p800000.png,b285fb90be14fdb1434e0a9b9e01ed357611eebf3b5808ebb16e63366e23ecb3,/home/karan/ocr_study/fonts/microsoft-jhenghei.ttf,0,32,16,28.8,29,0.1999999999999993,17,False,剪,"剪
",剪,剪,0,1,0.0,0.0892075930005376,ok,
zh_char_02,zh_tra,single_char,10,1.933333333333,bin_floor,1.0,1.0,1,canonical/zh_char_02/r_1p933333.png,ebc73eae88c52453598c536ce8b6203f551760573bbe0bdef016a8faf05dfbdc,resized/bin_floor/zh_char_02/r_1p933333.png,ebc73eae88c52453598c536ce8b6203f551760573bbe0bdef016a8faf05dfbdc,/home/karan/ocr_study/fonts/microsoft-jhenghei.ttf,0,34,16,30.933333333328,31,0.06666666667199905,31,False,剪,"前
",剪,前,1,1,1.0,0.09035800299989205,ok,
zh_char_02,zh_tra,single_char,10,1.933333333333,bin_ceil,2.0,2.0,2,canonical/zh_char_02/r_1p933333.png,ebc73eae88c52453598c536ce8b6203f551760573bbe0bdef016a8faf05dfbdc,resized/bin_ceil/zh_char_02/r_1p933333.png,231395366147e4b89f7fba6d5f039205d83ed37b7f1bee93913bd39435c4e075,/home/karan/ocr_study/fonts/microsoft-jhenghei.ttf,0,34,16,30.933333333328,31,0.06666666667199905,16,False,剪,"剪
",剪,剪,0,1,0.0,0.09211126399986824,ok,
zh_char_02,zh_tra,single_char,10,1.933333333333,opencv_bilinear,1.92,1.92,,canonical/zh_char_02/r_1p933333.png,ebc73eae88c52453598c536ce8b6203f551760573bbe0bdef016a8faf05dfbdc,resized/opencv_bilinear/zh_char_02/r_1p933333.png,1d807e31aad785b828050a5aaaf37a325fbd84f41b7439a8a5e7f787381d8d23,/home/karan/ocr_study/fonts/microsoft-jhenghei.ttf,0,34,16,30.933333333328,31,0.06666666667199905,17,False,剪,,剪,,1,1,1.0,0.09212611300063145,ok,
zh_char_02,zh_tra,single_char,10,1.933333333333,lanczos2_7tap_16phase,1.92,1.92,,canonical/zh_char_02/r_1p933333.png,ebc73eae88c52453598c536ce8b6203f551760573bbe0bdef016a8faf05dfbdc,resized/lanczos2_7tap_16phase/zh_char_02/r_1p933333.png,63e1258585f282c938d66c71488b3b4da0c5a77f3d29c6794b8ce36805873b74,/home/karan/ocr_study/fonts/microsoft-jhenghei.ttf,0,34,16,30.933333333328,31,0.06666666667199905,17,False,剪,"前
",剪,前,1,1,1.0,0.0900878720003675,ok,
zh_char_02,zh_tra,single_char,10,1.933333333333,lanczos3_7tap_16phase,1.92,1.92,,canonical/zh_char_02/r_1p933333.png,ebc73eae88c52453598c536ce8b6203f551760573bbe0bdef016a8faf05dfbdc,resized/lanczos3_7tap_16phase/zh_char_02/r_1p933333.png,623d9d26d678f7ab960a135da615d8652159d278c889974a5e500c8f9d6e200f,/home/karan/ocr_study/fonts/microsoft-jhenghei.ttf,0,34,16,30.933333333328,31,0.06666666667199905,17,False,剪,"前
",剪,前,1,1,1.0,0.08961668000029022,ok,
zh_char_02,zh_tra,single_char,10,2.066666666667,bin_floor,2.0,2.0,2,canonical/zh_char_02/r_2p066667.png,579216131f11132f26634384a11cdc2bb57180677ac22160fc122c7beac80669,resized/bin_floor/zh_char_02/r_2p066667.png,3dadd58662947d7ced77da3888771e096f81f1eadac17ea779e6824c09f1e4f9,/home/karan/ocr_study/fonts/microsoft-jhenghei.ttf,0,37,16,33.066666666672,33,-0.06666666667199905,17,False,剪,"剪
",剪,剪,0,1,0.0,0.08972714800074755,ok,
zh_char_02,zh_tra,single_char,10,2.066666666667,bin_ceil,3.0,3.0,3,canonical/zh_char_02/r_2p066667.png,579216131f11132f26634384a11cdc2bb57180677ac22160fc122c7beac80669,resized/bin_ceil/zh_char_02/r_2p066667.png,c14578e26e96994d0a60f87abf4b62142ea31eb1a7da8c1c4ab2f707f8884310,/home/karan/ocr_study/fonts/microsoft-jhenghei.ttf,0,37,16,33.066666666672,33,-0.06666666667199905,12,False,剪,"回
",剪,回,1,1,1.0,0.09274993399958475,ok,
zh_char_02,zh_tra,single_char,10,2.066666666667,opencv_bilinear,2.076923076923077,2.076923076923077,,canonical/zh_char_02/r_2p066667.png,579216131f11132f26634384a11cdc2bb57180677ac22160fc122c7beac80669,resized/opencv_bilinear/zh_char_02/r_2p066667.png,63aac52f879de72a4e35f33fa10d22b47ba119b89f0e145430261b1d8771e1d7,/home/karan/ocr_study/fonts/microsoft-jhenghei.ttf,0,37,16,33.066666666672,33,-0.06666666667199905,16,False,剪,"剪
",剪,剪,0,1,0.0,0.09066937499937922,ok,
zh_char_02,zh_tra,single_char,10,2.066666666667,lanczos2_7tap_16phase,2.076923076923077,2.076923076923077,,canonical/zh_char_02/r_2p066667.png,579216131f11132f26634384a11cdc2bb57180677ac22160fc122c7beac80669,resized/lanczos2_7tap_16phase/zh_char_02/r_2p066667.png,661eaa7af2e40374813bb44a847b3e9d3a5b3b6567535f78d8e68a3f7aeab191,/home/karan/ocr_study/fonts/microsoft-jhenghei.ttf,0,37,16,33.066666666672,33,-0.06666666667199905,17,False,剪,"剪
",剪,剪,0,1,0.0,0.08829932899971027,ok,
zh_char_02,zh_tra,single_char,10,2.066666666667,lanczos3_7tap_16phase,2.076923076923077,2.076923076923077,,canonical/zh_char_02/r_2p066667.png,579216131f11132f26634384a11cdc2bb57180677ac22160fc122c7beac80669,resized/lanczos3_7tap_16phase/zh_char_02/r_2p066667.png,20521b9d91931ea88569826f42b72fcdc52cac30cc71d6ce6dcd2b0a9416b46d,/home/karan/ocr_study/fonts/microsoft-jhenghei.ttf,0,37,16,33.066666666672,33,-0.06666666667199905,17,False,剪,"剪
",剪,剪,0,1,0.0,0.09310312499928841,ok,
zh_char_02,zh_tra,single_char,10,2.2,bin_floor,2.0,2.0,2,canonical/zh_char_02/r_2p200000.png,6d5b406d6691628771a5a4b290735d3efde6e7d48b64cbe5fabd0dfe4af3c916,resized/bin_floor/zh_char_02/r_2p200000.png,c12566ede2ee086cf0e1ff3d20295952751d57875f6f816ca9ce8883abbca0d2,/home/karan/ocr_study/fonts/microsoft-jhenghei.ttf,0,40,16,35.2,35,-0.20000000000000284,18,False,剪,"前
",剪,前,1,1,1.0,0.09978952100027527,ok,
zh_char_02,zh_tra,single_char,10,2.2,bin_ceil,3.0,3.0,3,canonical/zh_char_02/r_2p200000.png,6d5b406d6691628771a5a4b290735d3efde6e7d48b64cbe5fabd0dfe4af3c916,resized/bin_ceil/zh_char_02/r_2p200000.png,a349fbfb3491b248da6fdc0939ab892852833963a1049397151c8b256e44fc63,/home/karan/ocr_study/fonts/microsoft-jhenghei.ttf,0,40,16,35.2,35,-0.20000000000000284,12,False,剪,"剪
",剪,剪,0,1,0.0,0.09713312900021265,ok,
zh_char_02,zh_tra,single_char,10,2.2,opencv_bilinear,2.1923076923076925,2.1923076923076925,,canonical/zh_char_02/r_2p200000.png,6d5b406d6691628771a5a4b290735d3efde6e7d48b64cbe5fabd0dfe4af3c916,resized/opencv_bilinear/zh_char_02/r_2p200000.png,ebbf4d4c6fb7cfe66955aa18ffd6391e4196e084c28f3eba5ebed3aa61b52e0a,/home/karan/ocr_study/fonts/microsoft-jhenghei.ttf,0,40,16,35.2,35,-0.20000000000000284,16,False,剪,"剪
",剪,剪,0,1,0.0,0.08994530399922951,ok,
zh_char_02,zh_tra,single_char,10,2.2,lanczos2_7tap_16phase,2.1923076923076925,2.1923076923076925,,canonical/zh_char_02/r_2p200000.png,6d5b406d6691628771a5a4b290735d3efde6e7d48b64cbe5fabd0dfe4af3c916,resized/lanczos2_7tap_16phase/zh_char_02/r_2p200000.png,c063a5d03fcf0e34df5db835ba114c52e04cd099a322f47155512f301a1ebb53,/home/karan/ocr_study/fonts/microsoft-jhenghei.ttf,0,40,16,35.2,35,-0.20000000000000284,17,False,剪,"剪
",剪,剪,0,1,0.0,0.08706870800051547,ok,
zh_char_02,zh_tra,single_char,10,2.2,lanczos3_7tap_16phase,2.1923076923076925,2.1923076923076925,,canonical/zh_char_02/r_2p200000.png,6d5b406d6691628771a5a4b290735d3efde6e7d48b64cbe5fabd0dfe4af3c916,resized/lanczos3_7tap_16phase/zh_char_02/r_2p200000.png,a535c6ad4332acac5537f891fe82e3a61d331e8145dd5d88d2f1841d0591fae0,/home/karan/ocr_study/fonts/microsoft-jhenghei.ttf,0,40,16,35.2,35,-0.20000000000000284,17,False,剪,"剪
",剪,剪,0,1,0.0,0.08741500399992219,ok,
zh_char_02,zh_tra,single_char,10,2.333333333333,bin_floor,2.0,2.0,2,canonical/zh_char_02/r_2p333333.png,e7056422610a08594b928015c9bb47cf50d75e57e6f79ddb5c8e3015c29890b1,resized/bin_floor/zh_char_02/r_2p333333.png,9fc717074598b6e194914d5d477af124b4b3f07b421f4f4e2fc1d4aa26801d81,/home/karan/ocr_study/fonts/microsoft-jhenghei.ttf,0,41,16,37.333333333328,37,-0.3333333333279995,19,False,剪,"剪
",剪,剪,0,1,0.0,0.08735898400027509,ok,
zh_char_02,zh_tra,single_char,10,2.333333333333,bin_ceil,3.0,3.0,3,canonical/zh_char_02/r_2p333333.png,e7056422610a08594b928015c9bb47cf50d75e57e6f79ddb5c8e3015c29890b1,resized/bin_ceil/zh_char_02/r_2p333333.png,4677d54cf727bfefb94eba596068ef804e86a919cdad704dbe9200509bab0868,/home/karan/ocr_study/fonts/microsoft-jhenghei.ttf,0,41,16,37.333333333328,37,-0.3333333333279995,13,False,剪,"前
",剪,前,1,1,1.0,0.08876499899997725,ok,
zh_char_02,zh_tra,single_char,10,2.333333333333,opencv_bilinear,2.3529411764705883,2.3529411764705883,,canonical/zh_char_02/r_2p333333.png,e7056422610a08594b928015c9bb47cf50d75e57e6f79ddb5c8e3015c29890b1,resized/opencv_bilinear/zh_char_02/r_2p333333.png,942a27c9c1482b123694bfa9c93de6149d9b4c53be403303e91e70d4b397ed64,/home/karan/ocr_study/fonts/microsoft-jhenghei.ttf,0,41,16,37.333333333328,37,-0.3333333333279995,16,False,剪,"剪
",剪,剪,0,1,0.0,0.09156086800066987,ok,
zh_char_02,zh_tra,single_char,10,2.333333333333,lanczos2_7tap_16phase,2.3529411764705883,2.3529411764705883,,canonical/zh_char_02/r_2p333333.png,e7056422610a08594b928015c9bb47cf50d75e57e6f79ddb5c8e3015c29890b1,resized/lanczos2_7tap_16phase/zh_char_02/r_2p333333.png,9b46299e26a22e337ad9925ce1acdd61bb680b72b651b414073fa2d825e94233,/home/karan/ocr_study/fonts/microsoft-jhenghei.ttf,0,41,16,37.333333333328,37,-0.3333333333279995,17,False,剪,"前
",剪,前,1,1,1.0,0.08855601399955049,ok,
zh_char_02,zh_tra,single_char,10,2.333333333333,lanczos3_7tap_16phase,2.3529411764705883,2.3529411764705883,,canonical/zh_char_02/r_2p333333.png,e7056422610a08594b928015c9bb47cf50d75e57e6f79ddb5c8e3015c29890b1,resized/lanczos3_7tap_16phase/zh_char_02/r_2p333333.png,e830022fdfe7da48ab138c1f504149eb19cc9f232bed753bc1d56b1bef1db697,/home/karan/ocr_study/fonts/microsoft-jhenghei.ttf,0,41,16,37.333333333328,37,-0.3333333333279995,17,False,剪,"前
",剪,前,1,1,1.0,0.088152259000708,ok,
zh_char_02,zh_tra,single_char,10,2.466666666667,bin_floor,2.0,2.0,2,canonical/zh_char_02/r_2p466667.png,aae9ef236555956f53c9de8c3caa39f892f71a3802338b0c173e6dbb0c77f8e9,resized/bin_floor/zh_char_02/r_2p466667.png,5389f5d58afdf1afdf55efc7bec26cdbbffb3b5f70e5c0318f35c5ac45083efd,/home/karan/ocr_study/fonts/microsoft-jhenghei.ttf,0,44,16,39.466666666672,39,-0.46666666667199763,20,False,剪,"剪
",剪,剪,0,1,0.0,0.0878406649999306,ok,
zh_char_02,zh_tra,single_char,10,2.466666666667,bin_ceil,3.0,3.0,3,canonical/zh_char_02/r_2p466667.png,aae9ef236555956f53c9de8c3caa39f892f71a3802338b0c173e6dbb0c77f8e9,resized/bin_ceil/zh_char_02/r_2p466667.png,178991cd8eca5ad0bf3293cb0fae5468c45715cd92d93861d93e375f0187e7b8,/home/karan/ocr_study/fonts/microsoft-jhenghei.ttf,0,44,16,39.466666666672,39,-0.46666666667199763,14,False,剪,"前
",剪,前,1,1,1.0,0.08828433200051222,ok,
zh_char_02,zh_tra,single_char,10,2.466666666667,opencv_bilinear,2.4705882352941178,2.4705882352941178,,canonical/zh_char_02/r_2p466667.png,aae9ef236555956f53c9de8c3caa39f892f71a3802338b0c173e6dbb0c77f8e9,resized/opencv_bilinear/zh_char_02/r_2p466667.png,13a2a688353a6ae7016ae951474a2ab0bdf439c60791c90f762fd1c4757167ff,/home/karan/ocr_study/fonts/microsoft-jhenghei.ttf,0,44,16,39.466666666672,39,-0.46666666667199763,16,False,剪,"剪
",剪,剪,0,1,0.0,0.08771100899957673,ok,
zh_char_02,zh_tra,single_char,10,2.466666666667,lanczos2_7tap_16phase,2.4705882352941178,2.4705882352941178,,canonical/zh_char_02/r_2p466667.png,aae9ef236555956f53c9de8c3caa39f892f71a3802338b0c173e6dbb0c77f8e9,resized/lanczos2_7tap_16phase/zh_char_02/r_2p466667.png,1da14c9070fa9c391fdb0d175200e0fa068b7e70592387e0a01fe87f2fabaa27,/home/karan/ocr_study/fonts/microsoft-jhenghei.ttf,0,44,16,39.466666666672,39,-0.46666666667199763,17,False,剪,"剪
",剪,剪,0,1,0.0,0.09027329599939549,ok,
zh_char_02,zh_tra,single_char,10,2.466666666667,lanczos3_7tap_16phase,2.4705882352941178,2.4705882352941178,,canonical/zh_char_02/r_2p466667.png,aae9ef236555956f53c9de8c3caa39f892f71a3802338b0c173e6dbb0c77f8e9,resized/lanczos3_7tap_16phase/zh_char_02/r_2p466667.png,5a81e3f6aabb2700594ff66169066d30697efb67a1d34ca6c9c95867cbcecde9,/home/karan/ocr_study/fonts/microsoft-jhenghei.ttf,0,44,16,39.466666666672,39,-0.46666666667199763,17,False,剪,"前
",剪,前,1,1,1.0,0.0886165619995154,ok,
zh_char_02,zh_tra,single_char,10,2.6,bin_floor,2.0,2.0,2,canonical/zh_char_02/r_2p600000.png,6da545d682542e32b43b784ca378077c227481b58c9b3a9766449ad846a70a11,resized/bin_floor/zh_char_02/r_2p600000.png,79e3eabd31fa4848e14aec1f99f4ded4296d414e96121c429146b0a7508ad042,/home/karan/ocr_study/fonts/microsoft-jhenghei.ttf,0,47,16,41.6,42,0.3999999999999986,22,False,剪,"剪
",剪,剪,0,1,0.0,0.0860896230005892,ok,
zh_char_02,zh_tra,single_char,10,2.6,bin_ceil,3.0,3.0,3,canonical/zh_char_02/r_2p600000.png,6da545d682542e32b43b784ca378077c227481b58c9b3a9766449ad846a70a11,resized/bin_ceil/zh_char_02/r_2p600000.png,43c5e2850c66fc1fd002dccbc02360637f84a421b1c392f1d3653680c01704d4,/home/karan/ocr_study/fonts/microsoft-jhenghei.ttf,0,47,16,41.6,42,0.3999999999999986,14,False,剪,"生
",剪,生,1,1,1.0,0.09789887399983854,ok,
zh_char_02,zh_tra,single_char,10,2.6,opencv_bilinear,2.588235294117647,2.588235294117647,,canonical/zh_char_02/r_2p600000.png,6da545d682542e32b43b784ca378077c227481b58c9b3a9766449ad846a70a11,resized/opencv_bilinear/zh_char_02/r_2p600000.png,cd39bf9625a8d73009671efafcdca354cad052efd9afb6bc44b6664fc0b08c3e,/home/karan/ocr_study/fonts/microsoft-jhenghei.ttf,0,47,16,41.6,42,0.3999999999999986,17,False,剪,"剪
",剪,剪,0,1,0.0,0.08704092199968727,ok,
zh_char_02,zh_tra,single_char,10,2.6,lanczos2_7tap_16phase,2.588235294117647,2.588235294117647,,canonical/zh_char_02/r_2p600000.png,6da545d682542e32b43b784ca378077c227481b58c9b3a9766449ad846a70a11,resized/lanczos2_7tap_16phase/zh_char_02/r_2p600000.png,3c46e768c5be2a39bd21423ed838f4054794672df8534c17d49cedb3b6662bda,/home/karan/ocr_study/fonts/microsoft-jhenghei.ttf,0,47,16,41.6,42,0.3999999999999986,17,False,剪,"前
",剪,前,1,1,1.0,0.08932826299951557,ok,
zh_char_02,zh_tra,single_char,10,2.6,lanczos3_7tap_16phase,2.588235294117647,2.588235294117647,,canonical/zh_char_02/r_2p600000.png,6da545d682542e32b43b784ca378077c227481b58c9b3a9766449ad846a70a11,resized/lanczos3_7tap_16phase/zh_char_02/r_2p600000.png,f1f5edd92e26f5460e6a59ddf3b53ab02b8bb012f373441152193fb03bd0f5bc,/home/karan/ocr_study/fonts/microsoft-jhenghei.ttf,0,47,16,41.6,42,0.3999999999999986,17,False,剪,"前
",剪,前,1,1,1.0,0.09291450300042925,ok,
zh_char_02,zh_tra,single_char,10,2.625,bin_floor,2.0,2.0,2,canonical/zh_char_02/r_2p625000.png,6da545d682542e32b43b784ca378077c227481b58c9b3a9766449ad846a70a11,resized/bin_floor/zh_char_02/r_2p625000.png,79e3eabd31fa4848e14aec1f99f4ded4296d414e96121c429146b0a7508ad042,/home/karan/ocr_study/fonts/microsoft-jhenghei.ttf,0,47,16,42.0,42,0.0,22,False,剪,"剪
",剪,剪,0,1,0.0,0.08793520000017452,ok,
zh_char_02,zh_tra,single_char,10,2.625,bin_ceil,3.0,3.0,3,canonical/zh_char_02/r_2p625000.png,6da545d682542e32b43b784ca378077c227481b58c9b3a9766449ad846a70a11,resized/bin_ceil/zh_char_02/r_2p625000.png,43c5e2850c66fc1fd002dccbc02360637f84a421b1c392f1d3653680c01704d4,/home/karan/ocr_study/fonts/microsoft-jhenghei.ttf,0,47,16,42.0,42,0.0,14,False,剪,"生
",剪,生,1,1,1.0,0.10441922500012879,ok,
zh_char_02,zh_tra,single_char,10,2.625,opencv_bilinear,2.64,2.64,,canonical/zh_char_02/r_2p625000.png,6da545d682542e32b43b784ca378077c227481b58c9b3a9766449ad846a70a11,resized/opencv_bilinear/zh_char_02/r_2p625000.png,9c80ebbf3fe2eb189976dd08e97453aea4e11be7a3e1f249cb969886e9cd29a4,/home/karan/ocr_study/fonts/microsoft-jhenghei.ttf,0,47,16,42.0,42,0.0,16,False,剪,"剪
",剪,剪,0,1,0.0,0.08980493499984732,ok,
zh_char_02,zh_tra,single_char,10,2.625,lanczos2_7tap_16phase,2.64,2.64,,canonical/zh_char_02/r_2p625000.png,6da545d682542e32b43b784ca378077c227481b58c9b3a9766449ad846a70a11,resized/lanczos2_7tap_16phase/zh_char_02/r_2p625000.png,47f25f12a7c4ef3a0f7c8ac134a9d9bc6f2f8bb1113d1f872611b5f8f271f23c,/home/karan/ocr_study/fonts/microsoft-jhenghei.ttf,0,47,16,42.0,42,0.0,16,False,剪,"剪
",剪,剪,0,1,0.0,0.08924038400073186,ok,
zh_char_02,zh_tra,single_char,10,2.625,lanczos3_7tap_16phase,2.64,2.64,,canonical/zh_char_02/r_2p625000.png,6da545d682542e32b43b784ca378077c227481b58c9b3a9766449ad846a70a11,resized/lanczos3_7tap_16phase/zh_char_02/r_2p625000.png,f8d23de1425d90c26278c299f60c35b52376bd72747e8167ebdb367891224b01,/home/karan/ocr_study/fonts/microsoft-jhenghei.ttf,0,47,16,42.0,42,0.0,18,True,剪,"剪
",剪,剪,0,1,0.0,0.09304157199949259,ok,
zh_char_02,zh_tra,single_char,10,2.733333333333,bin_floor,2.0,2.0,2,canonical/zh_char_02/r_2p733333.png,0928831919538f08852d3d92e8c512a0c16f3347abe12aced3e6031110a82883,resized/bin_floor/zh_char_02/r_2p733333.png,5403e23d67301bdfc2f554b47a1b8e4a5d48551e8729d90ddacd44edee027f47,/home/karan/ocr_study/fonts/microsoft-jhenghei.ttf,0,48,16,43.733333333328,43,-0.7333333333279981,22,False,剪,"前
",剪,前,1,1,1.0,0.08739013699960196,ok,
zh_char_02,zh_tra,single_char,10,2.733333333333,bin_ceil,3.0,3.0,3,canonical/zh_char_02/r_2p733333.png,0928831919538f08852d3d92e8c512a0c16f3347abe12aced3e6031110a82883,resized/bin_ceil/zh_char_02/r_2p733333.png,196aa2c572014d979eb5f191be58fee83865fdbfd726b8f41f2ec4b02c162cb0,/home/karan/ocr_study/fonts/microsoft-jhenghei.ttf,0,48,16,43.733333333328,43,-0.7333333333279981,15,False,剪,"剪
",剪,剪,0,1,0.0,0.09069112499946641,ok,
zh_char_02,zh_tra,single_char,10,2.733333333333,opencv_bilinear,2.76,2.76,,canonical/zh_char_02/r_2p733333.png,0928831919538f08852d3d92e8c512a0c16f3347abe12aced3e6031110a82883,resized/opencv_bilinear/zh_char_02/r_2p733333.png,e2a20e90cbb7cc9603b4ae67117b955e3543622695e871e649b59e6c75976e83,/home/karan/ocr_study/fonts/microsoft-jhenghei.ttf,0,48,16,43.733333333328,43,-0.7333333333279981,16,False,剪,"剪
",剪,剪,0,1,0.0,0.09039253499940969,ok,
zh_char_02,zh_tra,single_char,10,2.733333333333,lanczos2_7tap_16phase,2.76,2.76,,canonical/zh_char_02/r_2p733333.png,0928831919538f08852d3d92e8c512a0c16f3347abe12aced3e6031110a82883,resized/lanczos2_7tap_16phase/zh_char_02/r_2p733333.png,14e5e6bf6c012a9a6bf691f12cef6df04dae7faf8d4b6e71a9de2e3b28905bd7,/home/karan/ocr_study/fonts/microsoft-jhenghei.ttf,0,48,16,43.733333333328,43,-0.7333333333279981,16,False,剪,"剪
",剪,剪,0,1,0.0,0.08770749099949171,ok,
zh_char_02,zh_tra,single_char,10,2.733333333333,lanczos3_7tap_16phase,2.76,2.76,,canonical/zh_char_02/r_2p733333.png,0928831919538f08852d3d92e8c512a0c16f3347abe12aced3e6031110a82883,resized/lanczos3_7tap_16phase/zh_char_02/r_2p733333.png,ebc512c57978624abef0ebb1d21be3a8b18b9b16a9add3760f6fdbfcad427636,/home/karan/ocr_study/fonts/microsoft-jhenghei.ttf,0,48,16,43.733333333328,43,-0.7333333333279981,17,False,剪,"前
",剪,前,1,1,1.0,0.08823359699999855,ok,
zh_char_02,zh_tra,single_char,10,2.866666666667,bin_floor,2.0,2.0,2,canonical/zh_char_02/r_2p866667.png,67e6994b8ceb7f28754cd8fe915cd08dcbc60a71275a71c92ab7d44f142315da,resized/bin_floor/zh_char_02/r_2p866667.png,c36998f8b0b09491b680464c02864b970799ea27aa4670f928abeeb270d8c9c6,/home/karan/ocr_study/fonts/microsoft-jhenghei.ttf,0,51,16,45.866666666672,46,0.13333333332799668,24,False,剪,"剪
",剪,剪,0,1,0.0,0.08819006699923193,ok,
zh_char_02,zh_tra,single_char,10,2.866666666667,bin_ceil,3.0,3.0,3,canonical/zh_char_02/r_2p866667.png,67e6994b8ceb7f28754cd8fe915cd08dcbc60a71275a71c92ab7d44f142315da,resized/bin_ceil/zh_char_02/r_2p866667.png,65fa4b47760704a3626cd75098c0f257872a044555a340d3d89e705b2f9e519a,/home/karan/ocr_study/fonts/microsoft-jhenghei.ttf,0,51,16,45.866666666672,46,0.13333333332799668,16,False,剪,"前
",剪,前,1,1,1.0,0.09631933800028492,ok,
zh_char_02,zh_tra,single_char,10,2.866666666667,opencv_bilinear,2.88,2.88,,canonical/zh_char_02/r_2p866667.png,67e6994b8ceb7f28754cd8fe915cd08dcbc60a71275a71c92ab7d44f142315da,resized/opencv_bilinear/zh_char_02/r_2p866667.png,dcff3fd172ed004d64bc6dfe28ee6030ff9bffdd63868631f7b0e2a8c1429722,/home/karan/ocr_study/fonts/microsoft-jhenghei.ttf,0,51,16,45.866666666672,46,0.13333333332799668,16,False,剪,"剪
",剪,剪,0,1,0.0,0.0923807819999638,ok,
zh_char_02,zh_tra,single_char,10,2.866666666667,lanczos2_7tap_16phase,2.88,2.88,,canonical/zh_char_02/r_2p866667.png,67e6994b8ceb7f28754cd8fe915cd08dcbc60a71275a71c92ab7d44f142315da,resized/lanczos2_7tap_16phase/zh_char_02/r_2p866667.png,103827df0bb655fb7b32ed762c751d425bf09bbd4c860dfa9241a38739ce9419,/home/karan/ocr_study/fonts/microsoft-jhenghei.ttf,0,51,16,45.866666666672,46,0.13333333332799668,16,False,剪,"剪
",剪,剪,0,1,0.0,0.08683374500014907,ok,
zh_char_02,zh_tra,single_char,10,2.866666666667,lanczos3_7tap_16phase,2.88,2.88,,canonical/zh_char_02/r_2p866667.png,67e6994b8ceb7f28754cd8fe915cd08dcbc60a71275a71c92ab7d44f142315da,resized/lanczos3_7tap_16phase/zh_char_02/r_2p866667.png,ac635f0d2b5de11eff2661f2eeeffbe7045b235549dcb4fd25752485ddda864a,/home/karan/ocr_study/fonts/microsoft-jhenghei.ttf,0,51,16,45.866666666672,46,0.13333333332799668,18,True,剪,"剪
",剪,剪,0,1,0.0,0.09037204200012638,ok,
zh_char_02,zh_tra,single_char,10,3.0,bin_floor,3.0,3.0,3,canonical/zh_char_02/r_3p000000.png,ee79b1575b5182183f47d1562f757eaf60a7568f281297fa55d7cf21c826db85,resized/bin_floor/zh_char_02/r_3p000000.png,1ec8118c6f8130d82cb55fd8c8a8607f829239a46139640a16a294356db840e9,/home/karan/ocr_study/fonts/microsoft-jhenghei.ttf,0,54,16,48.0,48,0.0,16,False,剪,"剪
",剪,剪,0,1,0.0,0.10151228399990941,ok,
zh_char_02,zh_tra,single_char,10,3.0,bin_ceil,3.0,3.0,3,canonical/zh_char_02/r_3p000000.png,ee79b1575b5182183f47d1562f757eaf60a7568f281297fa55d7cf21c826db85,resized/bin_ceil/zh_char_02/r_3p000000.png,1ec8118c6f8130d82cb55fd8c8a8607f829239a46139640a16a294356db840e9,/home/karan/ocr_study/fonts/microsoft-jhenghei.ttf,0,54,16,48.0,48,0.0,16,False,剪,"剪
",剪,剪,0,1,0.0,0.09117298199998913,ok,
zh_char_02,zh_tra,single_char,10,3.0,opencv_bilinear,3.0,3.0,,canonical/zh_char_02/r_3p000000.png,ee79b1575b5182183f47d1562f757eaf60a7568f281297fa55d7cf21c826db85,resized/opencv_bilinear/zh_char_02/r_3p000000.png,1156c51a95b3668b78904c4f3219f8817c83f1e7cc7489e157a323959d7968c6,/home/karan/ocr_study/fonts/microsoft-jhenghei.ttf,0,54,16,48.0,48,0.0,16,False,剪,"剪
",剪,剪,0,1,0.0,0.09253536800042639,ok,
zh_char_02,zh_tra,single_char,10,3.0,lanczos2_7tap_16phase,3.0,3.0,,canonical/zh_char_02/r_3p000000.png,ee79b1575b5182183f47d1562f757eaf60a7568f281297fa55d7cf21c826db85,resized/lanczos2_7tap_16phase/zh_char_02/r_3p000000.png,34a942298e5aa6f47e9e07afab8c6456e09f51c48c3db0e59c15328ba2014e9f,/home/karan/ocr_study/fonts/microsoft-jhenghei.ttf,0,54,16,48.0,48,0.0,16,False,剪,"剪
",剪,剪,0,1,0.0,0.09480710099978751,ok,
zh_char_02,zh_tra,single_char,10,3.0,lanczos3_7tap_16phase,3.0,3.0,,canonical/zh_char_02/r_3p000000.png,ee79b1575b5182183f47d1562f757eaf60a7568f281297fa55d7cf21c826db85,resized/lanczos3_7tap_16phase/zh_char_02/r_3p000000.png,b1946b3a27c38f5278aedd89e8ce1c7efd5001e2028654f75305f5f3e7a26f37,/home/karan/ocr_study/fonts/microsoft-jhenghei.ttf,0,54,16,48.0,48,0.0,18,True,剪,"前
",剪,前,1,1,1.0,0.09573519700006727,ok,
zh_line_01,zh_tra,single_line,7,1.0,bin_floor,1.0,1.0,1,canonical/zh_line_01/r_1p000000.png,653e085c8f411b5f5674125b4c512994ad04d11505466deb98818d5727e36498,resized/bin_floor/zh_line_01/r_1p000000.png,653e085c8f411b5f5674125b4c512994ad04d11505466deb98818d5727e36498,/home/karan/ocr_study/fonts/microsoft-jhenghei.ttf,0,17,16,16.0,16,0.0,16,False,做假停偷側推售問,"做假停偷側推售問
",做假停偷側推售問,做假停偷側推售問,0,8,0.0,0.10431357700053923,ok,
zh_line_01,zh_tra,single_line,7,1.0,bin_ceil,1.0,1.0,1,canonical/zh_line_01/r_1p000000.png,653e085c8f411b5f5674125b4c512994ad04d11505466deb98818d5727e36498,resized/bin_ceil/zh_line_01/r_1p000000.png,653e085c8f411b5f5674125b4c512994ad04d11505466deb98818d5727e36498,/home/karan/ocr_study/fonts/microsoft-jhenghei.ttf,0,17,16,16.0,16,0.0,16,False,做假停偷側推售問,"做假停偷側推售問
",做假停偷側推售問,做假停偷側推售問,0,8,0.0,0.10121262800021213,ok,
zh_line_01,zh_tra,single_line,7,1.0,opencv_bilinear,1.0,1.0,,canonical/zh_line_01/r_1p000000.png,653e085c8f411b5f5674125b4c512994ad04d11505466deb98818d5727e36498,resized/opencv_bilinear/zh_line_01/r_1p000000.png,653e085c8f411b5f5674125b4c512994ad04d11505466deb98818d5727e36498,/home/karan/ocr_study/fonts/microsoft-jhenghei.ttf,0,17,16,16.0,16,0.0,16,False,做假停偷側推售問,"做假停偷側推售問
",做假停偷側推售問,做假停偷側推售問,0,8,0.0,0.09772582799996599,ok,
zh_line_01,zh_tra,single_line,7,1.0,lanczos2_7tap_16phase,1.0,1.0,,canonical/zh_line_01/r_1p000000.png,653e085c8f411b5f5674125b4c512994ad04d11505466deb98818d5727e36498,resized/lanczos2_7tap_16phase/zh_line_01/r_1p000000.png,653e085c8f411b5f5674125b4c512994ad04d11505466deb98818d5727e36498,/home/karan/ocr_study/fonts/microsoft-jhenghei.ttf,0,17,16,16.0,16,0.0,16,False,做假停偷側推售問,"做假停偷側推售問
",做假停偷側推售問,做假停偷側推售問,0,8,0.0,0.09709378900060983,ok,
zh_line_01,zh_tra,single_line,7,1.0,lanczos3_7tap_16phase,1.0,1.0,,canonical/zh_line_01/r_1p000000.png,653e085c8f411b5f5674125b4c512994ad04d11505466deb98818d5727e36498,resized/lanczos3_7tap_16phase/zh_line_01/r_1p000000.png,653e085c8f411b5f5674125b4c512994ad04d11505466deb98818d5727e36498,/home/karan/ocr_study/fonts/microsoft-jhenghei.ttf,0,17,16,16.0,16,0.0,16,False,做假停偷側推售問,"做假停偷側推售問
",做假停偷側推售問,做假停偷側推售問,0,8,0.0,0.09999245899962261,ok,
zh_line_01,zh_tra,single_line,7,1.133333333333,bin_floor,1.0,1.0,1,canonical/zh_line_01/r_1p133333.png,4815a82a4cb6bb32f8c4f6e1b23221561fb9aec0eabdffd345b2928f186e7890,resized/bin_floor/zh_line_01/r_1p133333.png,4815a82a4cb6bb32f8c4f6e1b23221561fb9aec0eabdffd345b2928f186e7890,/home/karan/ocr_study/fonts/microsoft-jhenghei.ttf,0,20,16,18.133333333328,18,-0.13333333332800024,18,False,做假停偷側推售問,"做假停偷側推售問
",做假停偷側推售問,做假停偷側推售問,0,8,0.0,0.0983937959999821,ok,
zh_line_01,zh_tra,single_line,7,1.133333333333,bin_ceil,2.0,2.0,2,canonical/zh_line_01/r_1p133333.png,4815a82a4cb6bb32f8c4f6e1b23221561fb9aec0eabdffd345b2928f186e7890,resized/bin_ceil/zh_line_01/r_1p133333.png,46ce959f42b03c1ca970332991fbc227b7908edd66300ef84592b77cfe9b5357,/home/karan/ocr_study/fonts/microsoft-jhenghei.ttf,0,20,16,18.133333333328,18,-0.13333333332800024,9,False,做假停偷側推售問,"全條停倫仙推信問
",做假停偷側推售問,全條停倫仙推信問,5,8,0.625,0.10620203700000275,ok,
zh_line_01,zh_tra,single_line,7,1.133333333333,opencv_bilinear,1.1314285714285715,1.1314285714285715,,canonical/zh_line_01/r_1p133333.png,4815a82a4cb6bb32f8c4f6e1b23221561fb9aec0eabdffd345b2928f186e7890,resized/opencv_bilinear/zh_line_01/r_1p133333.png,f09bbe57c4d21f87b4156618466d02136f4acfefa244de0c7dbb4119c3e02b0e,/home/karan/ocr_study/fonts/microsoft-jhenghei.ttf,0,20,16,18.133333333328,18,-0.13333333332800024,17,False,做假停偷側推售問,"做假停偷側推售問
",做假停偷側推售問,做假停偷側推售問,0,8,0.0,0.09784912400027679,ok,
zh_line_01,zh_tra,single_line,7,1.133333333333,lanczos2_7tap_16phase,1.1314285714285715,1.1314285714285715,,canonical/zh_line_01/r_1p133333.png,4815a82a4cb6bb32f8c4f6e1b23221561fb9aec0eabdffd345b2928f186e7890,resized/lanczos2_7tap_16phase/zh_line_01/r_1p133333.png,95402acbd9bf822f7ec76fdcd51a420b95e684020ca8249b4c75bbfb8b9982f7,/home/karan/ocr_study/fonts/microsoft-jhenghei.ttf,0,20,16,18.133333333328,18,-0.13333333332800024,17,False,做假停偷側推售問,"做假停偷側推售問
",做假停偷側推售問,做假停偷側推售問,0,8,0.0,0.09658883000065543,ok,
zh_line_01,zh_tra,single_line,7,1.133333333333,lanczos3_7tap_16phase,1.1314285714285715,1.1314285714285715,,canonical/zh_line_01/r_1p133333.png,4815a82a4cb6bb32f8c4f6e1b23221561fb9aec0eabdffd345b2928f186e7890,resized/lanczos3_7tap_16phase/zh_line_01/r_1p133333.png,9277086be5fa0e4cc6fd86b9a51c54c421d160aeffdc160100ea0435c7424152,/home/karan/ocr_study/fonts/microsoft-jhenghei.ttf,0,20,16,18.133333333328,18,-0.13333333332800024,17,False,做假停偷側推售問,"做假停偷側推售問
",做假停偷側推售問,做假停偷側推售問,0,8,0.0,0.09801434299970424,ok,
zh_line_01,zh_tra,single_line,7,1.266666666667,bin_floor,1.0,1.0,1,canonical/zh_line_01/r_1p266667.png,dc5c8661b9f95b1cffc6f34c7852b983d214ab0c864270f93e79665fd0dcc6ca,resized/bin_floor/zh_line_01/r_1p266667.png,dc5c8661b9f95b1cffc6f34c7852b983d214ab0c864270f93e79665fd0dcc6ca,/home/karan/ocr_study/fonts/microsoft-jhenghei.ttf,0,22,16,20.266666666672,20,-0.26666666667199834,20,False,做假停偷側推售問,"做假停偷側推售問
",做假停偷側推售問,做假停偷側推售問,0,8,0.0,0.09921656300048198,ok,
zh_line_01,zh_tra,single_line,7,1.266666666667,bin_ceil,2.0,2.0,2,canonical/zh_line_01/r_1p266667.png,dc5c8661b9f95b1cffc6f34c7852b983d214ab0c864270f93e79665fd0dcc6ca,resized/bin_ceil/zh_line_01/r_1p266667.png,218303491acabf48077726beb4b0986db7158444ef98fdf573583c385664a19c,/home/karan/ocr_study/fonts/microsoft-jhenghei.ttf,0,22,16,20.266666666672,20,-0.26666666667199834,10,False,做假停偷側推售問,"仙名停卻抽推間
",做假停偷側推售問,仙名停卻抽推間,6,8,0.75,0.11046874100065907,ok,
zh_line_01,zh_tra,single_line,7,1.266666666667,opencv_bilinear,1.263157894736842,1.263157894736842,,canonical/zh_line_01/r_1p266667.png,dc5c8661b9f95b1cffc6f34c7852b983d214ab0c864270f93e79665fd0dcc6ca,resized/opencv_bilinear/zh_line_01/r_1p266667.png,f7dfb62ef9e7bafe532f965152ebc6790bcefaea679e073771ef6d2ea66f922b,/home/karan/ocr_study/fonts/microsoft-jhenghei.ttf,0,22,16,20.266666666672,20,-0.26666666667199834,17,False,做假停偷側推售問,"做假停偷側推售問
",做假停偷側推售問,做假停偷側推售問,0,8,0.0,0.11318903400024283,ok,
zh_line_01,zh_tra,single_line,7,1.266666666667,lanczos2_7tap_16phase,1.263157894736842,1.263157894736842,,canonical/zh_line_01/r_1p266667.png,dc5c8661b9f95b1cffc6f34c7852b983d214ab0c864270f93e79665fd0dcc6ca,resized/lanczos2_7tap_16phase/zh_line_01/r_1p266667.png,32fe20de703609ac43be50c1e7f123aaf09a8733f733a9ab0b7cf563649ccb12,/home/karan/ocr_study/fonts/microsoft-jhenghei.ttf,0,22,16,20.266666666672,20,-0.26666666667199834,17,False,做假停偷側推售問,"做假停偷側推售問
",做假停偷側推售問,做假停偷側推售問,0,8,0.0,0.10454765699978452,ok,
zh_line_01,zh_tra,single_line,7,1.266666666667,lanczos3_7tap_16phase,1.263157894736842,1.263157894736842,,canonical/zh_line_01/r_1p266667.png,dc5c8661b9f95b1cffc6f34c7852b983d214ab0c864270f93e79665fd0dcc6ca,resized/lanczos3_7tap_16phase/zh_line_01/r_1p266667.png,bbf52822e31ee9b29665496f2bf9c31a5f65f2a9dc566ce2bb2c24fea2292967,/home/karan/ocr_study/fonts/microsoft-jhenghei.ttf,0,22,16,20.266666666672,20,-0.26666666667199834,17,False,做假停偷側推售問,"做假停偷側推售問
",做假停偷側推售問,做假停偷側推售問,0,8,0.0,0.1015030079997814,ok,
zh_line_01,zh_tra,single_line,7,1.4,bin_floor,1.0,1.0,1,canonical/zh_line_01/r_1p400000.png,bc40af69f3603767320e67997fa7ea2299555fd44f0080f96d1394b28fe68acd,resized/bin_floor/zh_line_01/r_1p400000.png,bc40af69f3603767320e67997fa7ea2299555fd44f0080f96d1394b28fe68acd,/home/karan/ocr_study/fonts/microsoft-jhenghei.ttf,0,25,16,22.4,22,-0.3999999999999986,22,False,做假停偷側推售問,"做假停偷側推售問
",做假停偷側推售問,做假停偷側推售問,0,8,0.0,0.09884655899986683,ok,
zh_line_01,zh_tra,single_line,7,1.4,bin_ceil,2.0,2.0,2,canonical/zh_line_01/r_1p400000.png,bc40af69f3603767320e67997fa7ea2299555fd44f0080f96d1394b28fe68acd,resized/bin_ceil/zh_line_01/r_1p400000.png,489e5af2fac1f2c3f6a49d9c4738853c7b30c50e29861eefe228f52c2c783459,/home/karan/ocr_study/fonts/microsoft-jhenghei.ttf,0,25,16,22.4,22,-0.3999999999999986,11,False,做假停偷側推售問,"做假停偷側推售問
",做假停偷側推售問,做假停偷側推售問,0,8,0.0,0.09913324999979523,ok,
zh_line_01,zh_tra,single_line,7,1.4,opencv_bilinear,1.3977272727272727,1.3977272727272727,,canonical/zh_line_01/r_1p400000.png,bc40af69f3603767320e67997fa7ea2299555fd44f0080f96d1394b28fe68acd,resized/opencv_bilinear/zh_line_01/r_1p400000.png,cebb669482ed04947bff46e19dd60ae7cdb32698563a43ac9caa7c1f5580cd47,/home/karan/ocr_study/fonts/microsoft-jhenghei.ttf,0,25,16,22.4,22,-0.3999999999999986,16,False,做假停偷側推售問,"做假停偷側推售問
",做假停偷側推售問,做假停偷側推售問,0,8,0.0,0.10399512500043784,ok,
zh_line_01,zh_tra,single_line,7,1.4,lanczos2_7tap_16phase,1.3977272727272727,1.3977272727272727,,canonical/zh_line_01/r_1p400000.png,bc40af69f3603767320e67997fa7ea2299555fd44f0080f96d1394b28fe68acd,resized/lanczos2_7tap_16phase/zh_line_01/r_1p400000.png,7bb16351c261e1e80019572d22cac44e0644d010bcb382a5c6e57a8fe918cad2,/home/karan/ocr_study/fonts/microsoft-jhenghei.ttf,0,25,16,22.4,22,-0.3999999999999986,16,False,做假停偷側推售問,"做假停偷側推售問
",做假停偷側推售問,做假停偷側推售問,0,8,0.0,0.11968228699970496,ok,
zh_line_01,zh_tra,single_line,7,1.4,lanczos3_7tap_16phase,1.3977272727272727,1.3977272727272727,,canonical/zh_line_01/r_1p400000.png,bc40af69f3603767320e67997fa7ea2299555fd44f0080f96d1394b28fe68acd,resized/lanczos3_7tap_16phase/zh_line_01/r_1p400000.png,fee6f280b5bc9a51d0d8e29e11b448328bae18c626547f83a68d5fd525bef75d,/home/karan/ocr_study/fonts/microsoft-jhenghei.ttf,0,25,16,22.4,22,-0.3999999999999986,16,False,做假停偷側推售問,"做假停偷側推售問
",做假停偷側推售問,做假停偷側推售問,0,8,0.0,0.10185643799923128,ok,
zh_line_01,zh_tra,single_line,7,1.533333333333,bin_floor,1.0,1.0,1,canonical/zh_line_01/r_1p533333.png,2cb1df8d0d1778d346f775d8d9d5c3e4dfb64ddf8f4e92325449b2d7f75e7a1a,resized/bin_floor/zh_line_01/r_1p533333.png,2cb1df8d0d1778d346f775d8d9d5c3e4dfb64ddf8f4e92325449b2d7f75e7a1a,/home/karan/ocr_study/fonts/microsoft-jhenghei.ttf,0,27,16,24.533333333328,24,-0.5333333333279988,24,False,做假停偷側推售問,"做假停偷側推售問
",做假停偷側推售問,做假停偷側推售問,0,8,0.0,0.16240560000005644,ok,
zh_line_01,zh_tra,single_line,7,1.533333333333,bin_ceil,2.0,2.0,2,canonical/zh_line_01/r_1p533333.png,2cb1df8d0d1778d346f775d8d9d5c3e4dfb64ddf8f4e92325449b2d7f75e7a1a,resized/bin_ceil/zh_line_01/r_1p533333.png,ff0dc417d1cb870a8b661a44d2834ffa08d64f3b2fb8f34ac385abd907e5f2d5,/home/karan/ocr_study/fonts/microsoft-jhenghei.ttf,0,27,16,24.533333333328,24,-0.5333333333279988,13,False,做假停偷側推售問,"做假停偷側推售問
",做假停偷側推售問,做假停偷側推售問,0,8,0.0,0.1511926510002013,ok,
zh_line_01,zh_tra,single_line,7,1.533333333333,opencv_bilinear,1.5340909090909092,1.5340909090909092,,canonical/zh_line_01/r_1p533333.png,2cb1df8d0d1778d346f775d8d9d5c3e4dfb64ddf8f4e92325449b2d7f75e7a1a,resized/opencv_bilinear/zh_line_01/r_1p533333.png,a0862d7f0704abba6bd58774ac00934bdfb46df693e02d1b8d128f0dea4e1cc3,/home/karan/ocr_study/fonts/microsoft-jhenghei.ttf,0,27,16,24.533333333328,24,-0.5333333333279988,16,False,做假停偷側推售問,"做假停偷側推售問
",做假停偷側推售問,做假停偷側推售問,0,8,0.0,0.11550259200066648,ok,
zh_line_01,zh_tra,single_line,7,1.533333333333,lanczos2_7tap_16phase,1.5340909090909092,1.5340909090909092,,canonical/zh_line_01/r_1p533333.png,2cb1df8d0d1778d346f775d8d9d5c3e4dfb64ddf8f4e92325449b2d7f75e7a1a,resized/lanczos2_7tap_16phase/zh_line_01/r_1p533333.png,cb9ed70528e6af84dbec890e0d547623cbe9bb4f012589db884828eff4471f41,/home/karan/ocr_study/fonts/microsoft-jhenghei.ttf,0,27,16,24.533333333328,24,-0.5333333333279988,16,False,做假停偷側推售問,"做假停偷側推售問
",做假停偷側推售問,做假停偷側推售問,0,8,0.0,0.09720699799981958,ok,
zh_line_01,zh_tra,single_line,7,1.533333333333,lanczos3_7tap_16phase,1.5340909090909092,1.5340909090909092,,canonical/zh_line_01/r_1p533333.png,2cb1df8d0d1778d346f775d8d9d5c3e4dfb64ddf8f4e92325449b2d7f75e7a1a,resized/lanczos3_7tap_16phase/zh_line_01/r_1p533333.png,c1ac3f6ca306e24624f588cd6d4b03fc72c9170bae622e8939afbc2b7f96faf5,/home/karan/ocr_study/fonts/microsoft-jhenghei.ttf,0,27,16,24.533333333328,24,-0.5333333333279988,16,False,做假停偷側推售問,"做假停偷側推售問
",做假停偷側推售問,做假停偷側推售問,0,8,0.0,0.09657729100035795,ok,
zh_line_01,zh_tra,single_line,7,1.666666666667,bin_floor,1.0,1.0,1,canonical/zh_line_01/r_1p666667.png,f830e948c048fb165fa57a307328d39312aa36a2c459d57becb1c4c395196d02,resized/bin_floor/zh_line_01/r_1p666667.png,f830e948c048fb165fa57a307328d39312aa36a2c459d57becb1c4c395196d02,/home/karan/ocr_study/fonts/microsoft-jhenghei.ttf,0,28,16,26.666666666672,27,0.3333333333279995,27,False,做假停偷側推售問,"做假停偷側推售問
",做假停偷側推售問,做假停偷側推售問,0,8,0.0,0.10841895299927273,ok,
zh_line_01,zh_tra,single_line,7,1.666666666667,bin_ceil,2.0,2.0,2,canonical/zh_line_01/r_1p666667.png,f830e948c048fb165fa57a307328d39312aa36a2c459d57becb1c4c395196d02,resized/bin_ceil/zh_line_01/r_1p666667.png,08474d0ceb3f662135fce46f02f28cb75eb21e5f333325f6d1efce86dcd2dfe5,/home/karan/ocr_study/fonts/microsoft-jhenghei.ttf,0,28,16,26.666666666672,27,0.3333333333279995,14,False,做假停偷側推售問,"做假停倫側推售問
",做假停偷側推售問,做假停倫側推售問,1,8,0.125,0.10067488500044419,ok,
zh_line_01,zh_tra,single_line,7,1.666666666667,opencv_bilinear,1.668639053254438,1.668639053254438,,canonical/zh_line_01/r_1p666667.png,f830e948c048fb165fa57a307328d39312aa36a2c459d57becb1c4c395196d02,resized/opencv_bilinear/zh_line_01/r_1p666667.png,1733d990f7f75550f51b23a69198c34825bd44eef26f4a76364ecb3f99f74a40,/home/karan/ocr_study/fonts/microsoft-jhenghei.ttf,0,28,16,26.666666666672,27,0.3333333333279995,17,False,做假停偷側推售問,"做假停偷側推售問
",做假停偷側推售問,做假停偷側推售問,0,8,0.0,0.09970596399944043,ok,
zh_line_01,zh_tra,single_line,7,1.666666666667,lanczos2_7tap_16phase,1.668639053254438,1.668639053254438,,canonical/zh_line_01/r_1p666667.png,f830e948c048fb165fa57a307328d39312aa36a2c459d57becb1c4c395196d02,resized/lanczos2_7tap_16phase/zh_line_01/r_1p666667.png,6ba7b43c15100ed971a93706283650d23f303eb31920e8f6d6b01a59e74e7e14,/home/karan/ocr_study/fonts/microsoft-jhenghei.ttf,0,28,16,26.666666666672,27,0.3333333333279995,17,False,做假停偷側推售問,"做假停倫側推售問
",做假停偷側推售問,做假停倫側推售問,1,8,0.125,0.09669213300003321,ok,
zh_line_01,zh_tra,single_line,7,1.666666666667,lanczos3_7tap_16phase,1.668639053254438,1.668639053254438,,canonical/zh_line_01/r_1p666667.png,f830e948c048fb165fa57a307328d39312aa36a2c459d57becb1c4c395196d02,resized/lanczos3_7tap_16phase/zh_line_01/r_1p666667.png,93cdbf446cf5597f82d72a54dbe0f9098a7ac4f9f370e8a48671267008ffdf78,/home/karan/ocr_study/fonts/microsoft-jhenghei.ttf,0,28,16,26.666666666672,27,0.3333333333279995,17,False,做假停偷側推售問,"做假停倫側推售問
",做假停偷側推售問,做假停倫側推售問,1,8,0.125,0.09594685599950026,ok,
zh_line_01,zh_tra,single_line,7,1.8,bin_floor,1.0,1.0,1,canonical/zh_line_01/r_1p800000.png,88382dd20a0fb324e8ab58893dd43e88137dfa0b97cc89987d5c41e5c7dfc57d,resized/bin_floor/zh_line_01/r_1p800000.png,88382dd20a0fb324e8ab58893dd43e88137dfa0b97cc89987d5c41e5c7dfc57d,/home/karan/ocr_study/fonts/microsoft-jhenghei.ttf,0,32,16,28.8,29,0.1999999999999993,29,False,做假停偷側推售問,"做假停偷側推售問
",做假停偷側推售問,做假停偷側推售問,0,8,0.0,0.1013166419998015,ok,
zh_line_01,zh_tra,single_line,7,1.8,bin_ceil,2.0,2.0,2,canonical/zh_line_01/r_1p800000.png,88382dd20a0fb324e8ab58893dd43e88137dfa0b97cc89987d5c41e5c7dfc57d,resized/bin_ceil/zh_line_01/r_1p800000.png,c29621243d21bf36e7d65e29ade4165df6659d8e0e2a9ff087e647583062131c,/home/karan/ocr_study/fonts/microsoft-jhenghei.ttf,0,32,16,28.8,29,0.1999999999999993,15,False,做假停偷側推售問,"做假停偷側推售問
",做假停偷側推售問,做假停偷側推售問,0,8,0.0,0.0980180950000431,ok,
zh_line_01,zh_tra,single_line,7,1.8,opencv_bilinear,1.7966101694915255,1.7966101694915255,,canonical/zh_line_01/r_1p800000.png,88382dd20a0fb324e8ab58893dd43e88137dfa0b97cc89987d5c41e5c7dfc57d,resized/opencv_bilinear/zh_line_01/r_1p800000.png,0cbbf631788736bc10e3d95bf8b150c0759c23572d6f3b803d74d693af93d04a,/home/karan/ocr_study/fonts/microsoft-jhenghei.ttf,0,32,16,28.8,29,0.1999999999999993,17,False,做假停偷側推售問,"做假停偷側推售問
",做假停偷側推售問,做假停偷側推售問,0,8,0.0,0.10055961400030355,ok,
zh_line_01,zh_tra,single_line,7,1.8,lanczos2_7tap_16phase,1.7966101694915255,1.7966101694915255,,canonical/zh_line_01/r_1p800000.png,88382dd20a0fb324e8ab58893dd43e88137dfa0b97cc89987d5c41e5c7dfc57d,resized/lanczos2_7tap_16phase/zh_line_01/r_1p800000.png,d6f744cd2b38572d7ce36db5299cc5777394376b56726ace93f4253b63206b9c,/home/karan/ocr_study/fonts/microsoft-jhenghei.ttf,0,32,16,28.8,29,0.1999999999999993,17,False,做假停偷側推售問,"做假停偷側推售問
",做假停偷側推售問,做假停偷側推售問,0,8,0.0,0.09730138299983082,ok,
zh_line_01,zh_tra,single_line,7,1.8,lanczos3_7tap_16phase,1.7966101694915255,1.7966101694915255,,canonical/zh_line_01/r_1p800000.png,88382dd20a0fb324e8ab58893dd43e88137dfa0b97cc89987d5c41e5c7dfc57d,resized/lanczos3_7tap_16phase/zh_line_01/r_1p800000.png,9713d8ba39a275fa08c4796ff1de8cc84593e72fde27f6e788649d8dde8f8e4c,/home/karan/ocr_study/fonts/microsoft-jhenghei.ttf,0,32,16,28.8,29,0.1999999999999993,17,False,做假停偷側推售問,"做假停偷側推售問
",做假停偷側推售問,做假停偷側推售問,0,8,0.0,0.10253730000022188,ok,
zh_line_01,zh_tra,single_line,7,1.933333333333,bin_floor,1.0,1.0,1,canonical/zh_line_01/r_1p933333.png,9fafd4bea9d91047033e814abcd08c16181d6694883c170a23376505b54e83c2,resized/bin_floor/zh_line_01/r_1p933333.png,9fafd4bea9d91047033e814abcd08c16181d6694883c170a23376505b54e83c2,/home/karan/ocr_study/fonts/microsoft-jhenghei.ttf,0,34,16,30.933333333328,31,0.06666666667199905,31,False,做假停偷側推售問,"做假停偷側推售問
",做假停偷側推售問,做假停偷側推售問,0,8,0.0,0.10036910800045007,ok,
zh_line_01,zh_tra,single_line,7,1.933333333333,bin_ceil,2.0,2.0,2,canonical/zh_line_01/r_1p933333.png,9fafd4bea9d91047033e814abcd08c16181d6694883c170a23376505b54e83c2,resized/bin_ceil/zh_line_01/r_1p933333.png,9a7c372c0a6c4d58c227c33c9c8ff3344078c2be945e46626b5c78ad08cfb501,/home/karan/ocr_study/fonts/microsoft-jhenghei.ttf,0,34,16,30.933333333328,31,0.06666666667199905,16,False,做假停偷側推售問,"做假停偷側推售問
",做假停偷側推售問,做假停偷側推售問,0,8,0.0,0.09727738299989142,ok,
zh_line_01,zh_tra,single_line,7,1.933333333333,opencv_bilinear,1.9310344827586208,1.9310344827586208,,canonical/zh_line_01/r_1p933333.png,9fafd4bea9d91047033e814abcd08c16181d6694883c170a23376505b54e83c2,resized/opencv_bilinear/zh_line_01/r_1p933333.png,11834fd0605f357f7e33b101faca7f99c72761cb7dedb8dc3eb4b11abd2546b8,/home/karan/ocr_study/fonts/microsoft-jhenghei.ttf,0,34,16,30.933333333328,31,0.06666666667199905,17,False,做假停偷側推售問,"做假停偷側推售問
",做假停偷側推售問,做假停偷側推售問,0,8,0.0,0.0972732559994256,ok,
zh_line_01,zh_tra,single_line,7,1.933333333333,lanczos2_7tap_16phase,1.9310344827586208,1.9310344827586208,,canonical/zh_line_01/r_1p933333.png,9fafd4bea9d91047033e814abcd08c16181d6694883c170a23376505b54e83c2,resized/lanczos2_7tap_16phase/zh_line_01/r_1p933333.png,f3e327940cc74a47f270b8c23da09614d475dfc93804e2a3918c6fedc893cbd5,/home/karan/ocr_study/fonts/microsoft-jhenghei.ttf,0,34,16,30.933333333328,31,0.06666666667199905,17,False,做假停偷側推售問,"做假停偷側推售問
",做假停偷側推售問,做假停偷側推售問,0,8,0.0,0.09826352200070687,ok,
zh_line_01,zh_tra,single_line,7,1.933333333333,lanczos3_7tap_16phase,1.9310344827586208,1.9310344827586208,,canonical/zh_line_01/r_1p933333.png,9fafd4bea9d91047033e814abcd08c16181d6694883c170a23376505b54e83c2,resized/lanczos3_7tap_16phase/zh_line_01/r_1p933333.png,a4ca2fc7640e6c34809196196b548255a3fcf43c3e86b2b11eca8f545bb9fd95,/home/karan/ocr_study/fonts/microsoft-jhenghei.ttf,0,34,16,30.933333333328,31,0.06666666667199905,17,False,做假停偷側推售問,"做假停偷側推售問
",做假停偷側推售問,做假停偷側推售問,0,8,0.0,0.09633803599990642,ok,
zh_line_01,zh_tra,single_line,7,2.066666666667,bin_floor,2.0,2.0,2,canonical/zh_line_01/r_2p066667.png,ffc8e62adb85bc3774d245b3f640cd7a73f0e3ec75ef8bcd26696f09f3a18660,resized/bin_floor/zh_line_01/r_2p066667.png,f136ecfb8dc10aa53c6fc4a2a3039c9dc6dd48a7868d6599c8c0389d35509094,/home/karan/ocr_study/fonts/microsoft-jhenghei.ttf,0,36,16,33.066666666672,33,-0.06666666667199905,17,False,做假停偷側推售問,"做假停偷側推售問
",做假停偷側推售問,做假停偷側推售問,0,8,0.0,0.10028014299950883,ok,
zh_line_01,zh_tra,single_line,7,2.066666666667,bin_ceil,3.0,3.0,3,canonical/zh_line_01/r_2p066667.png,ffc8e62adb85bc3774d245b3f640cd7a73f0e3ec75ef8bcd26696f09f3a18660,resized/bin_ceil/zh_line_01/r_2p066667.png,8401d70c9f1e27138016964990b8264d5ea0bc2b49625c399e639f2b0bc71006,/home/karan/ocr_study/fonts/microsoft-jhenghei.ttf,0,36,16,33.066666666672,33,-0.06666666667199905,12,False,做假停偷側推售問,"做假停卻側推售間
",做假停偷側推售問,做假停卻側推售間,2,8,0.25,0.0952165029993921,ok,
zh_line_01,zh_tra,single_line,7,2.066666666667,opencv_bilinear,2.0701754385964914,2.0701754385964914,,canonical/zh_line_01/r_2p066667.png,ffc8e62adb85bc3774d245b3f640cd7a73f0e3ec75ef8bcd26696f09f3a18660,resized/opencv_bilinear/zh_line_01/r_2p066667.png,b92a4af1bead97187e0f52b592a8975e6e39f934b7da18a718f611cd106ca86e,/home/karan/ocr_study/fonts/microsoft-jhenghei.ttf,0,36,16,33.066666666672,33,-0.06666666667199905,16,False,做假停偷側推售問,"做假停偷側推售間
",做假停偷側推售問,做假停偷側推售間,1,8,0.125,0.09992869699999574,ok,
zh_line_01,zh_tra,single_line,7,2.066666666667,lanczos2_7tap_16phase,2.0701754385964914,2.0701754385964914,,canonical/zh_line_01/r_2p066667.png,ffc8e62adb85bc3774d245b3f640cd7a73f0e3ec75ef8bcd26696f09f3a18660,resized/lanczos2_7tap_16phase/zh_line_01/r_2p066667.png,dcc1897c3f23e252b74d70ad9e96b7b5e5d662b246b1d73db20ba2e08bf4f239,/home/karan/ocr_study/fonts/microsoft-jhenghei.ttf,0,36,16,33.066666666672,33,-0.06666666667199905,17,False,做假停偷側推售問,"做假停偷側推售問
",做假停偷側推售問,做假停偷側推售問,0,8,0.0,0.09813472600035311,ok,
zh_line_01,zh_tra,single_line,7,2.066666666667,lanczos3_7tap_16phase,2.0701754385964914,2.0701754385964914,,canonical/zh_line_01/r_2p066667.png,ffc8e62adb85bc3774d245b3f640cd7a73f0e3ec75ef8bcd26696f09f3a18660,resized/lanczos3_7tap_16phase/zh_line_01/r_2p066667.png,2f0fe65a62f8b2c4a7fb7f468059dee800938044e59980c4c49aa28eb7b09563,/home/karan/ocr_study/fonts/microsoft-jhenghei.ttf,0,36,16,33.066666666672,33,-0.06666666667199905,17,False,做假停偷側推售問,"做假停偷側推售問
",做假停偷側推售問,做假停偷側推售問,0,8,0.0,0.09939827899961529,ok,
zh_line_01,zh_tra,single_line,7,2.2,bin_floor,2.0,2.0,2,canonical/zh_line_01/r_2p200000.png,4f97b02512ca8c0f655209bf3a782695314b646102aa53205b4fdbd6b8c7a591,resized/bin_floor/zh_line_01/r_2p200000.png,ab8b8c501689f8bcbd54119bb8922ec176e07a62d32747c2ed798cd75753196b,/home/karan/ocr_study/fonts/microsoft-jhenghei.ttf,0,38,16,35.2,35,-0.20000000000000284,18,False,做假停偷側推售問,"做假停偷側推售問
",做假停偷側推售問,做假停偷側推售問,0,8,0.0,0.10182166699996742,ok,
zh_line_01,zh_tra,single_line,7,2.2,bin_ceil,3.0,3.0,3,canonical/zh_line_01/r_2p200000.png,4f97b02512ca8c0f655209bf3a782695314b646102aa53205b4fdbd6b8c7a591,resized/bin_ceil/zh_line_01/r_2p200000.png,5acabdbe811ff5febebfced169edf1db5a8212a5e9b6d5ab5e6632ea27b1f4e2,/home/karan/ocr_study/fonts/microsoft-jhenghei.ttf,0,38,16,35.2,35,-0.20000000000000284,12,False,做假停偷側推售問,"做假停偷側推售問
",做假停偷側推售問,做假停偷側推售問,0,8,0.0,0.09784578200014948,ok,
zh_line_01,zh_tra,single_line,7,2.2,opencv_bilinear,2.197674418604651,2.197674418604651,,canonical/zh_line_01/r_2p200000.png,4f97b02512ca8c0f655209bf3a782695314b646102aa53205b4fdbd6b8c7a591,resized/opencv_bilinear/zh_line_01/r_2p200000.png,1ae272dccde580b1e58ca87155335cc9c4dbec13d9253806c80ae716ac7daf69,/home/karan/ocr_study/fonts/microsoft-jhenghei.ttf,0,38,16,35.2,35,-0.20000000000000284,16,False,做假停偷側推售問,"做假停偷側推售問
",做假停偷側推售問,做假停偷側推售問,0,8,0.0,0.0945823450001626,ok,
zh_line_01,zh_tra,single_line,7,2.2,lanczos2_7tap_16phase,2.197674418604651,2.197674418604651,,canonical/zh_line_01/r_2p200000.png,4f97b02512ca8c0f655209bf3a782695314b646102aa53205b4fdbd6b8c7a591,resized/lanczos2_7tap_16phase/zh_line_01/r_2p200000.png,e1e1d5e825539e5354697240111e7a6f901cedc6cc5989c56c95325f95cd615e,/home/karan/ocr_study/fonts/microsoft-jhenghei.ttf,0,38,16,35.2,35,-0.20000000000000284,17,False,做假停偷側推售問,"做假停偷側推售問
",做假停偷側推售問,做假停偷側推售問,0,8,0.0,0.10154083100042044,ok,
zh_line_01,zh_tra,single_line,7,2.2,lanczos3_7tap_16phase,2.197674418604651,2.197674418604651,,canonical/zh_line_01/r_2p200000.png,4f97b02512ca8c0f655209bf3a782695314b646102aa53205b4fdbd6b8c7a591,resized/lanczos3_7tap_16phase/zh_line_01/r_2p200000.png,5a7a80c4a663172b5110a65b9ea94cb24ae3a5e27f69eeabdba6cbffd3039c17,/home/karan/ocr_study/fonts/microsoft-jhenghei.ttf,0,38,16,35.2,35,-0.20000000000000284,17,False,做假停偷側推售問,"做假停偷側推售問
",做假停偷側推售問,做假停偷側推售問,0,8,0.0,0.09700770699964778,ok,
zh_line_01,zh_tra,single_line,7,2.333333333333,bin_floor,2.0,2.0,2,canonical/zh_line_01/r_2p333333.png,1dcfceb9aab9a3e0bf152e0a8eb1b883f735d19c3cda575ecbd1eac16e5d77d3,resized/bin_floor/zh_line_01/r_2p333333.png,3e11b2d9e88fea39c5b9a57131d3a14dc5a328e2569357f17521f4291a0b24a9,/home/karan/ocr_study/fonts/microsoft-jhenghei.ttf,0,41,16,37.333333333328,37,-0.3333333333279995,19,False,做假停偷側推售問,"做假停偷側推售問
",做假停偷側推售問,做假停偷側推售問,0,8,0.0,0.10069149500031926,ok,
zh_line_01,zh_tra,single_line,7,2.333333333333,bin_ceil,3.0,3.0,3,canonical/zh_line_01/r_2p333333.png,1dcfceb9aab9a3e0bf152e0a8eb1b883f735d19c3cda575ecbd1eac16e5d77d3,resized/bin_ceil/zh_line_01/r_2p333333.png,5931719c727f40177b8345a5e8148f1047fbb71f3d24a403ff961bcb1a49c653,/home/karan/ocr_study/fonts/microsoft-jhenghei.ttf,0,41,16,37.333333333328,37,-0.3333333333279995,13,False,做假停偷側推售問,"做假停偷側推售問
",做假停偷側推售問,做假停偷側推售問,0,8,0.0,0.0968675220001387,ok,
zh_line_01,zh_tra,single_line,7,2.333333333333,opencv_bilinear,2.3372093023255816,2.3372093023255816,,canonical/zh_line_01/r_2p333333.png,1dcfceb9aab9a3e0bf152e0a8eb1b883f735d19c3cda575ecbd1eac16e5d77d3,resized/opencv_bilinear/zh_line_01/r_2p333333.png,ce7bf4f7a649de118c134b426edda1ceddb933bfdbd1629dab1fa1ed8a659ffa,/home/karan/ocr_study/fonts/microsoft-jhenghei.ttf,0,41,16,37.333333333328,37,-0.3333333333279995,16,False,做假停偷側推售問,"做假停偷側推售問
",做假停偷側推售問,做假停偷側推售問,0,8,0.0,0.0978959929998382,ok,
zh_line_01,zh_tra,single_line,7,2.333333333333,lanczos2_7tap_16phase,2.3372093023255816,2.3372093023255816,,canonical/zh_line_01/r_2p333333.png,1dcfceb9aab9a3e0bf152e0a8eb1b883f735d19c3cda575ecbd1eac16e5d77d3,resized/lanczos2_7tap_16phase/zh_line_01/r_2p333333.png,18d19ef68d14636732de76870a22d8d0c383e209ccaaff61de1e23edca9fdd91,/home/karan/ocr_study/fonts/microsoft-jhenghei.ttf,0,41,16,37.333333333328,37,-0.3333333333279995,17,False,做假停偷側推售問,"做假停偷側推售問
",做假停偷側推售問,做假停偷側推售問,0,8,0.0,0.12372500099991157,ok,
zh_line_01,zh_tra,single_line,7,2.333333333333,lanczos3_7tap_16phase,2.3372093023255816,2.3372093023255816,,canonical/zh_line_01/r_2p333333.png,1dcfceb9aab9a3e0bf152e0a8eb1b883f735d19c3cda575ecbd1eac16e5d77d3,resized/lanczos3_7tap_16phase/zh_line_01/r_2p333333.png,98f0de76494b1ab428b6e93b1a75f6d9148f2c0240866b42a7517f71f5c13635,/home/karan/ocr_study/fonts/microsoft-jhenghei.ttf,0,41,16,37.333333333328,37,-0.3333333333279995,17,False,做假停偷側推售問,"做假停偷側推售問
",做假停偷側推售問,做假停偷側推售問,0,8,0.0,0.09630288100015605,ok,
zh_line_01,zh_tra,single_line,7,2.466666666667,bin_floor,2.0,2.0,2,canonical/zh_line_01/r_2p466667.png,25398ceda195ffc5f32f5f2aa46ed1a8ec995ea294d35f9354265c0bb52cccf2,resized/bin_floor/zh_line_01/r_2p466667.png,071ebd84d9bb32dfc3b029e18ec20ed5b9350b030299d2c425f5410cddd32420,/home/karan/ocr_study/fonts/microsoft-jhenghei.ttf,0,43,16,39.466666666672,39,-0.46666666667199763,20,False,做假停偷側推售問,"做假停偷側推售問
",做假停偷側推售問,做假停偷側推售問,0,8,0.0,0.11267525499988551,ok,
zh_line_01,zh_tra,single_line,7,2.466666666667,bin_ceil,3.0,3.0,3,canonical/zh_line_01/r_2p466667.png,25398ceda195ffc5f32f5f2aa46ed1a8ec995ea294d35f9354265c0bb52cccf2,resized/bin_ceil/zh_line_01/r_2p466667.png,9673b12ff0dbc4f8cf7d05d6b2c51093399c07287d6535cbb1582993bde73358,/home/karan/ocr_study/fonts/microsoft-jhenghei.ttf,0,43,16,39.466666666672,39,-0.46666666667199763,14,False,做假停偷側推售問,"做假停偷側推舍間
",做假停偷側推售問,做假停偷側推舍間,2,8,0.25,0.13603864499964402,ok,
zh_line_01,zh_tra,single_line,7,2.466666666667,opencv_bilinear,2.46242774566474,2.46242774566474,,canonical/zh_line_01/r_2p466667.png,25398ceda195ffc5f32f5f2aa46ed1a8ec995ea294d35f9354265c0bb52cccf2,resized/opencv_bilinear/zh_line_01/r_2p466667.png,68e9f43e89c00ac8b0758eabbdc8a7fb20f6984063cc57444c598742f59deb1e,/home/karan/ocr_study/fonts/microsoft-jhenghei.ttf,0,43,16,39.466666666672,39,-0.46666666667199763,16,False,做假停偷側推售問,"做假停偷側推售問
",做假停偷側推售問,做假停偷側推售問,0,8,0.0,0.09903543500058731,ok,
zh_line_01,zh_tra,single_line,7,2.466666666667,lanczos2_7tap_16phase,2.46242774566474,2.46242774566474,,canonical/zh_line_01/r_2p466667.png,25398ceda195ffc5f32f5f2aa46ed1a8ec995ea294d35f9354265c0bb52cccf2,resized/lanczos2_7tap_16phase/zh_line_01/r_2p466667.png,5ebe0bab5ca6b4a184ea1f191221e049e11b5d800e82c50ec7a3e005f541eda3,/home/karan/ocr_study/fonts/microsoft-jhenghei.ttf,0,43,16,39.466666666672,39,-0.46666666667199763,17,False,做假停偷側推售問,"做假停偷側推售問
",做假停偷側推售問,做假停偷側推售問,0,8,0.0,0.09779794800033415,ok,
zh_line_01,zh_tra,single_line,7,2.466666666667,lanczos3_7tap_16phase,2.46242774566474,2.46242774566474,,canonical/zh_line_01/r_2p466667.png,25398ceda195ffc5f32f5f2aa46ed1a8ec995ea294d35f9354265c0bb52cccf2,resized/lanczos3_7tap_16phase/zh_line_01/r_2p466667.png,f7a5fb9707197112652294f678d5ac99711385b0f154fb94435c5dab2a4b61cc,/home/karan/ocr_study/fonts/microsoft-jhenghei.ttf,0,43,16,39.466666666672,39,-0.46666666667199763,17,False,做假停偷側推售問,"做假停偷側推售問
",做假停偷側推售問,做假停偷側推售問,0,8,0.0,0.1101452299999437,ok,
zh_line_01,zh_tra,single_line,7,2.6,bin_floor,2.0,2.0,2,canonical/zh_line_01/r_2p600000.png,8ba6277ee8850018b427c0be6796d0112aa25f3911a03292499892d3af54c60a,resized/bin_floor/zh_line_01/r_2p600000.png,87f9a062058b615eafb5b2f96fef55fb0eccaa9a7d4a5718cae7e9867da5f61c,/home/karan/ocr_study/fonts/microsoft-jhenghei.ttf,0,47,16,41.6,42,0.3999999999999986,21,False,做假停偷側推售問,"做假停偷側推售問
",做假停偷側推售問,做假停偷側推售問,0,8,0.0,0.10193954900023527,ok,
zh_line_01,zh_tra,single_line,7,2.6,bin_ceil,3.0,3.0,3,canonical/zh_line_01/r_2p600000.png,8ba6277ee8850018b427c0be6796d0112aa25f3911a03292499892d3af54c60a,resized/bin_ceil/zh_line_01/r_2p600000.png,bc5bb6680b36f6d65da7de6648013854269736132d18d0b3148322aba9c92bd6,/home/karan/ocr_study/fonts/microsoft-jhenghei.ttf,0,47,16,41.6,42,0.3999999999999986,14,False,做假停偷側推售問,"做假停偷側推售間
",做假停偷側推售問,做假停偷側推售間,1,8,0.125,0.09760635800012096,ok,
zh_line_01,zh_tra,single_line,7,2.6,opencv_bilinear,2.595505617977528,2.595505617977528,,canonical/zh_line_01/r_2p600000.png,8ba6277ee8850018b427c0be6796d0112aa25f3911a03292499892d3af54c60a,resized/opencv_bilinear/zh_line_01/r_2p600000.png,f4f913e522ff0b5c6e632281d41cbf513e4af6fa34b66ba96cb60b93e7347bb6,/home/karan/ocr_study/fonts/microsoft-jhenghei.ttf,0,47,16,41.6,42,0.3999999999999986,16,False,做假停偷側推售問,"做假停偷側推售問
",做假停偷側推售問,做假停偷側推售問,0,8,0.0,0.11896511600025406,ok,
zh_line_01,zh_tra,single_line,7,2.6,lanczos2_7tap_16phase,2.595505617977528,2.595505617977528,,canonical/zh_line_01/r_2p600000.png,8ba6277ee8850018b427c0be6796d0112aa25f3911a03292499892d3af54c60a,resized/lanczos2_7tap_16phase/zh_line_01/r_2p600000.png,1faf1360f4f56299487885be1f61821fcc8f2c1d7f9926f0a47530aea8ee37e1,/home/karan/ocr_study/fonts/microsoft-jhenghei.ttf,0,47,16,41.6,42,0.3999999999999986,18,True,做假停偷側推售問,"做假停偷側推售問
",做假停偷側推售問,做假停偷側推售問,0,8,0.0,0.09604884499913169,ok,
zh_line_01,zh_tra,single_line,7,2.6,lanczos3_7tap_16phase,2.595505617977528,2.595505617977528,,canonical/zh_line_01/r_2p600000.png,8ba6277ee8850018b427c0be6796d0112aa25f3911a03292499892d3af54c60a,resized/lanczos3_7tap_16phase/zh_line_01/r_2p600000.png,887126886b7e4c08b1fa4b24f903594cce3a669509dd6788097358425f3ef67b,/home/karan/ocr_study/fonts/microsoft-jhenghei.ttf,0,47,16,41.6,42,0.3999999999999986,18,True,做假停偷側推售問,"做假停偷側推售問
",做假停偷側推售問,做假停偷側推售問,0,8,0.0,0.09749031100000138,ok,
zh_line_01,zh_tra,single_line,7,2.625,bin_floor,2.0,2.0,2,canonical/zh_line_01/r_2p625000.png,8ba6277ee8850018b427c0be6796d0112aa25f3911a03292499892d3af54c60a,resized/bin_floor/zh_line_01/r_2p625000.png,87f9a062058b615eafb5b2f96fef55fb0eccaa9a7d4a5718cae7e9867da5f61c,/home/karan/ocr_study/fonts/microsoft-jhenghei.ttf,0,47,16,42.0,42,0.0,21,False,做假停偷側推售問,"做假停偷側推售問
",做假停偷側推售問,做假停偷側推售問,0,8,0.0,0.09677339999961987,ok,
zh_line_01,zh_tra,single_line,7,2.625,bin_ceil,3.0,3.0,3,canonical/zh_line_01/r_2p625000.png,8ba6277ee8850018b427c0be6796d0112aa25f3911a03292499892d3af54c60a,resized/bin_ceil/zh_line_01/r_2p625000.png,bc5bb6680b36f6d65da7de6648013854269736132d18d0b3148322aba9c92bd6,/home/karan/ocr_study/fonts/microsoft-jhenghei.ttf,0,47,16,42.0,42,0.0,14,False,做假停偷側推售問,"做假停偷側推售間
",做假停偷側推售問,做假停偷側推售間,1,8,0.125,0.09889951200057112,ok,
zh_line_01,zh_tra,single_line,7,2.625,opencv_bilinear,2.625,2.625,,canonical/zh_line_01/r_2p625000.png,8ba6277ee8850018b427c0be6796d0112aa25f3911a03292499892d3af54c60a,resized/opencv_bilinear/zh_line_01/r_2p625000.png,ba457e592cf5e5217287fb9b49a98f3bc4bee1865f9dcbbfb271b869be62d797,/home/karan/ocr_study/fonts/microsoft-jhenghei.ttf,0,47,16,42.0,42,0.0,16,False,做假停偷側推售問,"做假停偷側推售問
",做假停偷側推售問,做假停偷側推售問,0,8,0.0,0.09676201199999923,ok,
zh_line_01,zh_tra,single_line,7,2.625,lanczos2_7tap_16phase,2.625,2.625,,canonical/zh_line_01/r_2p625000.png,8ba6277ee8850018b427c0be6796d0112aa25f3911a03292499892d3af54c60a,resized/lanczos2_7tap_16phase/zh_line_01/r_2p625000.png,1e600b5cd7630cf3a29fda8d6f57fb4244c977879a049ea084a952e5d428a9be,/home/karan/ocr_study/fonts/microsoft-jhenghei.ttf,0,47,16,42.0,42,0.0,16,False,做假停偷側推售問,"做假停偷側推售問
",做假停偷側推售問,做假停偷側推售問,0,8,0.0,0.09531268499995349,ok,
zh_line_01,zh_tra,single_line,7,2.625,lanczos3_7tap_16phase,2.625,2.625,,canonical/zh_line_01/r_2p625000.png,8ba6277ee8850018b427c0be6796d0112aa25f3911a03292499892d3af54c60a,resized/lanczos3_7tap_16phase/zh_line_01/r_2p625000.png,4c3f0c10fc7bfeafb3fa92f89b0919f0c7069fb4ca644ab1886e92a10d3d95f7,/home/karan/ocr_study/fonts/microsoft-jhenghei.ttf,0,47,16,42.0,42,0.0,18,True,做假停偷側推售問,"做假停偷側推售問
",做假停偷側推售問,做假停偷側推售問,0,8,0.0,0.09396596999977191,ok,
zh_line_01,zh_tra,single_line,7,2.733333333333,bin_floor,2.0,2.0,2,canonical/zh_line_01/r_2p733333.png,dca5c47ba9f6ab873aae1428ca84df8d3745f35c0f87b793937123f59dab97f4,resized/bin_floor/zh_line_01/r_2p733333.png,9b3b3c252a8970efd21712399f04517094183e8fbd66cdccdbb2a7d395e67394,/home/karan/ocr_study/fonts/microsoft-jhenghei.ttf,0,49,16,43.733333333328,44,0.2666666666720019,22,False,做假停偷側推售問,"做假停偷側推售問
",做假停偷側推售問,做假停偷側推售問,0,8,0.0,0.09982739800034324,ok,
zh_line_01,zh_tra,single_line,7,2.733333333333,bin_ceil,3.0,3.0,3,canonical/zh_line_01/r_2p733333.png,dca5c47ba9f6ab873aae1428ca84df8d3745f35c0f87b793937123f59dab97f4,resized/bin_ceil/zh_line_01/r_2p733333.png,bc0a34eaf6a5a5a845179c88aa64cfae1756497d3cc847a18fe109c43a38a487,/home/karan/ocr_study/fonts/microsoft-jhenghei.ttf,0,49,16,43.733333333328,44,0.2666666666720019,16,False,做假停偷側推售問,"做假停偷側推售問
",做假停偷側推售問,做假停偷側推售問,0,8,0.0,0.09602453699972102,ok,
zh_line_01,zh_tra,single_line,7,2.733333333333,opencv_bilinear,2.727272727272727,2.727272727272727,,canonical/zh_line_01/r_2p733333.png,dca5c47ba9f6ab873aae1428ca84df8d3745f35c0f87b793937123f59dab97f4,resized/opencv_bilinear/zh_line_01/r_2p733333.png,90037ecb0aafab5efd20172858e091f99fdb8331402bf83b9b39ec47f74f2eac,/home/karan/ocr_study/fonts/microsoft-jhenghei.ttf,0,49,16,43.733333333328,44,0.2666666666720019,16,False,做假停偷側推售問,"做假停偷側推售問
",做假停偷側推售問,做假停偷側推售問,0,8,0.0,0.09643264100031956,ok,
zh_line_01,zh_tra,single_line,7,2.733333333333,lanczos2_7tap_16phase,2.727272727272727,2.727272727272727,,canonical/zh_line_01/r_2p733333.png,dca5c47ba9f6ab873aae1428ca84df8d3745f35c0f87b793937123f59dab97f4,resized/lanczos2_7tap_16phase/zh_line_01/r_2p733333.png,30383095fec11c2e77d488c01998683eab0b3043f429405fc5bcc5a569dac255,/home/karan/ocr_study/fonts/microsoft-jhenghei.ttf,0,49,16,43.733333333328,44,0.2666666666720019,18,True,做假停偷側推售問,"做假停偷側推售間
",做假停偷側推售問,做假停偷側推售間,1,8,0.125,0.09814724499938166,ok,
zh_line_01,zh_tra,single_line,7,2.733333333333,lanczos3_7tap_16phase,2.727272727272727,2.727272727272727,,canonical/zh_line_01/r_2p733333.png,dca5c47ba9f6ab873aae1428ca84df8d3745f35c0f87b793937123f59dab97f4,resized/lanczos3_7tap_16phase/zh_line_01/r_2p733333.png,0f28535b664e119a0567414f58b8c759651cdaf000ec3c885edc14db34c3a51f,/home/karan/ocr_study/fonts/microsoft-jhenghei.ttf,0,49,16,43.733333333328,44,0.2666666666720019,18,True,做假停偷側推售問,"做假停偷側推售間
",做假停偷側推售問,做假停偷側推售間,1,8,0.125,0.09436889400058135,ok,
zh_line_01,zh_tra,single_line,7,2.866666666667,bin_floor,2.0,2.0,2,canonical/zh_line_01/r_2p866667.png,e9ac885387203767f3682058a603d93284f2b391b17b53656c13c3765e776af5,resized/bin_floor/zh_line_01/r_2p866667.png,8263a093857a9ce6ba0aeb912c5e491cc21463280cc12a3de0af2bf1e78104f7,/home/karan/ocr_study/fonts/microsoft-jhenghei.ttf,0,51,16,45.866666666672,46,0.13333333332799668,24,False,做假停偷側推售問,"做假停偷側推售問
",做假停偷側推售問,做假停偷側推售問,0,8,0.0,0.09882525299963163,ok,
zh_line_01,zh_tra,single_line,7,2.866666666667,bin_ceil,3.0,3.0,3,canonical/zh_line_01/r_2p866667.png,e9ac885387203767f3682058a603d93284f2b391b17b53656c13c3765e776af5,resized/bin_ceil/zh_line_01/r_2p866667.png,acc1278147a0f1282bb2159a2eb48f414d4307bb7d5f5bd35c6e7b1cf4c1cfc3,/home/karan/ocr_study/fonts/microsoft-jhenghei.ttf,0,51,16,45.866666666672,46,0.13333333332799668,16,False,做假停偷側推售問,"做假停偷側推售問
",做假停偷側推售問,做假停偷側推售問,0,8,0.0,0.096600228999705,ok,
zh_line_01,zh_tra,single_line,7,2.866666666667,opencv_bilinear,2.8636363636363638,2.8636363636363638,,canonical/zh_line_01/r_2p866667.png,e9ac885387203767f3682058a603d93284f2b391b17b53656c13c3765e776af5,resized/opencv_bilinear/zh_line_01/r_2p866667.png,d321c1bac75ff30f834f167694b04d77637af2fbcb83f22f75c48171f915303b,/home/karan/ocr_study/fonts/microsoft-jhenghei.ttf,0,51,16,45.866666666672,46,0.13333333332799668,16,False,做假停偷側推售問,"做假停偷側推售問
",做假停偷側推售問,做假停偷側推售問,0,8,0.0,0.09677308099981019,ok,
zh_line_01,zh_tra,single_line,7,2.866666666667,lanczos2_7tap_16phase,2.8636363636363638,2.8636363636363638,,canonical/zh_line_01/r_2p866667.png,e9ac885387203767f3682058a603d93284f2b391b17b53656c13c3765e776af5,resized/lanczos2_7tap_16phase/zh_line_01/r_2p866667.png,ef2086633766ae3868756017a5a54837dd0ecae56010296f4e3b65d7395be31f,/home/karan/ocr_study/fonts/microsoft-jhenghei.ttf,0,51,16,45.866666666672,46,0.13333333332799668,17,False,做假停偷側推售問,"做假停偷側推售問
",做假停偷側推售問,做假停偷側推售問,0,8,0.0,0.09549801400044089,ok,
zh_line_01,zh_tra,single_line,7,2.866666666667,lanczos3_7tap_16phase,2.8636363636363638,2.8636363636363638,,canonical/zh_line_01/r_2p866667.png,e9ac885387203767f3682058a603d93284f2b391b17b53656c13c3765e776af5,resized/lanczos3_7tap_16phase/zh_line_01/r_2p866667.png,311a98e9f785e127edfb6f88093c3cfffc45d423ddb1f57cf0183255ceb35e39,/home/karan/ocr_study/fonts/microsoft-jhenghei.ttf,0,51,16,45.866666666672,46,0.13333333332799668,18,True,做假停偷側推售問,"做假停偷側推售問
",做假停偷側推售問,做假停偷側推售問,0,8,0.0,0.09591491700030019,ok,
zh_line_01,zh_tra,single_line,7,3.0,bin_floor,3.0,3.0,3,canonical/zh_line_01/r_3p000000.png,d0bfe29113b6714654785e06937d4ca3ffc9c2738939ea7a3c6696a32e3fa6ab,resized/bin_floor/zh_line_01/r_3p000000.png,961c4335c27f5eaa09d8fba84545ac665e1094ccddc32cd4fea99a0be3791e32,/home/karan/ocr_study/fonts/microsoft-jhenghei.ttf,0,53,16,48.0,48,0.0,16,False,做假停偷側推售問,"做假停偷側推售間
",做假停偷側推售問,做假停偷側推售間,1,8,0.125,0.09800368000014714,ok,
zh_line_01,zh_tra,single_line,7,3.0,bin_ceil,3.0,3.0,3,canonical/zh_line_01/r_3p000000.png,d0bfe29113b6714654785e06937d4ca3ffc9c2738939ea7a3c6696a32e3fa6ab,resized/bin_ceil/zh_line_01/r_3p000000.png,961c4335c27f5eaa09d8fba84545ac665e1094ccddc32cd4fea99a0be3791e32,/home/karan/ocr_study/fonts/microsoft-jhenghei.ttf,0,53,16,48.0,48,0.0,16,False,做假停偷側推售問,"做假停偷側推售間
",做假停偷側推售問,做假停偷側推售間,1,8,0.125,0.10796349900010682,ok,
zh_line_01,zh_tra,single_line,7,3.0,opencv_bilinear,3.0,3.0,,canonical/zh_line_01/r_3p000000.png,d0bfe29113b6714654785e06937d4ca3ffc9c2738939ea7a3c6696a32e3fa6ab,resized/opencv_bilinear/zh_line_01/r_3p000000.png,786c28738f36b4c1ee88a714ed90e97c0bd49eaf17225cacae7922f4bf4d8d4c,/home/karan/ocr_study/fonts/microsoft-jhenghei.ttf,0,53,16,48.0,48,0.0,16,False,做假停偷側推售問,"做假停偷側推售問
",做假停偷側推售問,做假停偷側推售問,0,8,0.0,0.11047507500006759,ok,
zh_line_01,zh_tra,single_line,7,3.0,lanczos2_7tap_16phase,3.0,3.0,,canonical/zh_line_01/r_3p000000.png,d0bfe29113b6714654785e06937d4ca3ffc9c2738939ea7a3c6696a32e3fa6ab,resized/lanczos2_7tap_16phase/zh_line_01/r_3p000000.png,bac89788e0707c6fe86aebd65ddab6585c3dd9abadd46f515d59162c11363992,/home/karan/ocr_study/fonts/microsoft-jhenghei.ttf,0,53,16,48.0,48,0.0,16,False,做假停偷側推售問,"做假停偷側推售問
",做假停偷側推售問,做假停偷側推售問,0,8,0.0,0.10804930700032855,ok,
zh_line_01,zh_tra,single_line,7,3.0,lanczos3_7tap_16phase,3.0,3.0,,canonical/zh_line_01/r_3p000000.png,d0bfe29113b6714654785e06937d4ca3ffc9c2738939ea7a3c6696a32e3fa6ab,resized/lanczos3_7tap_16phase/zh_line_01/r_3p000000.png,1774ac378a852adebae03cd9e96ff37753d4a2e57924b0caff5b4cf08138462a,/home/karan/ocr_study/fonts/microsoft-jhenghei.ttf,0,53,16,48.0,48,0.0,18,True,做假停偷側推售問,"做假停偷側推售問
",做假停偷側推售問,做假停偷側推售問,0,8,0.0,0.10896303600020474,ok,
zh_line_02,zh_tra,single_line,7,1.0,bin_floor,1.0,1.0,1,canonical/zh_line_02/r_1p000000.png,866d91e982a44562cce367c34164fc5c9b55942dc64d5e63761267b975f5c3d8,resized/bin_floor/zh_line_02/r_1p000000.png,866d91e982a44562cce367c34164fc5c9b55942dc64d5e63761267b975f5c3d8,/home/karan/ocr_study/fonts/microsoft-jhenghei.ttf,0,17,16,16.0,16,0.0,16,False,唸唾啃啄執,"吟唾踢啄執
",唸唾啃啄執,吟唾踢啄執,2,5,0.4,0.10666619900075602,ok,
zh_line_02,zh_tra,single_line,7,1.0,bin_ceil,1.0,1.0,1,canonical/zh_line_02/r_1p000000.png,866d91e982a44562cce367c34164fc5c9b55942dc64d5e63761267b975f5c3d8,resized/bin_ceil/zh_line_02/r_1p000000.png,866d91e982a44562cce367c34164fc5c9b55942dc64d5e63761267b975f5c3d8,/home/karan/ocr_study/fonts/microsoft-jhenghei.ttf,0,17,16,16.0,16,0.0,16,False,唸唾啃啄執,"吟唾踢啄執
",唸唾啃啄執,吟唾踢啄執,2,5,0.4,0.11094383300041954,ok,
zh_line_02,zh_tra,single_line,7,1.0,opencv_bilinear,1.0,1.0,,canonical/zh_line_02/r_1p000000.png,866d91e982a44562cce367c34164fc5c9b55942dc64d5e63761267b975f5c3d8,resized/opencv_bilinear/zh_line_02/r_1p000000.png,866d91e982a44562cce367c34164fc5c9b55942dc64d5e63761267b975f5c3d8,/home/karan/ocr_study/fonts/microsoft-jhenghei.ttf,0,17,16,16.0,16,0.0,16,False,唸唾啃啄執,"吟唾踢啄執
",唸唾啃啄執,吟唾踢啄執,2,5,0.4,0.10828795399993396,ok,
zh_line_02,zh_tra,single_line,7,1.0,lanczos2_7tap_16phase,1.0,1.0,,canonical/zh_line_02/r_1p000000.png,866d91e982a44562cce367c34164fc5c9b55942dc64d5e63761267b975f5c3d8,resized/lanczos2_7tap_16phase/zh_line_02/r_1p000000.png,866d91e982a44562cce367c34164fc5c9b55942dc64d5e63761267b975f5c3d8,/home/karan/ocr_study/fonts/microsoft-jhenghei.ttf,0,17,16,16.0,16,0.0,16,False,唸唾啃啄執,"吟唾踢啄執
",唸唾啃啄執,吟唾踢啄執,2,5,0.4,0.11215186600020388,ok,
zh_line_02,zh_tra,single_line,7,1.0,lanczos3_7tap_16phase,1.0,1.0,,canonical/zh_line_02/r_1p000000.png,866d91e982a44562cce367c34164fc5c9b55942dc64d5e63761267b975f5c3d8,resized/lanczos3_7tap_16phase/zh_line_02/r_1p000000.png,866d91e982a44562cce367c34164fc5c9b55942dc64d5e63761267b975f5c3d8,/home/karan/ocr_study/fonts/microsoft-jhenghei.ttf,0,17,16,16.0,16,0.0,16,False,唸唾啃啄執,"吟唾踢啄執
",唸唾啃啄執,吟唾踢啄執,2,5,0.4,0.11293667999962054,ok,
zh_line_02,zh_tra,single_line,7,1.133333333333,bin_floor,1.0,1.0,1,canonical/zh_line_02/r_1p133333.png,1116dbb01385a3f02f687270276566c87b65fbe92e1ccada4dd5fbf721b978bc,resized/bin_floor/zh_line_02/r_1p133333.png,1116dbb01385a3f02f687270276566c87b65fbe92e1ccada4dd5fbf721b978bc,/home/karan/ocr_study/fonts/microsoft-jhenghei.ttf,0,20,16,18.133333333328,18,-0.13333333332800024,18,False,唸唾啃啄執,"吟唾嘴啄執
",唸唾啃啄執,吟唾嘴啄執,2,5,0.4,0.12027589500030444,ok,
zh_line_02,zh_tra,single_line,7,1.133333333333,bin_ceil,2.0,2.0,2,canonical/zh_line_02/r_1p133333.png,1116dbb01385a3f02f687270276566c87b65fbe92e1ccada4dd5fbf721b978bc,resized/bin_ceil/zh_line_02/r_1p133333.png,6a4055671a72fcd26a1299462503f6f8c9f86a20e962b430c301c0e450d2917d,/home/karan/ocr_study/fonts/microsoft-jhenghei.ttf,0,20,16,18.133333333328,18,-0.13333333332800024,9,False,唸唾啃啄執,"過
",唸唾啃啄執,過,5,5,1.0,0.11704269900019426,ok,
zh_line_02,zh_tra,single_line,7,1.133333333333,opencv_bilinear,1.1311475409836065,1.1311475409836065,,canonical/zh_line_02/r_1p133333.png,1116dbb01385a3f02f687270276566c87b65fbe92e1ccada4dd5fbf721b978bc,resized/opencv_bilinear/zh_line_02/r_1p133333.png,ed01128798d4a4da6f56b930258bf22780acc7ef0348939e5c6b05aaa3b1741a,/home/karan/ocr_study/fonts/microsoft-jhenghei.ttf,0,20,16,18.133333333328,18,-0.13333333332800024,16,False,唸唾啃啄執,"吟唾嘴啄執
",唸唾啃啄執,吟唾嘴啄執,2,5,0.4,0.1173138359999939,ok,
zh_line_02,zh_tra,single_line,7,1.133333333333,lanczos2_7tap_16phase,1.1311475409836065,1.1311475409836065,,canonical/zh_line_02/r_1p133333.png,1116dbb01385a3f02f687270276566c87b65fbe92e1ccada4dd5fbf721b978bc,resized/lanczos2_7tap_16phase/zh_line_02/r_1p133333.png,1bc69a4ab0a2769455749ae03bab254fbe47e2ed92e1d84de526cde36c6f57ef,/home/karan/ocr_study/fonts/microsoft-jhenghei.ttf,0,20,16,18.133333333328,18,-0.13333333332800024,16,False,唸唾啃啄執,"吟唾嘴啄執
",唸唾啃啄執,吟唾嘴啄執,2,5,0.4,0.1149460189999445,ok,
zh_line_02,zh_tra,single_line,7,1.133333333333,lanczos3_7tap_16phase,1.1311475409836065,1.1311475409836065,,canonical/zh_line_02/r_1p133333.png,1116dbb01385a3f02f687270276566c87b65fbe92e1ccada4dd5fbf721b978bc,resized/lanczos3_7tap_16phase/zh_line_02/r_1p133333.png,8a6fd0452ab0d4a5d867513017e5767066f6855c8afafd236d69cb3e3cad21e2,/home/karan/ocr_study/fonts/microsoft-jhenghei.ttf,0,20,16,18.133333333328,18,-0.13333333332800024,16,False,唸唾啃啄執,"吟唾嘴啄執
",唸唾啃啄執,吟唾嘴啄執,2,5,0.4,0.11580782500004716,ok,
zh_line_02,zh_tra,single_line,7,1.266666666667,bin_floor,1.0,1.0,1,canonical/zh_line_02/r_1p266667.png,9611970b10fc18a785d89d856a9ec4f1c0c91f33e427a66609985171ad95f7e0,resized/bin_floor/zh_line_02/r_1p266667.png,9611970b10fc18a785d89d856a9ec4f1c0c91f33e427a66609985171ad95f7e0,/home/karan/ocr_study/fonts/microsoft-jhenghei.ttf,0,22,16,20.266666666672,20,-0.26666666667199834,20,False,唸唾啃啄執,"吟唾嘴啄執
",唸唾啃啄執,吟唾嘴啄執,2,5,0.4,0.1314365190000899,ok,
zh_line_02,zh_tra,single_line,7,1.266666666667,bin_ceil,2.0,2.0,2,canonical/zh_line_02/r_1p266667.png,9611970b10fc18a785d89d856a9ec4f1c0c91f33e427a66609985171ad95f7e0,resized/bin_ceil/zh_line_02/r_1p266667.png,dda63797029e63bb1162c98de91a7f658fd5966f730961e9ec06dcf3a06bc489,/home/karan/ocr_study/fonts/microsoft-jhenghei.ttf,0,22,16,20.266666666672,20,-0.26666666667199834,11,False,唸唾啃啄執,"喉唾蝴只
",唸唾啃啄執,喉唾蝴只,4,5,0.8,0.1279678379996767,ok,
zh_line_02,zh_tra,single_line,7,1.266666666667,opencv_bilinear,1.271186440677966,1.271186440677966,,canonical/zh_line_02/r_1p266667.png,9611970b10fc18a785d89d856a9ec4f1c0c91f33e427a66609985171ad95f7e0,resized/opencv_bilinear/zh_line_02/r_1p266667.png,439a2ad6a534d55ab4627a5b2a39d7ec20974a749117599c983b3d88328a983e,/home/karan/ocr_study/fonts/microsoft-jhenghei.ttf,0,22,16,20.266666666672,20,-0.26666666667199834,16,False,唸唾啃啄執,"吟唾嘴啄執
",唸唾啃啄執,吟唾嘴啄執,2,5,0.4,0.1286434889998418,ok,
zh_line_02,zh_tra,single_line,7,1.266666666667,lanczos2_7tap_16phase,1.271186440677966,1.271186440677966,,canonical/zh_line_02/r_1p266667.png,9611970b10fc18a785d89d856a9ec4f1c0c91f33e427a66609985171ad95f7e0,resized/lanczos2_7tap_16phase/zh_line_02/r_1p266667.png,c855accaa8171944a4bc43d171e2c2871f9d53c0b076217117711957e0d4565e,/home/karan/ocr_study/fonts/microsoft-jhenghei.ttf,0,22,16,20.266666666672,20,-0.26666666667199834,16,False,唸唾啃啄執,"吟唾嘴啄執
",唸唾啃啄執,吟唾嘴啄執,2,5,0.4,0.11757165899962274,ok,
zh_line_02,zh_tra,single_line,7,1.266666666667,lanczos3_7tap_16phase,1.271186440677966,1.271186440677966,,canonical/zh_line_02/r_1p266667.png,9611970b10fc18a785d89d856a9ec4f1c0c91f33e427a66609985171ad95f7e0,resized/lanczos3_7tap_16phase/zh_line_02/r_1p266667.png,6bc41144808d2d12f987f6b17639af4f5752a83fa5b3f65317a09ce637b3a556,/home/karan/ocr_study/fonts/microsoft-jhenghei.ttf,0,22,16,20.266666666672,20,-0.26666666667199834,16,False,唸唾啃啄執,"吟唾嘴啄執
",唸唾啃啄執,吟唾嘴啄執,2,5,0.4,0.11853249599971605,ok,
zh_line_02,zh_tra,single_line,7,1.4,bin_floor,1.0,1.0,1,canonical/zh_line_02/r_1p400000.png,3f9995db304b56c36921c3029611b05d856726748a1cd0eea2896033948b283d,resized/bin_floor/zh_line_02/r_1p400000.png,3f9995db304b56c36921c3029611b05d856726748a1cd0eea2896033948b283d,/home/karan/ocr_study/fonts/microsoft-jhenghei.ttf,0,25,16,22.4,22,-0.3999999999999986,22,False,唸唾啃啄執,"叭唾嘴啄執
",唸唾啃啄執,叭唾嘴啄執,2,5,0.4,0.11794864700004837,ok,
zh_line_02,zh_tra,single_line,7,1.4,bin_ceil,2.0,2.0,2,canonical/zh_line_02/r_1p400000.png,3f9995db304b56c36921c3029611b05d856726748a1cd0eea2896033948b283d,resized/bin_ceil/zh_line_02/r_1p400000.png,cfb49f0afe4e96d32a8afbc9640c316b90f28f81bb320dd8d17c82a987b237fe,/home/karan/ocr_study/fonts/microsoft-jhenghei.ttf,0,25,16,22.4,22,-0.3999999999999986,11,False,唸唾啃啄執,"嗆睡踢啄幸
",唸唾啃啄執,嗆睡踢啄幸,4,5,0.8,0.11204182199981005,ok,
zh_line_02,zh_tra,single_line,7,1.4,opencv_bilinear,1.403225806451613,1.403225806451613,,canonical/zh_line_02/r_1p400000.png,3f9995db304b56c36921c3029611b05d856726748a1cd0eea2896033948b283d,resized/opencv_bilinear/zh_line_02/r_1p400000.png,a0d7413a108fb01d2eda329ae7394e3e1fbe36e04190dfbc34e4904da6fa04e4,/home/karan/ocr_study/fonts/microsoft-jhenghei.ttf,0,25,16,22.4,22,-0.3999999999999986,16,False,唸唾啃啄執,"吟唾嘴吸執
",唸唾啃啄執,吟唾嘴吸執,3,5,0.6,0.11653234200002771,ok,
zh_line_02,zh_tra,single_line,7,1.4,lanczos2_7tap_16phase,1.403225806451613,1.403225806451613,,canonical/zh_line_02/r_1p400000.png,3f9995db304b56c36921c3029611b05d856726748a1cd0eea2896033948b283d,resized/lanczos2_7tap_16phase/zh_line_02/r_1p400000.png,2f9e067df87d60f0c65d4f22c585d41ce5b13ce4dd86d6f06d6c0b7eaca0d5ee,/home/karan/ocr_study/fonts/microsoft-jhenghei.ttf,0,25,16,22.4,22,-0.3999999999999986,16,False,唸唾啃啄執,"叭唾嘴啄執
",唸唾啃啄執,叭唾嘴啄執,2,5,0.4,0.11423223299971141,ok,
zh_line_02,zh_tra,single_line,7,1.4,lanczos3_7tap_16phase,1.403225806451613,1.403225806451613,,canonical/zh_line_02/r_1p400000.png,3f9995db304b56c36921c3029611b05d856726748a1cd0eea2896033948b283d,resized/lanczos3_7tap_16phase/zh_line_02/r_1p400000.png,a4d5d6237f650fb1bfdc972f1957e805b3525e0f9a8bb4dc4fa554d2ab83c86a,/home/karan/ocr_study/fonts/microsoft-jhenghei.ttf,0,25,16,22.4,22,-0.3999999999999986,16,False,唸唾啃啄執,"叭唾嘴啄執
",唸唾啃啄執,叭唾嘴啄執,2,5,0.4,0.1137971859998288,ok,
zh_line_02,zh_tra,single_line,7,1.533333333333,bin_floor,1.0,1.0,1,canonical/zh_line_02/r_1p533333.png,2b61ba07661e414c96079e6948f37b8f1cb48a235711b1f372e6763de508c3e0,resized/bin_floor/zh_line_02/r_1p533333.png,2b61ba07661e414c96079e6948f37b8f1cb48a235711b1f372e6763de508c3e0,/home/karan/ocr_study/fonts/microsoft-jhenghei.ttf,0,27,16,24.533333333328,24,-0.5333333333279988,24,False,唸唾啃啄執,"吟唾嘴啄執
",唸唾啃啄執,吟唾嘴啄執,2,5,0.4,0.11722741900030087,ok,
zh_line_02,zh_tra,single_line,7,1.533333333333,bin_ceil,2.0,2.0,2,canonical/zh_line_02/r_1p533333.png,2b61ba07661e414c96079e6948f37b8f1cb48a235711b1f372e6763de508c3e0,resized/bin_ceil/zh_line_02/r_1p533333.png,719d6f91c98cbfefedc70f1bb9e134ddb7a3f42addf278c77c7b25b5fb051573,/home/karan/ocr_study/fonts/microsoft-jhenghei.ttf,0,27,16,24.533333333328,24,-0.5333333333279988,13,False,唸唾啃啄執,"吟唾踢啄執
",唸唾啃啄執,吟唾踢啄執,2,5,0.4,0.11126027299997077,ok,
zh_line_02,zh_tra,single_line,7,1.533333333333,opencv_bilinear,1.537190082644628,1.537190082644628,,canonical/zh_line_02/r_1p533333.png,2b61ba07661e414c96079e6948f37b8f1cb48a235711b1f372e6763de508c3e0,resized/opencv_bilinear/zh_line_02/r_1p533333.png,b22ac39b3c90b28ceafc31e6fac4362bc1c9db5ebbf4f51c608de969a771048c,/home/karan/ocr_study/fonts/microsoft-jhenghei.ttf,0,27,16,24.533333333328,24,-0.5333333333279988,17,False,唸唾啃啄執,"吟唾嘴啄執
",唸唾啃啄執,吟唾嘴啄執,2,5,0.4,0.11449395699946763,ok,
zh_line_02,zh_tra,single_line,7,1.533333333333,lanczos2_7tap_16phase,1.537190082644628,1.537190082644628,,canonical/zh_line_02/r_1p533333.png,2b61ba07661e414c96079e6948f37b8f1cb48a235711b1f372e6763de508c3e0,resized/lanczos2_7tap_16phase/zh_line_02/r_1p533333.png,a72f4af3492f145d39aecd8e9cb0774152b6920bf30e79ecb5e49e88621759a6,/home/karan/ocr_study/fonts/microsoft-jhenghei.ttf,0,27,16,24.533333333328,24,-0.5333333333279988,17,False,唸唾啃啄執,"吟唾嘴啄執
",唸唾啃啄執,吟唾嘴啄執,2,5,0.4,0.11334337500011316,ok,
zh_line_02,zh_tra,single_line,7,1.533333333333,lanczos3_7tap_16phase,1.537190082644628,1.537190082644628,,canonical/zh_line_02/r_1p533333.png,2b61ba07661e414c96079e6948f37b8f1cb48a235711b1f372e6763de508c3e0,resized/lanczos3_7tap_16phase/zh_line_02/r_1p533333.png,6dcb94c6545e0362d40ca1091444f1aab8d0a9d84acc0f8b4b2904d6fb2beff5,/home/karan/ocr_study/fonts/microsoft-jhenghei.ttf,0,27,16,24.533333333328,24,-0.5333333333279988,17,False,唸唾啃啄執,"吟唾嘴啄執
",唸唾啃啄執,吟唾嘴啄執,2,5,0.4,0.11085347500011267,ok,
zh_line_02,zh_tra,single_line,7,1.666666666667,bin_floor,1.0,1.0,1,canonical/zh_line_02/r_1p666667.png,b55206537b30f7792d56fa8dac1dcb47389f67cd208a8299b16407d752b8aba8,resized/bin_floor/zh_line_02/r_1p666667.png,b55206537b30f7792d56fa8dac1dcb47389f67cd208a8299b16407d752b8aba8,/home/karan/ocr_study/fonts/microsoft-jhenghei.ttf,0,30,16,26.666666666672,27,0.3333333333279995,27,False,唸唾啃啄執,"唸唾嘴啄執
",唸唾啃啄執,唸唾嘴啄執,1,5,0.2,0.11554955800056632,ok,
zh_line_02,zh_tra,single_line,7,1.666666666667,bin_ceil,2.0,2.0,2,canonical/zh_line_02/r_1p666667.png,b55206537b30f7792d56fa8dac1dcb47389f67cd208a8299b16407d752b8aba8,resized/bin_ceil/zh_line_02/r_1p666667.png,673f2553d5f8e932bfc6c6c7657b9cbbf253f2b5e17c3aef509015370e7c5729,/home/karan/ocr_study/fonts/microsoft-jhenghei.ttf,0,30,16,26.666666666672,27,0.3333333333279995,14,False,唸唾啃啄執,"吟唾嘴啄執
",唸唾啃啄執,吟唾嘴啄執,2,5,0.4,0.11854623399995035,ok,
zh_line_02,zh_tra,single_line,7,1.666666666667,opencv_bilinear,1.6721311475409837,1.6721311475409837,,canonical/zh_line_02/r_1p666667.png,b55206537b30f7792d56fa8dac1dcb47389f67cd208a8299b16407d752b8aba8,resized/opencv_bilinear/zh_line_02/r_1p666667.png,d075ac72d5c6a9665e80049d22f75219bb28af5f9cc35b00870c33efcf965f6b,/home/karan/ocr_study/fonts/microsoft-jhenghei.ttf,0,30,16,26.666666666672,27,0.3333333333279995,17,False,唸唾啃啄執,"吟唾嘴啄執
",唸唾啃啄執,吟唾嘴啄執,2,5,0.4,0.12480185000003985,ok,
zh_line_02,zh_tra,single_line,7,1.666666666667,lanczos2_7tap_16phase,1.6721311475409837,1.6721311475409837,,canonical/zh_line_02/r_1p666667.png,b55206537b30f7792d56fa8dac1dcb47389f67cd208a8299b16407d752b8aba8,resized/lanczos2_7tap_16phase/zh_line_02/r_1p666667.png,c82e054a1843362098120a123591a0a4b1e2dd0dbaef16894fdf690cf9c726f2,/home/karan/ocr_study/fonts/microsoft-jhenghei.ttf,0,30,16,26.666666666672,27,0.3333333333279995,17,False,唸唾啃啄執,"吟唾嘴啄執
",唸唾啃啄執,吟唾嘴啄執,2,5,0.4,0.11507415899995976,ok,
zh_line_02,zh_tra,single_line,7,1.666666666667,lanczos3_7tap_16phase,1.6721311475409837,1.6721311475409837,,canonical/zh_line_02/r_1p666667.png,b55206537b30f7792d56fa8dac1dcb47389f67cd208a8299b16407d752b8aba8,resized/lanczos3_7tap_16phase/zh_line_02/r_1p666667.png,8a145893fb315444278b7ba511d7d68781228e955b54285feaab744d9d09620c,/home/karan/ocr_study/fonts/microsoft-jhenghei.ttf,0,30,16,26.666666666672,27,0.3333333333279995,17,False,唸唾啃啄執,"吟唾嘴啄執
",唸唾啃啄執,吟唾嘴啄執,2,5,0.4,0.11625085899959231,ok,
zh_line_02,zh_tra,single_line,7,1.8,bin_floor,1.0,1.0,1,canonical/zh_line_02/r_1p800000.png,5215bdba9e00920baa641f4b227daf8825173f5a099482d32bcb68b6d0e1376b,resized/bin_floor/zh_line_02/r_1p800000.png,5215bdba9e00920baa641f4b227daf8825173f5a099482d32bcb68b6d0e1376b,/home/karan/ocr_study/fonts/microsoft-jhenghei.ttf,0,32,16,28.8,29,0.1999999999999993,29,False,唸唾啃啄執,"吟唾嘴啄執
",唸唾啃啄執,吟唾嘴啄執,2,5,0.4,0.11849604600047314,ok,
zh_line_02,zh_tra,single_line,7,1.8,bin_ceil,2.0,2.0,2,canonical/zh_line_02/r_1p800000.png,5215bdba9e00920baa641f4b227daf8825173f5a099482d32bcb68b6d0e1376b,resized/bin_ceil/zh_line_02/r_1p800000.png,4d13d29297a1e34e34e0cabd7153c9c024bd93d3c461063728e96a27a6813e39,/home/karan/ocr_study/fonts/microsoft-jhenghei.ttf,0,32,16,28.8,29,0.1999999999999993,15,False,唸唾啃啄執,"吟唾嘴啄執
",唸唾啃啄執,吟唾嘴啄執,2,5,0.4,0.1154523959994549,ok,
zh_line_02,zh_tra,single_line,7,1.8,opencv_bilinear,1.8048780487804879,1.8048780487804879,,canonical/zh_line_02/r_1p800000.png,5215bdba9e00920baa641f4b227daf8825173f5a099482d32bcb68b6d0e1376b,resized/opencv_bilinear/zh_line_02/r_1p800000.png,359bc61aa88dbfca97c6742cecf7e6f339f4b14eb1d274ddc40a234dfef60e6b,/home/karan/ocr_study/fonts/microsoft-jhenghei.ttf,0,32,16,28.8,29,0.1999999999999993,17,False,唸唾啃啄執,"吟咕踢啄執
",唸唾啃啄執,吟咕踢啄執,3,5,0.6,0.114915357999962,ok,
zh_line_02,zh_tra,single_line,7,1.8,lanczos2_7tap_16phase,1.8048780487804879,1.8048780487804879,,canonical/zh_line_02/r_1p800000.png,5215bdba9e00920baa641f4b227daf8825173f5a099482d32bcb68b6d0e1376b,resized/lanczos2_7tap_16phase/zh_line_02/r_1p800000.png,7008ffa7aa425b743aa574282f97076d8766ee2a4b611eddbff8fe7ddc29c552,/home/karan/ocr_study/fonts/microsoft-jhenghei.ttf,0,32,16,28.8,29,0.1999999999999993,17,False,唸唾啃啄執,"吟唾踢啄執
",唸唾啃啄執,吟唾踢啄執,2,5,0.4,0.11864007500025764,ok,
zh_line_02,zh_tra,single_line,7,1.8,lanczos3_7tap_16phase,1.8048780487804879,1.8048780487804879,,canonical/zh_line_02/r_1p800000.png,5215bdba9e00920baa641f4b227daf8825173f5a099482d32bcb68b6d0e1376b,resized/lanczos3_7tap_16phase/zh_line_02/r_1p800000.png,7382e840df2e7973cc9f54234f5c9a687b00a1dfcfecd9825ee5598468d7d1f5,/home/karan/ocr_study/fonts/microsoft-jhenghei.ttf,0,32,16,28.8,29,0.1999999999999993,17,False,唸唾啃啄執,"吟唾踢啄執
",唸唾啃啄執,吟唾踢啄執,2,5,0.4,0.11327227299989318,ok,
zh_line_02,zh_tra,single_line,7,1.933333333333,bin_floor,1.0,1.0,1,canonical/zh_line_02/r_1p933333.png,096fdd2d57d346376ebe0d258cf7d05ef610fe8d3840b67b4cb8eb1a5022f8cf,resized/bin_floor/zh_line_02/r_1p933333.png,096fdd2d57d346376ebe0d258cf7d05ef610fe8d3840b67b4cb8eb1a5022f8cf,/home/karan/ocr_study/fonts/microsoft-jhenghei.ttf,0,35,16,30.933333333328,31,0.06666666667199905,31,False,唸唾啃啄執,"吟唾嘴啄執
",唸唾啃啄執,吟唾嘴啄執,2,5,0.4,0.11369190599998547,ok,
zh_line_02,zh_tra,single_line,7,1.933333333333,bin_ceil,2.0,2.0,2,canonical/zh_line_02/r_1p933333.png,096fdd2d57d346376ebe0d258cf7d05ef610fe8d3840b67b4cb8eb1a5022f8cf,resized/bin_ceil/zh_line_02/r_1p933333.png,12d3fc2b8902ee1fc081b1074b9dd6e42ebb07fd895b17374145813aeef25f34,/home/karan/ocr_study/fonts/microsoft-jhenghei.ttf,0,35,16,30.933333333328,31,0.06666666667199905,16,False,唸唾啃啄執,"吟唾嘴啄執
",唸唾啃啄執,吟唾嘴啄執,2,5,0.4,0.11905412000032811,ok,
zh_line_02,zh_tra,single_line,7,1.933333333333,opencv_bilinear,1.935483870967742,1.935483870967742,,canonical/zh_line_02/r_1p933333.png,096fdd2d57d346376ebe0d258cf7d05ef610fe8d3840b67b4cb8eb1a5022f8cf,resized/opencv_bilinear/zh_line_02/r_1p933333.png,b7f8a2fa8533e276db307839e6cc14d6844c56436a61d92bc540ee1e1c18318d,/home/karan/ocr_study/fonts/microsoft-jhenghei.ttf,0,35,16,30.933333333328,31,0.06666666667199905,17,False,唸唾啃啄執,"吟唾啃啄執
",唸唾啃啄執,吟唾啃啄執,1,5,0.2,0.11600605900002847,ok,
zh_line_02,zh_tra,single_line,7,1.933333333333,lanczos2_7tap_16phase,1.935483870967742,1.935483870967742,,canonical/zh_line_02/r_1p933333.png,096fdd2d57d346376ebe0d258cf7d05ef610fe8d3840b67b4cb8eb1a5022f8cf,resized/lanczos2_7tap_16phase/zh_line_02/r_1p933333.png,53e1922fad175451c41ac06c88e40b275d4f6d04ba68009604b2f7322a242ec8,/home/karan/ocr_study/fonts/microsoft-jhenghei.ttf,0,35,16,30.933333333328,31,0.06666666667199905,17,False,唸唾啃啄執,"吟唾嘴啄執
",唸唾啃啄執,吟唾嘴啄執,2,5,0.4,0.11767259600037505,ok,
zh_line_02,zh_tra,single_line,7,1.933333333333,lanczos3_7tap_16phase,1.935483870967742,1.935483870967742,,canonical/zh_line_02/r_1p933333.png,096fdd2d57d346376ebe0d258cf7d05ef610fe8d3840b67b4cb8eb1a5022f8cf,resized/lanczos3_7tap_16phase/zh_line_02/r_1p933333.png,84d4809799f33f4483df789e4810473a9fb6935d5b198a65c9961bc26835e95f,/home/karan/ocr_study/fonts/microsoft-jhenghei.ttf,0,35,16,30.933333333328,31,0.06666666667199905,17,False,唸唾啃啄執,"吟唾嘴啄執
",唸唾啃啄執,吟唾嘴啄執,2,5,0.4,0.11324002399942401,ok,
zh_line_02,zh_tra,single_line,7,2.066666666667,bin_floor,2.0,2.0,2,canonical/zh_line_02/r_2p066667.png,fe9b5bb477258ca1ec8e8a593202b2162ff71ce27693e1376b04882b1d1f4b84,resized/bin_floor/zh_line_02/r_2p066667.png,f303a724e888f64c9c2b435e5186c9ffae65a73f3fec6c52ae6186de64f6016d,/home/karan/ocr_study/fonts/microsoft-jhenghei.ttf,0,37,16,33.066666666672,33,-0.06666666667199905,17,False,唸唾啃啄執,"吟唾嘴啄執
",唸唾啃啄執,吟唾嘴啄執,2,5,0.4,0.11394912899959309,ok,
zh_line_02,zh_tra,single_line,7,2.066666666667,bin_ceil,3.0,3.0,3,canonical/zh_line_02/r_2p066667.png,fe9b5bb477258ca1ec8e8a593202b2162ff71ce27693e1376b04882b1d1f4b84,resized/bin_ceil/zh_line_02/r_2p066667.png,f8de4b660eebf4ae5999d71f55fb615b3dd3fb458bbe663918d85cab55325add,/home/karan/ocr_study/fonts/microsoft-jhenghei.ttf,0,37,16,33.066666666672,33,-0.06666666667199905,12,False,唸唾啃啄執,"吟唾嘴啄執
",唸唾啃啄執,吟唾嘴啄執,2,5,0.4,0.11439569800040772,ok,
zh_line_02,zh_tra,single_line,7,2.066666666667,opencv_bilinear,2.0655737704918034,2.0655737704918034,,canonical/zh_line_02/r_2p066667.png,fe9b5bb477258ca1ec8e8a593202b2162ff71ce27693e1376b04882b1d1f4b84,resized/opencv_bilinear/zh_line_02/r_2p066667.png,40328d249d5051b70bcf8ae0238fa68391f1053a065ea9ced89ff299f5afb083,/home/karan/ocr_study/fonts/microsoft-jhenghei.ttf,0,37,16,33.066666666672,33,-0.06666666667199905,16,False,唸唾啃啄執,"吟唾嘴啄執
",唸唾啃啄執,吟唾嘴啄執,2,5,0.4,0.11931579199972475,ok,
zh_line_02,zh_tra,single_line,7,2.066666666667,lanczos2_7tap_16phase,2.0655737704918034,2.0655737704918034,,canonical/zh_line_02/r_2p066667.png,fe9b5bb477258ca1ec8e8a593202b2162ff71ce27693e1376b04882b1d1f4b84,resized/lanczos2_7tap_16phase/zh_line_02/r_2p066667.png,a8d5fcaa4bafe604c08bf5981655350d13782ee93ba6e25c1ea04c9fbbfd9a7e,/home/karan/ocr_study/fonts/microsoft-jhenghei.ttf,0,37,16,33.066666666672,33,-0.06666666667199905,17,False,唸唾啃啄執,"吟唾啃啄執
",唸唾啃啄執,吟唾啃啄執,1,5,0.2,0.1151374789997135,ok,
zh_line_02,zh_tra,single_line,7,2.066666666667,lanczos3_7tap_16phase,2.0655737704918034,2.0655737704918034,,canonical/zh_line_02/r_2p066667.png,fe9b5bb477258ca1ec8e8a593202b2162ff71ce27693e1376b04882b1d1f4b84,resized/lanczos3_7tap_16phase/zh_line_02/r_2p066667.png,0711d903fe4f5a2a6290439d1c2bfb2d0fb424e5318bf6e77991cd4decfeac38,/home/karan/ocr_study/fonts/microsoft-jhenghei.ttf,0,37,16,33.066666666672,33,-0.06666666667199905,17,False,唸唾啃啄執,"吟唾啃啄執
",唸唾啃啄執,吟唾啃啄執,1,5,0.2,0.11707364199992298,ok,
zh_line_02,zh_tra,single_line,7,2.2,bin_floor,2.0,2.0,2,canonical/zh_line_02/r_2p200000.png,d3a6320388a5c1f337d47eceb581151f5d033fd914536ee29aed879add6aad04,resized/bin_floor/zh_line_02/r_2p200000.png,e1279ca265ec042741b363a6964d98b7e68d73d45b841e016b2f83846e62e25a,/home/karan/ocr_study/fonts/microsoft-jhenghei.ttf,0,38,16,35.2,35,-0.20000000000000284,18,False,唸唾啃啄執,"吟唾嘴啄執
",唸唾啃啄執,吟唾嘴啄執,2,5,0.4,0.11714456000026985,ok,
zh_line_02,zh_tra,single_line,7,2.2,bin_ceil,3.0,3.0,3,canonical/zh_line_02/r_2p200000.png,d3a6320388a5c1f337d47eceb581151f5d033fd914536ee29aed879add6aad04,resized/bin_ceil/zh_line_02/r_2p200000.png,c59f764008795790f1f721c37ca0d4c2028ceb53b1ca7d0682181d5d038be280,/home/karan/ocr_study/fonts/microsoft-jhenghei.ttf,0,38,16,35.2,35,-0.20000000000000284,12,False,唸唾啃啄執,"哈唾踢明幸
",唸唾啃啄執,哈唾踢明幸,4,5,0.8,0.11505495999972482,ok,
zh_line_02,zh_tra,single_line,7,2.2,opencv_bilinear,2.2,2.2,,canonical/zh_line_02/r_2p200000.png,d3a6320388a5c1f337d47eceb581151f5d033fd914536ee29aed879add6aad04,resized/opencv_bilinear/zh_line_02/r_2p200000.png,c454bcdb31a0dddcbc43eb81e2d2c72c336a845d42fef5aaddadd62b4f97a5ab,/home/karan/ocr_study/fonts/microsoft-jhenghei.ttf,0,38,16,35.2,35,-0.20000000000000284,16,False,唸唾啃啄執,"吟唾嘴啄執
",唸唾啃啄執,吟唾嘴啄執,2,5,0.4,0.11547861600047327,ok,
zh_line_02,zh_tra,single_line,7,2.2,lanczos2_7tap_16phase,2.2,2.2,,canonical/zh_line_02/r_2p200000.png,d3a6320388a5c1f337d47eceb581151f5d033fd914536ee29aed879add6aad04,resized/lanczos2_7tap_16phase/zh_line_02/r_2p200000.png,e6b1d7e729105ec7d0acedd0b3060de7076ad579af7452ca790e33000006d433,/home/karan/ocr_study/fonts/microsoft-jhenghei.ttf,0,38,16,35.2,35,-0.20000000000000284,17,False,唸唾啃啄執,"吟唾嘴啄執
",唸唾啃啄執,吟唾嘴啄執,2,5,0.4,0.1153593519993592,ok,
zh_line_02,zh_tra,single_line,7,2.2,lanczos3_7tap_16phase,2.2,2.2,,canonical/zh_line_02/r_2p200000.png,d3a6320388a5c1f337d47eceb581151f5d033fd914536ee29aed879add6aad04,resized/lanczos3_7tap_16phase/zh_line_02/r_2p200000.png,cfba4d72f32a84bc65599cda6f66e521d05dda5862dee2480ddef30d66a7c5aa,/home/karan/ocr_study/fonts/microsoft-jhenghei.ttf,0,38,16,35.2,35,-0.20000000000000284,17,False,唸唾啃啄執,"吟唾嘴啄執
",唸唾啃啄執,吟唾嘴啄執,2,5,0.4,0.1164076599998225,ok,
zh_line_02,zh_tra,single_line,7,2.333333333333,bin_floor,2.0,2.0,2,canonical/zh_line_02/r_2p333333.png,d55a422aeb6f9f2a1d1420630687a3eadf221822c5115709ee1c8b8d0e50e03e,resized/bin_floor/zh_line_02/r_2p333333.png,db452540f1cc37913771914ea43fa84a4ba90d32390093fae172c7a1f3cd73ee,/home/karan/ocr_study/fonts/microsoft-jhenghei.ttf,0,41,16,37.333333333328,37,-0.3333333333279995,19,False,唸唾啃啄執,"吟唾嘴啄執
",唸唾啃啄執,吟唾嘴啄執,2,5,0.4,0.11923190800007433,ok,
zh_line_02,zh_tra,single_line,7,2.333333333333,bin_ceil,3.0,3.0,3,canonical/zh_line_02/r_2p333333.png,d55a422aeb6f9f2a1d1420630687a3eadf221822c5115709ee1c8b8d0e50e03e,resized/bin_ceil/zh_line_02/r_2p333333.png,0a8d932d06fdf94080262d9b908ff5bab13c53215cc380743684e7f9eb9e4dbf,/home/karan/ocr_study/fonts/microsoft-jhenghei.ttf,0,41,16,37.333333333328,37,-0.3333333333279995,13,False,唸唾啃啄執,"吟唾踢啄執
",唸唾啃啄執,吟唾踢啄執,2,5,0.4,0.115364917000079,ok,
zh_line_02,zh_tra,single_line,7,2.333333333333,opencv_bilinear,2.330578512396694,2.330578512396694,,canonical/zh_line_02/r_2p333333.png,d55a422aeb6f9f2a1d1420630687a3eadf221822c5115709ee1c8b8d0e50e03e,resized/opencv_bilinear/zh_line_02/r_2p333333.png,18c695cddfa074aa80ff3e1e7104b5f6d169933e64acb7d3f98f7a1f2e16229b,/home/karan/ocr_study/fonts/microsoft-jhenghei.ttf,0,41,16,37.333333333328,37,-0.3333333333279995,16,False,唸唾啃啄執,"吟唾啃啄執
",唸唾啃啄執,吟唾啃啄執,1,5,0.2,0.1153151690004961,ok,
zh_line_02,zh_tra,single_line,7,2.333333333333,lanczos2_7tap_16phase,2.330578512396694,2.330578512396694,,canonical/zh_line_02/r_2p333333.png,d55a422aeb6f9f2a1d1420630687a3eadf221822c5115709ee1c8b8d0e50e03e,resized/lanczos2_7tap_16phase/zh_line_02/r_2p333333.png,58455bb30298212c1193c5efb5b3942820fc8268f03f1aff278434b4bf149e3a,/home/karan/ocr_study/fonts/microsoft-jhenghei.ttf,0,41,16,37.333333333328,37,-0.3333333333279995,17,False,唸唾啃啄執,"吟唾踢啄執
",唸唾啃啄執,吟唾踢啄執,2,5,0.4,0.10995840599935036,ok,
zh_line_02,zh_tra,single_line,7,2.333333333333,lanczos3_7tap_16phase,2.330578512396694,2.330578512396694,,canonical/zh_line_02/r_2p333333.png,d55a422aeb6f9f2a1d1420630687a3eadf221822c5115709ee1c8b8d0e50e03e,resized/lanczos3_7tap_16phase/zh_line_02/r_2p333333.png,94be7f977ec97c852c55fed7481f7fb62fc12add2fe1b96c8443dcc2409612e8,/home/karan/ocr_study/fonts/microsoft-jhenghei.ttf,0,41,16,37.333333333328,37,-0.3333333333279995,17,False,唸唾啃啄執,"吟唾踢啄執
",唸唾啃啄執,吟唾踢啄執,2,5,0.4,0.1112742609993802,ok,
zh_line_02,zh_tra,single_line,7,2.466666666667,bin_floor,2.0,2.0,2,canonical/zh_line_02/r_2p466667.png,11561f6a920eeb4e324bcd2171f77edb556dbd1a1ab0151e53fd3b526c127302,resized/bin_floor/zh_line_02/r_2p466667.png,22bf7a3babb0cf003f9e269eec8048adfb4c9def20ce7bb00c74daa73a08cfe7,/home/karan/ocr_study/fonts/microsoft-jhenghei.ttf,0,43,16,39.466666666672,39,-0.46666666667199763,20,False,唸唾啃啄執,"吟唾嘴啄執
",唸唾啃啄執,吟唾嘴啄執,2,5,0.4,0.1151012880000053,ok,
zh_line_02,zh_tra,single_line,7,2.466666666667,bin_ceil,3.0,3.0,3,canonical/zh_line_02/r_2p466667.png,11561f6a920eeb4e324bcd2171f77edb556dbd1a1ab0151e53fd3b526c127302,resized/bin_ceil/zh_line_02/r_2p466667.png,ee3f841bfbd443f0e3a2caaea2b97cbcf5f4d934abd9c939e74d623aa614e411,/home/karan/ocr_study/fonts/microsoft-jhenghei.ttf,0,43,16,39.466666666672,39,-0.46666666667199763,14,False,唸唾啃啄執,"吟唾嘴啄執
",唸唾啃啄執,吟唾嘴啄執,2,5,0.4,0.11444743999982165,ok,
zh_line_02,zh_tra,single_line,7,2.466666666667,opencv_bilinear,2.4705882352941178,2.4705882352941178,,canonical/zh_line_02/r_2p466667.png,11561f6a920eeb4e324bcd2171f77edb556dbd1a1ab0151e53fd3b526c127302,resized/opencv_bilinear/zh_line_02/r_2p466667.png,96c36e9756578bd6d620cfd882203ddf22b93c9ba8c97f2ffba6c95dbf5e3355,/home/karan/ocr_study/fonts/microsoft-jhenghei.ttf,0,43,16,39.466666666672,39,-0.46666666667199763,16,False,唸唾啃啄執,"吟唾啃啄執
",唸唾啃啄執,吟唾啃啄執,1,5,0.2,0.117856321000545,ok,
zh_line_02,zh_tra,single_line,7,2.466666666667,lanczos2_7tap_16phase,2.4705882352941178,2.4705882352941178,,canonical/zh_line_02/r_2p466667.png,11561f6a920eeb4e324bcd2171f77edb556dbd1a1ab0151e53fd3b526c127302,resized/lanczos2_7tap_16phase/zh_line_02/r_2p466667.png,15e33fdec40b31d53682784d584a9cf515703ceb88dce5943ce096fe276499dc,/home/karan/ocr_study/fonts/microsoft-jhenghei.ttf,0,43,16,39.466666666672,39,-0.46666666667199763,17,False,唸唾啃啄執,"吟唾踢啄執
",唸唾啃啄執,吟唾踢啄執,2,5,0.4,0.11079674199936562,ok,
zh_line_02,zh_tra,single_line,7,2.466666666667,lanczos3_7tap_16phase,2.4705882352941178,2.4705882352941178,,canonical/zh_line_02/r_2p466667.png,11561f6a920eeb4e324bcd2171f77edb556dbd1a1ab0151e53fd3b526c127302,resized/lanczos3_7tap_16phase/zh_line_02/r_2p466667.png,4a691dcbc60c404238600c8ba525ad80c81420a67a57d46a4433b936313b358c,/home/karan/ocr_study/fonts/microsoft-jhenghei.ttf,0,43,16,39.466666666672,39,-0.46666666667199763,17,False,唸唾啃啄執,"吟唾踢啄執
",唸唾啃啄執,吟唾踢啄執,2,5,0.4,0.11503821299993433,ok,
zh_line_02,zh_tra,single_line,7,2.6,bin_floor,2.0,2.0,2,canonical/zh_line_02/r_2p600000.png,de6eca6393df9cbc8843455c99a26bb2f353262e9b812c31468c2f3bb97095ea,resized/bin_floor/zh_line_02/r_2p600000.png,9a03928de74ea4428f619bf0c0b9f5975084fb8c9e1e02e7c3c29c05683f0d4d,/home/karan/ocr_study/fonts/microsoft-jhenghei.ttf,0,46,16,41.6,41,-0.6000000000000014,21,False,唸唾啃啄執,"吟唾嘴啄執
",唸唾啃啄執,吟唾嘴啄執,2,5,0.4,0.11540819900073984,ok,
zh_line_02,zh_tra,single_line,7,2.6,bin_ceil,3.0,3.0,3,canonical/zh_line_02/r_2p600000.png,de6eca6393df9cbc8843455c99a26bb2f353262e9b812c31468c2f3bb97095ea,resized/bin_ceil/zh_line_02/r_2p600000.png,aed229b3d5cc586021ca2de33216f8fc773b0ebfbfe54a16bcf5bc5bebe1ab41,/home/karan/ocr_study/fonts/microsoft-jhenghei.ttf,0,46,16,41.6,41,-0.6000000000000014,14,False,唸唾啃啄執,"吟唾中啄執
",唸唾啃啄執,吟唾中啄執,2,5,0.4,0.11729394199937815,ok,
zh_line_02,zh_tra,single_line,7,2.6,opencv_bilinear,2.6065573770491803,2.6065573770491803,,canonical/zh_line_02/r_2p600000.png,de6eca6393df9cbc8843455c99a26bb2f353262e9b812c31468c2f3bb97095ea,resized/opencv_bilinear/zh_line_02/r_2p600000.png,a6ab58859d700d92afd1372a51213cfaeb21c0033856daf8194fd3ef41217837,/home/karan/ocr_study/fonts/microsoft-jhenghei.ttf,0,46,16,41.6,41,-0.6000000000000014,16,False,唸唾啃啄執,"嗆唾嘴啄執
",唸唾啃啄執,嗆唾嘴啄執,2,5,0.4,0.11691987899939704,ok,
zh_line_02,zh_tra,single_line,7,2.6,lanczos2_7tap_16phase,2.6065573770491803,2.6065573770491803,,canonical/zh_line_02/r_2p600000.png,de6eca6393df9cbc8843455c99a26bb2f353262e9b812c31468c2f3bb97095ea,resized/lanczos2_7tap_16phase/zh_line_02/r_2p600000.png,995421a5b4170ac58c9b5604066737966e0753844bbe251eb69757599e8b4267,/home/karan/ocr_study/fonts/microsoft-jhenghei.ttf,0,46,16,41.6,41,-0.6000000000000014,17,False,唸唾啃啄執,"吟唾嘴啄執
",唸唾啃啄執,吟唾嘴啄執,2,5,0.4,0.11593208899921592,ok,
zh_line_02,zh_tra,single_line,7,2.6,lanczos3_7tap_16phase,2.6065573770491803,2.6065573770491803,,canonical/zh_line_02/r_2p600000.png,de6eca6393df9cbc8843455c99a26bb2f353262e9b812c31468c2f3bb97095ea,resized/lanczos3_7tap_16phase/zh_line_02/r_2p600000.png,8a13dbbc37f113c919dc60bae63c894a6dddac1cb31e6469fe8f99a71f63738b,/home/karan/ocr_study/fonts/microsoft-jhenghei.ttf,0,46,16,41.6,41,-0.6000000000000014,17,False,唸唾啃啄執,"吟唾嘴啄執
",唸唾啃啄執,吟唾嘴啄執,2,5,0.4,0.114794979999715,ok,
zh_line_02,zh_tra,single_line,7,2.625,bin_floor,2.0,2.0,2,canonical/zh_line_02/r_2p625000.png,de6eca6393df9cbc8843455c99a26bb2f353262e9b812c31468c2f3bb97095ea,resized/bin_floor/zh_line_02/r_2p625000.png,9a03928de74ea4428f619bf0c0b9f5975084fb8c9e1e02e7c3c29c05683f0d4d,/home/karan/ocr_study/fonts/microsoft-jhenghei.ttf,0,46,16,42.0,41,-1.0,21,False,唸唾啃啄執,"吟唾嘴啄執
",唸唾啃啄執,吟唾嘴啄執,2,5,0.4,0.11599512199973105,ok,
zh_line_02,zh_tra,single_line,7,2.625,bin_ceil,3.0,3.0,3,canonical/zh_line_02/r_2p625000.png,de6eca6393df9cbc8843455c99a26bb2f353262e9b812c31468c2f3bb97095ea,resized/bin_ceil/zh_line_02/r_2p625000.png,aed229b3d5cc586021ca2de33216f8fc773b0ebfbfe54a16bcf5bc5bebe1ab41,/home/karan/ocr_study/fonts/microsoft-jhenghei.ttf,0,46,16,42.0,41,-1.0,14,False,唸唾啃啄執,"吟唾中啄執
",唸唾啃啄執,吟唾中啄執,2,5,0.4,0.11958581900034915,ok,
zh_line_02,zh_tra,single_line,7,2.625,opencv_bilinear,2.628099173553719,2.628099173553719,,canonical/zh_line_02/r_2p625000.png,de6eca6393df9cbc8843455c99a26bb2f353262e9b812c31468c2f3bb97095ea,resized/opencv_bilinear/zh_line_02/r_2p625000.png,84c28e10f31b99d93339241322bfda9f907a3b747956b02d39465b380e0a3eff,/home/karan/ocr_study/fonts/microsoft-jhenghei.ttf,0,46,16,42.0,41,-1.0,16,False,唸唾啃啄執,"吟唾啃啄執
",唸唾啃啄執,吟唾啃啄執,1,5,0.2,0.12273913699937111,ok,
zh_line_02,zh_tra,single_line,7,2.625,lanczos2_7tap_16phase,2.628099173553719,2.628099173553719,,canonical/zh_line_02/r_2p625000.png,de6eca6393df9cbc8843455c99a26bb2f353262e9b812c31468c2f3bb97095ea,resized/lanczos2_7tap_16phase/zh_line_02/r_2p625000.png,e7ff643ed8c9e68f9b9f06fe20dc2aaebf2706728d9abb5bb44f93614f16af7d,/home/karan/ocr_study/fonts/microsoft-jhenghei.ttf,0,46,16,42.0,41,-1.0,16,False,唸唾啃啄執,"吟唾啃啄執
",唸唾啃啄執,吟唾啃啄執,1,5,0.2,0.11387971800013474,ok,
zh_line_02,zh_tra,single_line,7,2.625,lanczos3_7tap_16phase,2.628099173553719,2.628099173553719,,canonical/zh_line_02/r_2p625000.png,de6eca6393df9cbc8843455c99a26bb2f353262e9b812c31468c2f3bb97095ea,resized/lanczos3_7tap_16phase/zh_line_02/r_2p625000.png,eeff9ef109dff78e73fa4bfb7f9be5246af29b2724082a1cac26803536f1c3c0,/home/karan/ocr_study/fonts/microsoft-jhenghei.ttf,0,46,16,42.0,41,-1.0,17,False,唸唾啃啄執,"吟唾踢啄執
",唸唾啃啄執,吟唾踢啄執,2,5,0.4,0.1123872449998089,ok,
zh_line_02,zh_tra,single_line,7,2.733333333333,bin_floor,2.0,2.0,2,canonical/zh_line_02/r_2p733333.png,b6517ca99aee9ffef879249472d8fa94b80b9d1ceac42bdf83b5ea32ec79a3e6,resized/bin_floor/zh_line_02/r_2p733333.png,c9bf4265eb63a9ac177803e5a4fb2c3e3dae4e83417f856bad72a6b74d481107,/home/karan/ocr_study/fonts/microsoft-jhenghei.ttf,0,48,16,43.733333333328,44,0.2666666666720019,23,False,唸唾啃啄執,"吟唾啃啄執
",唸唾啃啄執,吟唾啃啄執,1,5,0.2,0.11348208199979126,ok,
zh_line_02,zh_tra,single_line,7,2.733333333333,bin_ceil,3.0,3.0,3,canonical/zh_line_02/r_2p733333.png,b6517ca99aee9ffef879249472d8fa94b80b9d1ceac42bdf83b5ea32ec79a3e6,resized/bin_ceil/zh_line_02/r_2p733333.png,722cb3ba1755faea640e35ce34cc0a3ecb63704d0f5f80d7bfad142f48dd2045,/home/karan/ocr_study/fonts/microsoft-jhenghei.ttf,0,48,16,43.733333333328,44,0.2666666666720019,16,False,唸唾啃啄執,"吟唾啃啄執
",唸唾啃啄執,吟唾啃啄執,1,5,0.2,0.11300777300039044,ok,
zh_line_02,zh_tra,single_line,7,2.733333333333,opencv_bilinear,2.727272727272727,2.727272727272727,,canonical/zh_line_02/r_2p733333.png,b6517ca99aee9ffef879249472d8fa94b80b9d1ceac42bdf83b5ea32ec79a3e6,resized/opencv_bilinear/zh_line_02/r_2p733333.png,c05e508408de50e5a13b77f7372559e74679aed2b28e5416dbebd7037ecb5451,/home/karan/ocr_study/fonts/microsoft-jhenghei.ttf,0,48,16,43.733333333328,44,0.2666666666720019,17,False,唸唾啃啄執,"吟唾踢啄執
",唸唾啃啄執,吟唾踢啄執,2,5,0.4,0.11530937800034735,ok,
zh_line_02,zh_tra,single_line,7,2.733333333333,lanczos2_7tap_16phase,2.727272727272727,2.727272727272727,,canonical/zh_line_02/r_2p733333.png,b6517ca99aee9ffef879249472d8fa94b80b9d1ceac42bdf83b5ea32ec79a3e6,resized/lanczos2_7tap_16phase/zh_line_02/r_2p733333.png,dc956d4b3d31874638de9be2e2172ec87a7e57a3749ac4b2438ea736658a9e6f,/home/karan/ocr_study/fonts/microsoft-jhenghei.ttf,0,48,16,43.733333333328,44,0.2666666666720019,17,False,唸唾啃啄執,"吟唾踢啄執
",唸唾啃啄執,吟唾踢啄執,2,5,0.4,0.1141694150001058,ok,
zh_line_02,zh_tra,single_line,7,2.733333333333,lanczos3_7tap_16phase,2.727272727272727,2.727272727272727,,canonical/zh_line_02/r_2p733333.png,b6517ca99aee9ffef879249472d8fa94b80b9d1ceac42bdf83b5ea32ec79a3e6,resized/lanczos3_7tap_16phase/zh_line_02/r_2p733333.png,d35c1820027f9ea8942ae0350b6609187d69bae8bba5c0bd5276b9f3c3a45426,/home/karan/ocr_study/fonts/microsoft-jhenghei.ttf,0,48,16,43.733333333328,44,0.2666666666720019,17,False,唸唾啃啄執,"吟唾踢啄執
",唸唾啃啄執,吟唾踢啄執,2,5,0.4,0.11475644199981616,ok,
zh_line_02,zh_tra,single_line,7,2.866666666667,bin_floor,2.0,2.0,2,canonical/zh_line_02/r_2p866667.png,2fd4921b6b5cad0ebbbbc53be5958825713945b53198623172ef1eb986cf4668,resized/bin_floor/zh_line_02/r_2p866667.png,5681a9169bfefbaa2c6ef67d24dfa6614cc1c65c0fd014b27455c13396985a92,/home/karan/ocr_study/fonts/microsoft-jhenghei.ttf,0,50,16,45.866666666672,46,0.13333333332799668,23,False,唸唾啃啄執,"嗆唾嘴啄執
",唸唾啃啄執,嗆唾嘴啄執,2,5,0.4,0.11817019499994785,ok,
zh_line_02,zh_tra,single_line,7,2.866666666667,bin_ceil,3.0,3.0,3,canonical/zh_line_02/r_2p866667.png,2fd4921b6b5cad0ebbbbc53be5958825713945b53198623172ef1eb986cf4668,resized/bin_ceil/zh_line_02/r_2p866667.png,c4b6c09bf9a1602d9340b33cd23feb364243381e41acea50b43b9dab64b9d673,/home/karan/ocr_study/fonts/microsoft-jhenghei.ttf,0,50,16,45.866666666672,46,0.13333333332799668,16,False,唸唾啃啄執,"吟唾嘴啄執
",唸唾啃啄執,吟唾嘴啄執,2,5,0.4,0.12788359099977242,ok,
zh_line_02,zh_tra,single_line,7,2.866666666667,opencv_bilinear,2.8739495798319328,2.8739495798319328,,canonical/zh_line_02/r_2p866667.png,2fd4921b6b5cad0ebbbbc53be5958825713945b53198623172ef1eb986cf4668,resized/opencv_bilinear/zh_line_02/r_2p866667.png,067440621ed01d7902528c51efb3d75bf98fd743b90ba2b6f5f0262b11e0656d,/home/karan/ocr_study/fonts/microsoft-jhenghei.ttf,0,50,16,45.866666666672,46,0.13333333332799668,17,False,唸唾啃啄執,"嗆唾啃啄執
",唸唾啃啄執,嗆唾啃啄執,1,5,0.2,0.1720990140001959,ok,
zh_line_02,zh_tra,single_line,7,2.866666666667,lanczos2_7tap_16phase,2.8739495798319328,2.8739495798319328,,canonical/zh_line_02/r_2p866667.png,2fd4921b6b5cad0ebbbbc53be5958825713945b53198623172ef1eb986cf4668,resized/lanczos2_7tap_16phase/zh_line_02/r_2p866667.png,70edfd658554516d5c6f86677d7199d05d5a4660e2a6e349b977aff81afc2ede,/home/karan/ocr_study/fonts/microsoft-jhenghei.ttf,0,50,16,45.866666666672,46,0.13333333332799668,17,False,唸唾啃啄執,"咆唾啃啄執
",唸唾啃啄執,咆唾啃啄執,1,5,0.2,0.13249667099989892,ok,
zh_line_02,zh_tra,single_line,7,2.866666666667,lanczos3_7tap_16phase,2.8739495798319328,2.8739495798319328,,canonical/zh_line_02/r_2p866667.png,2fd4921b6b5cad0ebbbbc53be5958825713945b53198623172ef1eb986cf4668,resized/lanczos3_7tap_16phase/zh_line_02/r_2p866667.png,c48ad9eb6851e4aa7447b8a4166c2a4ac3483624f315966729d2208fab2ce6e6,/home/karan/ocr_study/fonts/microsoft-jhenghei.ttf,0,50,16,45.866666666672,46,0.13333333332799668,17,False,唸唾啃啄執,"咆唾啃啄執
",唸唾啃啄執,咆唾啃啄執,1,5,0.2,0.12595746900024096,ok,
zh_line_02,zh_tra,single_line,7,3.0,bin_floor,3.0,3.0,3,canonical/zh_line_02/r_3p000000.png,4041e89bcdcbf14efe2bc4bb90881c510a3cbb8a89db53beff6199fd28309ec5,resized/bin_floor/zh_line_02/r_3p000000.png,c579956299beb6c42259ebefed9955890d4a9f1739bad355e53fddd44a745a63,/home/karan/ocr_study/fonts/microsoft-jhenghei.ttf,0,53,16,48.0,48,0.0,16,False,唸唾啃啄執,"吟唾啃啄執
",唸唾啃啄執,吟唾啃啄執,1,5,0.2,0.12031643000045733,ok,
zh_line_02,zh_tra,single_line,7,3.0,bin_ceil,3.0,3.0,3,canonical/zh_line_02/r_3p000000.png,4041e89bcdcbf14efe2bc4bb90881c510a3cbb8a89db53beff6199fd28309ec5,resized/bin_ceil/zh_line_02/r_3p000000.png,c579956299beb6c42259ebefed9955890d4a9f1739bad355e53fddd44a745a63,/home/karan/ocr_study/fonts/microsoft-jhenghei.ttf,0,53,16,48.0,48,0.0,16,False,唸唾啃啄執,"吟唾啃啄執
",唸唾啃啄執,吟唾啃啄執,1,5,0.2,0.16615286799969908,ok,
zh_line_02,zh_tra,single_line,7,3.0,opencv_bilinear,3.0,3.0,,canonical/zh_line_02/r_3p000000.png,4041e89bcdcbf14efe2bc4bb90881c510a3cbb8a89db53beff6199fd28309ec5,resized/opencv_bilinear/zh_line_02/r_3p000000.png,14848f679bb6e8690857013d2a968728427aa02117efc6514be08b340433bb37,/home/karan/ocr_study/fonts/microsoft-jhenghei.ttf,0,53,16,48.0,48,0.0,16,False,唸唾啃啄執,"吟唾嘴啄執
",唸唾啃啄執,吟唾嘴啄執,2,5,0.4,0.1567569779999758,ok,
zh_line_02,zh_tra,single_line,7,3.0,lanczos2_7tap_16phase,3.0,3.0,,canonical/zh_line_02/r_3p000000.png,4041e89bcdcbf14efe2bc4bb90881c510a3cbb8a89db53beff6199fd28309ec5,resized/lanczos2_7tap_16phase/zh_line_02/r_3p000000.png,4dfc91e36683b4b1c41d99622ccbae6dedd3a0ea1e85c85b9cc5336f33a103c7,/home/karan/ocr_study/fonts/microsoft-jhenghei.ttf,0,53,16,48.0,48,0.0,16,False,唸唾啃啄執,"吟唾啃啄執
",唸唾啃啄執,吟唾啃啄執,1,5,0.2,0.13712101800047094,ok,
zh_line_02,zh_tra,single_line,7,3.0,lanczos3_7tap_16phase,3.0,3.0,,canonical/zh_line_02/r_3p000000.png,4041e89bcdcbf14efe2bc4bb90881c510a3cbb8a89db53beff6199fd28309ec5,resized/lanczos3_7tap_16phase/zh_line_02/r_3p000000.png,c01fbd4787dc1cde7067b0f4de0da311ca80c57f8d0825be13028c03220fdf52,/home/karan/ocr_study/fonts/microsoft-jhenghei.ttf,0,53,16,48.0,48,0.0,17,False,唸唾啃啄執,"吟唾啃啄執
",唸唾啃啄執,吟唾啃啄執,1,5,0.2,0.11793670899987774,ok,
zh_line_03,zh_tra,single_line,7,1.0,bin_floor,1.0,1.0,1,canonical/zh_line_03/r_1p000000.png,cad4e1214de7689e830c4ebb39844e82b16b6180b1b9645eaaeb85bada204b3c,resized/bin_floor/zh_line_03/r_1p000000.png,cad4e1214de7689e830c4ebb39844e82b16b6180b1b9645eaaeb85bada204b3c,/home/karan/ocr_study/fonts/microsoft-jhenghei.ttf,0,17,16,16.0,16,0.0,16,False,得深常奢夠堅堂基培堵,"得深常者夠堅堂基培堵
",得深常奢夠堅堂基培堵,得深常者夠堅堂基培堵,1,10,0.1,0.12680192999960127,ok,
zh_line_03,zh_tra,single_line,7,1.0,bin_ceil,1.0,1.0,1,canonical/zh_line_03/r_1p000000.png,cad4e1214de7689e830c4ebb39844e82b16b6180b1b9645eaaeb85bada204b3c,resized/bin_ceil/zh_line_03/r_1p000000.png,cad4e1214de7689e830c4ebb39844e82b16b6180b1b9645eaaeb85bada204b3c,/home/karan/ocr_study/fonts/microsoft-jhenghei.ttf,0,17,16,16.0,16,0.0,16,False,得深常奢夠堅堂基培堵,"得深常者夠堅堂基培堵
",得深常奢夠堅堂基培堵,得深常者夠堅堂基培堵,1,10,0.1,0.12408528699961607,ok,
zh_line_03,zh_tra,single_line,7,1.0,opencv_bilinear,1.0,1.0,,canonical/zh_line_03/r_1p000000.png,cad4e1214de7689e830c4ebb39844e82b16b6180b1b9645eaaeb85bada204b3c,resized/opencv_bilinear/zh_line_03/r_1p000000.png,cad4e1214de7689e830c4ebb39844e82b16b6180b1b9645eaaeb85bada204b3c,/home/karan/ocr_study/fonts/microsoft-jhenghei.ttf,0,17,16,16.0,16,0.0,16,False,得深常奢夠堅堂基培堵,"得深常者夠堅堂基培堵
",得深常奢夠堅堂基培堵,得深常者夠堅堂基培堵,1,10,0.1,0.12812211100026616,ok,
zh_line_03,zh_tra,single_line,7,1.0,lanczos2_7tap_16phase,1.0,1.0,,canonical/zh_line_03/r_1p000000.png,cad4e1214de7689e830c4ebb39844e82b16b6180b1b9645eaaeb85bada204b3c,resized/lanczos2_7tap_16phase/zh_line_03/r_1p000000.png,cad4e1214de7689e830c4ebb39844e82b16b6180b1b9645eaaeb85bada204b3c,/home/karan/ocr_study/fonts/microsoft-jhenghei.ttf,0,17,16,16.0,16,0.0,16,False,得深常奢夠堅堂基培堵,"得深常者夠堅堂基培堵
",得深常奢夠堅堂基培堵,得深常者夠堅堂基培堵,1,10,0.1,0.11943565099954867,ok,
zh_line_03,zh_tra,single_line,7,1.0,lanczos3_7tap_16phase,1.0,1.0,,canonical/zh_line_03/r_1p000000.png,cad4e1214de7689e830c4ebb39844e82b16b6180b1b9645eaaeb85bada204b3c,resized/lanczos3_7tap_16phase/zh_line_03/r_1p000000.png,cad4e1214de7689e830c4ebb39844e82b16b6180b1b9645eaaeb85bada204b3c,/home/karan/ocr_study/fonts/microsoft-jhenghei.ttf,0,17,16,16.0,16,0.0,16,False,得深常奢夠堅堂基培堵,"得深常者夠堅堂基培堵
",得深常奢夠堅堂基培堵,得深常者夠堅堂基培堵,1,10,0.1,0.11967207199995755,ok,
zh_line_03,zh_tra,single_line,7,1.133333333333,bin_floor,1.0,1.0,1,canonical/zh_line_03/r_1p133333.png,132d73ac0fe29c155bb8c0e3720111474bb9ed3f10240410a1fae63f94977941,resized/bin_floor/zh_line_03/r_1p133333.png,132d73ac0fe29c155bb8c0e3720111474bb9ed3f10240410a1fae63f94977941,/home/karan/ocr_study/fonts/microsoft-jhenghei.ttf,0,20,16,18.133333333328,18,-0.13333333332800024,18,False,得深常奢夠堅堂基培堵,"得深常奢夠堅堂基培堵
",得深常奢夠堅堂基培堵,得深常奢夠堅堂基培堵,0,10,0.0,0.12530725200031156,ok,
zh_line_03,zh_tra,single_line,7,1.133333333333,bin_ceil,2.0,2.0,2,canonical/zh_line_03/r_1p133333.png,132d73ac0fe29c155bb8c0e3720111474bb9ed3f10240410a1fae63f94977941,resized/bin_ceil/zh_line_03/r_1p133333.png,c63432586563e301ec254ff21fe245ac16b5e6d40f7981b267cf240701c75642,/home/karan/ocr_study/fonts/microsoft-jhenghei.ttf,0,20,16,18.133333333328,18,-0.13333333332800024,10,False,得深常奢夠堅堂基培堵,"得當折革名基培培
",得深常奢夠堅堂基培堵,得當折革名基培培,7,10,0.7,0.12532480699974258,ok,
zh_line_03,zh_tra,single_line,7,1.133333333333,opencv_bilinear,1.1320754716981132,1.1320754716981132,,canonical/zh_line_03/r_1p133333.png,132d73ac0fe29c155bb8c0e3720111474bb9ed3f10240410a1fae63f94977941,resized/opencv_bilinear/zh_line_03/r_1p133333.png,e22a184893aeea04b10dcd789e49360e794baeccb48dee0a027df897f12d61c4,/home/karan/ocr_study/fonts/microsoft-jhenghei.ttf,0,20,16,18.133333333328,18,-0.13333333332800024,16,False,得深常奢夠堅堂基培堵,"得深常奢夠堅堂基培堵
",得深常奢夠堅堂基培堵,得深常奢夠堅堂基培堵,0,10,0.0,0.122465123999973,ok,
zh_line_03,zh_tra,single_line,7,1.133333333333,lanczos2_7tap_16phase,1.1320754716981132,1.1320754716981132,,canonical/zh_line_03/r_1p133333.png,132d73ac0fe29c155bb8c0e3720111474bb9ed3f10240410a1fae63f94977941,resized/lanczos2_7tap_16phase/zh_line_03/r_1p133333.png,f01c7dbd4b28493a8a596c068d2766efa177c87e4eb1491801ff3ec3cf8b0302,/home/karan/ocr_study/fonts/microsoft-jhenghei.ttf,0,20,16,18.133333333328,18,-0.13333333332800024,16,False,得深常奢夠堅堂基培堵,"得深常奢夠堅堂基培堵
",得深常奢夠堅堂基培堵,得深常奢夠堅堂基培堵,0,10,0.0,0.12207494999984192,ok,
zh_line_03,zh_tra,single_line,7,1.133333333333,lanczos3_7tap_16phase,1.1320754716981132,1.1320754716981132,,canonical/zh_line_03/r_1p133333.png,132d73ac0fe29c155bb8c0e3720111474bb9ed3f10240410a1fae63f94977941,resized/lanczos3_7tap_16phase/zh_line_03/r_1p133333.png,ae826f37b7de53583894d6b246852a2d56567fba1375b9a6583245dc6c7ed4f1,/home/karan/ocr_study/fonts/microsoft-jhenghei.ttf,0,20,16,18.133333333328,18,-0.13333333332800024,16,False,得深常奢夠堅堂基培堵,"得深常奢夠堅堂基培堵
",得深常奢夠堅堂基培堵,得深常奢夠堅堂基培堵,0,10,0.0,0.11970626800030004,ok,
zh_line_03,zh_tra,single_line,7,1.266666666667,bin_floor,1.0,1.0,1,canonical/zh_line_03/r_1p266667.png,e45968e4f1c37bf95e49871857892c9ac0879a2e3357454c09029c2467e42d79,resized/bin_floor/zh_line_03/r_1p266667.png,e45968e4f1c37bf95e49871857892c9ac0879a2e3357454c09029c2467e42d79,/home/karan/ocr_study/fonts/microsoft-jhenghei.ttf,0,22,16,20.266666666672,20,-0.26666666667199834,20,False,得深常奢夠堅堂基培堵,"得深常奢夠堅堂基培堵
",得深常奢夠堅堂基培堵,得深常奢夠堅堂基培堵,0,10,0.0,0.1358506659998966,ok,
zh_line_03,zh_tra,single_line,7,1.266666666667,bin_ceil,2.0,2.0,2,canonical/zh_line_03/r_1p266667.png,e45968e4f1c37bf95e49871857892c9ac0879a2e3357454c09029c2467e42d79,resized/bin_ceil/zh_line_03/r_1p266667.png,bd09ccba01204ec61cbf6c95b2282bbb10b3c16b7529abe1430873a3f98dd5d2,/home/karan/ocr_study/fonts/microsoft-jhenghei.ttf,0,22,16,20.266666666672,20,-0.26666666667199834,10,False,得深常奢夠堅堂基培堵,"得深當多堅潑基培增
",得深常奢夠堅堂基培堵,得深當多堅潑基培增,5,10,0.5,0.13860572099929414,ok,
zh_line_03,zh_tra,single_line,7,1.266666666667,opencv_bilinear,1.2692307692307692,1.2692307692307692,,canonical/zh_line_03/r_1p266667.png,e45968e4f1c37bf95e49871857892c9ac0879a2e3357454c09029c2467e42d79,resized/opencv_bilinear/zh_line_03/r_1p266667.png,787e59e213fea89d61b1e053590d3c415c8a3e7cfbb43cffda593f87d7bcda8e,/home/karan/ocr_study/fonts/microsoft-jhenghei.ttf,0,22,16,20.266666666672,20,-0.26666666667199834,16,False,得深常奢夠堅堂基培堵,"得深常奢夠堅堂基培堵
",得深常奢夠堅堂基培堵,得深常奢夠堅堂基培堵,0,10,0.0,0.1271692920008718,ok,
zh_line_03,zh_tra,single_line,7,1.266666666667,lanczos2_7tap_16phase,1.2692307692307692,1.2692307692307692,,canonical/zh_line_03/r_1p266667.png,e45968e4f1c37bf95e49871857892c9ac0879a2e3357454c09029c2467e42d79,resized/lanczos2_7tap_16phase/zh_line_03/r_1p266667.png,1fe1ecc499c7d391853032e26596a852e6cf9246736813a78a3dcec2ba0fb6b4,/home/karan/ocr_study/fonts/microsoft-jhenghei.ttf,0,22,16,20.266666666672,20,-0.26666666667199834,16,False,得深常奢夠堅堂基培堵,"得深常奢夠堅堂基培堵
",得深常奢夠堅堂基培堵,得深常奢夠堅堂基培堵,0,10,0.0,0.1231415520005612,ok,
zh_line_03,zh_tra,single_line,7,1.266666666667,lanczos3_7tap_16phase,1.2692307692307692,1.2692307692307692,,canonical/zh_line_03/r_1p266667.png,e45968e4f1c37bf95e49871857892c9ac0879a2e3357454c09029c2467e42d79,resized/lanczos3_7tap_16phase/zh_line_03/r_1p266667.png,058d2696decebf12a748daf18df20338264edb37743d3cbc52b32b744c5c5afd,/home/karan/ocr_study/fonts/microsoft-jhenghei.ttf,0,22,16,20.266666666672,20,-0.26666666667199834,16,False,得深常奢夠堅堂基培堵,"得深常奢夠堅堂基培堵
",得深常奢夠堅堂基培堵,得深常奢夠堅堂基培堵,0,10,0.0,0.16426388299987593,ok,
zh_line_03,zh_tra,single_line,7,1.4,bin_floor,1.0,1.0,1,canonical/zh_line_03/r_1p400000.png,98faba85edd5819be60c6848dac7e59ab44a372e67b1839faac494e849e7e839,resized/bin_floor/zh_line_03/r_1p400000.png,98faba85edd5819be60c6848dac7e59ab44a372e67b1839faac494e849e7e839,/home/karan/ocr_study/fonts/microsoft-jhenghei.ttf,0,25,16,22.4,22,-0.3999999999999986,22,False,得深常奢夠堅堂基培堵,"得深常奢夠堅堂基培堵
",得深常奢夠堅堂基培堵,得深常奢夠堅堂基培堵,0,10,0.0,0.17181785100001434,ok,
zh_line_03,zh_tra,single_line,7,1.4,bin_ceil,2.0,2.0,2,canonical/zh_line_03/r_1p400000.png,98faba85edd5819be60c6848dac7e59ab44a372e67b1839faac494e849e7e839,resized/bin_ceil/zh_line_03/r_1p400000.png,5fb85f9defd91ae9fdda22cf4de29160ce546936d4f315ee3cf0b9581ba9ef4e,/home/karan/ocr_study/fonts/microsoft-jhenghei.ttf,0,25,16,22.4,22,-0.3999999999999986,11,False,得深常奢夠堅堂基培堵,"得深常奢侈堅當基培境
",得深常奢夠堅堂基培堵,得深常奢侈堅當基培境,3,10,0.3,0.13961374600057752,ok,
zh_line_03,zh_tra,single_line,7,1.4,opencv_bilinear,1.4,1.4,,canonical/zh_line_03/r_1p400000.png,98faba85edd5819be60c6848dac7e59ab44a372e67b1839faac494e849e7e839,resized/opencv_bilinear/zh_line_03/r_1p400000.png,90ce188b0b72c8bfb84a7005216f09dd69f48896aeaa3246a54b9150e45d407d,/home/karan/ocr_study/fonts/microsoft-jhenghei.ttf,0,25,16,22.4,22,-0.3999999999999986,16,False,得深常奢夠堅堂基培堵,"得深常奢夠堅堂基培堵
",得深常奢夠堅堂基培堵,得深常奢夠堅堂基培堵,0,10,0.0,0.1312841090002621,ok,
zh_line_03,zh_tra,single_line,7,1.4,lanczos2_7tap_16phase,1.4,1.4,,canonical/zh_line_03/r_1p400000.png,98faba85edd5819be60c6848dac7e59ab44a372e67b1839faac494e849e7e839,resized/lanczos2_7tap_16phase/zh_line_03/r_1p400000.png,6e828cacded19dac98266177de3b3b4f0d18588ca3ea5d6d2e633b15b517305e,/home/karan/ocr_study/fonts/microsoft-jhenghei.ttf,0,25,16,22.4,22,-0.3999999999999986,16,False,得深常奢夠堅堂基培堵,"得深常奢夠堅堂基培堵
",得深常奢夠堅堂基培堵,得深常奢夠堅堂基培堵,0,10,0.0,0.12472098600028403,ok,
zh_line_03,zh_tra,single_line,7,1.4,lanczos3_7tap_16phase,1.4,1.4,,canonical/zh_line_03/r_1p400000.png,98faba85edd5819be60c6848dac7e59ab44a372e67b1839faac494e849e7e839,resized/lanczos3_7tap_16phase/zh_line_03/r_1p400000.png,03a49b9450da5eab4d7e222ddbb98a2397e68b8b8f4164ddb286421500b52d1a,/home/karan/ocr_study/fonts/microsoft-jhenghei.ttf,0,25,16,22.4,22,-0.3999999999999986,16,False,得深常奢夠堅堂基培堵,"得深常奢夠堅堂基培堵
",得深常奢夠堅堂基培堵,得深常奢夠堅堂基培堵,0,10,0.0,0.12204811199990218,ok,
zh_line_03,zh_tra,single_line,7,1.533333333333,bin_floor,1.0,1.0,1,canonical/zh_line_03/r_1p533333.png,5cafed4268e761189f8180617deb6c8d4e8ccc4d7f0d07ea85a25a98d6fc3d84,resized/bin_floor/zh_line_03/r_1p533333.png,5cafed4268e761189f8180617deb6c8d4e8ccc4d7f0d07ea85a25a98d6fc3d84,/home/karan/ocr_study/fonts/microsoft-jhenghei.ttf,0,27,16,24.533333333328,24,-0.5333333333279988,24,False,得深常奢夠堅堂基培堵,"得深常奢夠堅堂基培堵
",得深常奢夠堅堂基培堵,得深常奢夠堅堂基培堵,0,10,0.0,0.1291694470000948,ok,
zh_line_03,zh_tra,single_line,7,1.533333333333,bin_ceil,2.0,2.0,2,canonical/zh_line_03/r_1p533333.png,5cafed4268e761189f8180617deb6c8d4e8ccc4d7f0d07ea85a25a98d6fc3d84,resized/bin_ceil/zh_line_03/r_1p533333.png,37104794612a20a31d9ad5b3def41d3f61c51a04fee7a1faa6f765953c356291,/home/karan/ocr_study/fonts/microsoft-jhenghei.ttf,0,27,16,24.533333333328,24,-0.5333333333279988,12,False,得深常奢夠堅堂基培堵,"得深常奢夠堅堂基培堵
",得深常奢夠堅堂基培堵,得深常奢夠堅堂基培堵,0,10,0.0,0.11997582200001489,ok,
zh_line_03,zh_tra,single_line,7,1.533333333333,opencv_bilinear,1.5355450236966826,1.5355450236966826,,canonical/zh_line_03/r_1p533333.png,5cafed4268e761189f8180617deb6c8d4e8ccc4d7f0d07ea85a25a98d6fc3d84,resized/opencv_bilinear/zh_line_03/r_1p533333.png,c9db5a88f8b86a6600fa0ce13916dbd42fdcca0bb873d92b60d0ae17228a6c5f,/home/karan/ocr_study/fonts/microsoft-jhenghei.ttf,0,27,16,24.533333333328,24,-0.5333333333279988,17,False,得深常奢夠堅堂基培堵,"得深常奢夠堅堂基培堵
",得深常奢夠堅堂基培堵,得深常奢夠堅堂基培堵,0,10,0.0,0.12563818600028753,ok,
zh_line_03,zh_tra,single_line,7,1.533333333333,lanczos2_7tap_16phase,1.5355450236966826,1.5355450236966826,,canonical/zh_line_03/r_1p533333.png,5cafed4268e761189f8180617deb6c8d4e8ccc4d7f0d07ea85a25a98d6fc3d84,resized/lanczos2_7tap_16phase/zh_line_03/r_1p533333.png,c8e4c1a1d6639637ae6a5763487241d455408e016195725683ec249fcb03f0d6,/home/karan/ocr_study/fonts/microsoft-jhenghei.ttf,0,27,16,24.533333333328,24,-0.5333333333279988,17,False,得深常奢夠堅堂基培堵,"得深常奢夠堅堂基培堵
",得深常奢夠堅堂基培堵,得深常奢夠堅堂基培堵,0,10,0.0,0.11889675500060548,ok,
zh_line_03,zh_tra,single_line,7,1.533333333333,lanczos3_7tap_16phase,1.5355450236966826,1.5355450236966826,,canonical/zh_line_03/r_1p533333.png,5cafed4268e761189f8180617deb6c8d4e8ccc4d7f0d07ea85a25a98d6fc3d84,resized/lanczos3_7tap_16phase/zh_line_03/r_1p533333.png,9048cadf719bc624fe6c1d2de2fa09770c87606cd637ff49eacba3bd3f75747e,/home/karan/ocr_study/fonts/microsoft-jhenghei.ttf,0,27,16,24.533333333328,24,-0.5333333333279988,17,False,得深常奢夠堅堂基培堵,"得深常奢夠堅堂基培堵
",得深常奢夠堅堂基培堵,得深常奢夠堅堂基培堵,0,10,0.0,0.11917050200008816,ok,
zh_line_03,zh_tra,single_line,7,1.666666666667,bin_floor,1.0,1.0,1,canonical/zh_line_03/r_1p666667.png,1e0e722e8d5e7e9398b1cc14931d8fd22be2368530416152cef417b9d3fa09bc,resized/bin_floor/zh_line_03/r_1p666667.png,1e0e722e8d5e7e9398b1cc14931d8fd22be2368530416152cef417b9d3fa09bc,/home/karan/ocr_study/fonts/microsoft-jhenghei.ttf,0,29,16,26.666666666672,27,0.3333333333279995,27,False,得深常奢夠堅堂基培堵,"得深常奢夠堅堂基培堵
",得深常奢夠堅堂基培堵,得深常奢夠堅堂基培堵,0,10,0.0,0.12761104499986686,ok,
zh_line_03,zh_tra,single_line,7,1.666666666667,bin_ceil,2.0,2.0,2,canonical/zh_line_03/r_1p666667.png,1e0e722e8d5e7e9398b1cc14931d8fd22be2368530416152cef417b9d3fa09bc,resized/bin_ceil/zh_line_03/r_1p666667.png,11223f770df83c6164de9800a3c000242e2f71db71e7d94dd3facbd92007ae84,/home/karan/ocr_study/fonts/microsoft-jhenghei.ttf,0,29,16,26.666666666672,27,0.3333333333279995,14,False,得深常奢夠堅堂基培堵,"得深常著夠堅堂基培堵
",得深常奢夠堅堂基培堵,得深常著夠堅堂基培堵,1,10,0.1,0.11961905899988778,ok,
zh_line_03,zh_tra,single_line,7,1.666666666667,opencv_bilinear,1.6650717703349283,1.6650717703349283,,canonical/zh_line_03/r_1p666667.png,1e0e722e8d5e7e9398b1cc14931d8fd22be2368530416152cef417b9d3fa09bc,resized/opencv_bilinear/zh_line_03/r_1p666667.png,3472f258b3c881f15e30738b85748e8516cddc7f77bcb8da3f659fe366958f4a,/home/karan/ocr_study/fonts/microsoft-jhenghei.ttf,0,29,16,26.666666666672,27,0.3333333333279995,17,False,得深常奢夠堅堂基培堵,"得深常奢夠堅堂基培堵
",得深常奢夠堅堂基培堵,得深常奢夠堅堂基培堵,0,10,0.0,0.12039595900023414,ok,
zh_line_03,zh_tra,single_line,7,1.666666666667,lanczos2_7tap_16phase,1.6650717703349283,1.6650717703349283,,canonical/zh_line_03/r_1p666667.png,1e0e722e8d5e7e9398b1cc14931d8fd22be2368530416152cef417b9d3fa09bc,resized/lanczos2_7tap_16phase/zh_line_03/r_1p666667.png,893ab631708af29802c361311e850b9a8e263094ef9fedd5e19a2ecf3c64a7cd,/home/karan/ocr_study/fonts/microsoft-jhenghei.ttf,0,29,16,26.666666666672,27,0.3333333333279995,17,False,得深常奢夠堅堂基培堵,"得深常奢夠堅堂基培堵
",得深常奢夠堅堂基培堵,得深常奢夠堅堂基培堵,0,10,0.0,0.11744082700079161,ok,
zh_line_03,zh_tra,single_line,7,1.666666666667,lanczos3_7tap_16phase,1.6650717703349283,1.6650717703349283,,canonical/zh_line_03/r_1p666667.png,1e0e722e8d5e7e9398b1cc14931d8fd22be2368530416152cef417b9d3fa09bc,resized/lanczos3_7tap_16phase/zh_line_03/r_1p666667.png,177bb48d2400a45463cefd83f532633924a5fbff2b594c508a17ab27f751a5d8,/home/karan/ocr_study/fonts/microsoft-jhenghei.ttf,0,29,16,26.666666666672,27,0.3333333333279995,17,False,得深常奢夠堅堂基培堵,"得深常奢夠堅堂基培堵
",得深常奢夠堅堂基培堵,得深常奢夠堅堂基培堵,0,10,0.0,0.11794215100053407,ok,
zh_line_03,zh_tra,single_line,7,1.8,bin_floor,1.0,1.0,1,canonical/zh_line_03/r_1p800000.png,b00e9f7bf2be267fd7b876f561e1b39a905de30965bceb86d28dedbca3d5a1bb,resized/bin_floor/zh_line_03/r_1p800000.png,b00e9f7bf2be267fd7b876f561e1b39a905de30965bceb86d28dedbca3d5a1bb,/home/karan/ocr_study/fonts/microsoft-jhenghei.ttf,0,31,16,28.8,28,-0.8000000000000007,28,False,得深常奢夠堅堂基培堵,"得深常奢夠堅堂基培堵
",得深常奢夠堅堂基培堵,得深常奢夠堅堂基培堵,0,10,0.0,0.12931095699968864,ok,
zh_line_03,zh_tra,single_line,7,1.8,bin_ceil,2.0,2.0,2,canonical/zh_line_03/r_1p800000.png,b00e9f7bf2be267fd7b876f561e1b39a905de30965bceb86d28dedbca3d5a1bb,resized/bin_ceil/zh_line_03/r_1p800000.png,9ac1de56f8a5809d823e3b59edd0785f4ef4e891c9a75c63bc72200de20a8247,/home/karan/ocr_study/fonts/microsoft-jhenghei.ttf,0,31,16,28.8,28,-0.8000000000000007,14,False,得深常奢夠堅堂基培堵,"得深常奢夠堅堂基培堵
",得深常奢夠堅堂基培堵,得深常奢夠堅堂基培堵,0,10,0.0,0.1169979649994275,ok,
zh_line_03,zh_tra,single_line,7,1.8,opencv_bilinear,1.7971014492753623,1.7971014492753623,,canonical/zh_line_03/r_1p800000.png,b00e9f7bf2be267fd7b876f561e1b39a905de30965bceb86d28dedbca3d5a1bb,resized/opencv_bilinear/zh_line_03/r_1p800000.png,a59f5b70311a93ec3d692d2651696ef849a353f1b59afb9da650047d04c56858,/home/karan/ocr_study/fonts/microsoft-jhenghei.ttf,0,31,16,28.8,28,-0.8000000000000007,17,False,得深常奢夠堅堂基培堵,"得深常奢夠堅堂基培堵
",得深常奢夠堅堂基培堵,得深常奢夠堅堂基培堵,0,10,0.0,0.11714215200026956,ok,
zh_line_03,zh_tra,single_line,7,1.8,lanczos2_7tap_16phase,1.7971014492753623,1.7971014492753623,,canonical/zh_line_03/r_1p800000.png,b00e9f7bf2be267fd7b876f561e1b39a905de30965bceb86d28dedbca3d5a1bb,resized/lanczos2_7tap_16phase/zh_line_03/r_1p800000.png,7706801857322b90b67e6fb746ebc39480c5b19ad83a859c86f6e6ec87c83852,/home/karan/ocr_study/fonts/microsoft-jhenghei.ttf,0,31,16,28.8,28,-0.8000000000000007,17,False,得深常奢夠堅堂基培堵,"得深常奢夠堅堂基培堵
",得深常奢夠堅堂基培堵,得深常奢夠堅堂基培堵,0,10,0.0,0.11689294499956304,ok,
zh_line_03,zh_tra,single_line,7,1.8,lanczos3_7tap_16phase,1.7971014492753623,1.7971014492753623,,canonical/zh_line_03/r_1p800000.png,b00e9f7bf2be267fd7b876f561e1b39a905de30965bceb86d28dedbca3d5a1bb,resized/lanczos3_7tap_16phase/zh_line_03/r_1p800000.png,b8839ac3c3ac54e288dccb7f0e5132535456ff7f7c8535ad9bd86481a596cfc9,/home/karan/ocr_study/fonts/microsoft-jhenghei.ttf,0,31,16,28.8,28,-0.8000000000000007,17,False,得深常奢夠堅堂基培堵,"得深常奢夠堅堂基培堵
",得深常奢夠堅堂基培堵,得深常奢夠堅堂基培堵,0,10,0.0,0.11732005499925435,ok,
zh_line_03,zh_tra,single_line,7,1.933333333333,bin_floor,1.0,1.0,1,canonical/zh_line_03/r_1p933333.png,39d858306bbce49daf0d33e372c583a4b7218cc2daf331b871b932e977e2620f,resized/bin_floor/zh_line_03/r_1p933333.png,39d858306bbce49daf0d33e372c583a4b7218cc2daf331b871b932e977e2620f,/home/karan/ocr_study/fonts/microsoft-jhenghei.ttf,0,34,16,30.933333333328,31,0.06666666667199905,31,False,得深常奢夠堅堂基培堵,"得深常奢夠堅堂基培堵
",得深常奢夠堅堂基培堵,得深常奢夠堅堂基培堵,0,10,0.0,0.1239692750004906,ok,
zh_line_03,zh_tra,single_line,7,1.933333333333,bin_ceil,2.0,2.0,2,canonical/zh_line_03/r_1p933333.png,39d858306bbce49daf0d33e372c583a4b7218cc2daf331b871b932e977e2620f,resized/bin_ceil/zh_line_03/r_1p933333.png,c45799bbe05f94ce09e736a4f3e5b7da94ef0760da1a5f0a8d2fb25b0d141825,/home/karan/ocr_study/fonts/microsoft-jhenghei.ttf,0,34,16,30.933333333328,31,0.06666666667199905,16,False,得深常奢夠堅堂基培堵,"得深常奢夠堅堂基培堵
",得深常奢夠堅堂基培堵,得深常奢夠堅堂基培堵,0,10,0.0,0.12104953000016394,ok,
zh_line_03,zh_tra,single_line,7,1.933333333333,opencv_bilinear,1.9326923076923077,1.9326923076923077,,canonical/zh_line_03/r_1p933333.png,39d858306bbce49daf0d33e372c583a4b7218cc2daf331b871b932e977e2620f,resized/opencv_bilinear/zh_line_03/r_1p933333.png,229fce0de541fd082c7eaad1572d7a4b42002f20307d23052244b71898581f47,/home/karan/ocr_study/fonts/microsoft-jhenghei.ttf,0,34,16,30.933333333328,31,0.06666666667199905,17,False,得深常奢夠堅堂基培堵,"得深常奢夠堅堂基培堵
",得深常奢夠堅堂基培堵,得深常奢夠堅堂基培堵,0,10,0.0,0.12477303900050174,ok,
zh_line_03,zh_tra,single_line,7,1.933333333333,lanczos2_7tap_16phase,1.9326923076923077,1.9326923076923077,,canonical/zh_line_03/r_1p933333.png,39d858306bbce49daf0d33e372c583a4b7218cc2daf331b871b932e977e2620f,resized/lanczos2_7tap_16phase/zh_line_03/r_1p933333.png,0a0180da57bdd03a39f599ca042cde2fb1306f02379f4ee6e7b310e4280ebe2e,/home/karan/ocr_study/fonts/microsoft-jhenghei.ttf,0,34,16,30.933333333328,31,0.06666666667199905,17,False,得深常奢夠堅堂基培堵,"得深常奢夠堅堂基培堵
",得深常奢夠堅堂基培堵,得深常奢夠堅堂基培堵,0,10,0.0,0.13129233800009388,ok,
zh_line_03,zh_tra,single_line,7,1.933333333333,lanczos3_7tap_16phase,1.9326923076923077,1.9326923076923077,,canonical/zh_line_03/r_1p933333.png,39d858306bbce49daf0d33e372c583a4b7218cc2daf331b871b932e977e2620f,resized/lanczos3_7tap_16phase/zh_line_03/r_1p933333.png,fcb40190a0026ec6cc0a5dd37b129e6e6cece4a6f8fc89c2b78fa1a9ab5e7c8e,/home/karan/ocr_study/fonts/microsoft-jhenghei.ttf,0,34,16,30.933333333328,31,0.06666666667199905,17,False,得深常奢夠堅堂基培堵,"得深常奢夠堅堂基培堵
",得深常奢夠堅堂基培堵,得深常奢夠堅堂基培堵,0,10,0.0,0.12604689999989205,ok,
zh_line_03,zh_tra,single_line,7,2.066666666667,bin_floor,2.0,2.0,2,canonical/zh_line_03/r_2p066667.png,d476c59f52789cd7180374ad7d5a39a531af1209692b25319899d2a8495088fb,resized/bin_floor/zh_line_03/r_2p066667.png,a50510baf40cb784d486d2466cdea6d1267bc6be2bd42f8496ee4c708e53edcb,/home/karan/ocr_study/fonts/microsoft-jhenghei.ttf,0,37,16,33.066666666672,33,-0.06666666667199905,17,False,得深常奢夠堅堂基培堵,"得深常奢夠堅堂基培堵
",得深常奢夠堅堂基培堵,得深常奢夠堅堂基培堵,0,10,0.0,0.12512812099976145,ok,
zh_line_03,zh_tra,single_line,7,2.066666666667,bin_ceil,3.0,3.0,3,canonical/zh_line_03/r_2p066667.png,d476c59f52789cd7180374ad7d5a39a531af1209692b25319899d2a8495088fb,resized/bin_ceil/zh_line_03/r_2p066667.png,815868cc523f2ef13f29b3833a51e0defc4392266bfaddffc3353ff0b5b8cb8b,/home/karan/ocr_study/fonts/microsoft-jhenghei.ttf,0,37,16,33.066666666672,33,-0.06666666667199905,12,False,得深常奢夠堅堂基培堵,"得深常奢夠堅堂基培培
",得深常奢夠堅堂基培堵,得深常奢夠堅堂基培培,1,10,0.1,0.11778383900036715,ok,
zh_line_03,zh_tra,single_line,7,2.066666666667,opencv_bilinear,2.0660377358490565,2.0660377358490565,,canonical/zh_line_03/r_2p066667.png,d476c59f52789cd7180374ad7d5a39a531af1209692b25319899d2a8495088fb,resized/opencv_bilinear/zh_line_03/r_2p066667.png,4a8e304eb4fa3034bec6b73f0addb00eae34abd95f0824c0cf265437895d85fa,/home/karan/ocr_study/fonts/microsoft-jhenghei.ttf,0,37,16,33.066666666672,33,-0.06666666667199905,16,False,得深常奢夠堅堂基培堵,"得深常奢夠堅堂基培堵
",得深常奢夠堅堂基培堵,得深常奢夠堅堂基培堵,0,10,0.0,0.12321443500059104,ok,
zh_line_03,zh_tra,single_line,7,2.066666666667,lanczos2_7tap_16phase,2.0660377358490565,2.0660377358490565,,canonical/zh_line_03/r_2p066667.png,d476c59f52789cd7180374ad7d5a39a531af1209692b25319899d2a8495088fb,resized/lanczos2_7tap_16phase/zh_line_03/r_2p066667.png,94db0846733bc272d2a5fd579d5086e1da5fa480a2d3842498bd28c73d20b45e,/home/karan/ocr_study/fonts/microsoft-jhenghei.ttf,0,37,16,33.066666666672,33,-0.06666666667199905,17,False,得深常奢夠堅堂基培堵,"得深常奢夠堅堂基培堵
",得深常奢夠堅堂基培堵,得深常奢夠堅堂基培堵,0,10,0.0,0.13108202800049185,ok,
zh_line_03,zh_tra,single_line,7,2.066666666667,lanczos3_7tap_16phase,2.0660377358490565,2.0660377358490565,,canonical/zh_line_03/r_2p066667.png,d476c59f52789cd7180374ad7d5a39a531af1209692b25319899d2a8495088fb,resized/lanczos3_7tap_16phase/zh_line_03/r_2p066667.png,072f1c2bd88492d55b019d625e9f69773590f4879719cf8687c9b70d16556482,/home/karan/ocr_study/fonts/microsoft-jhenghei.ttf,0,37,16,33.066666666672,33,-0.06666666667199905,17,False,得深常奢夠堅堂基培堵,"得深常奢夠堅堂基培堵
",得深常奢夠堅堂基培堵,得深常奢夠堅堂基培堵,0,10,0.0,0.12318590300037613,ok,
zh_line_03,zh_tra,single_line,7,2.2,bin_floor,2.0,2.0,2,canonical/zh_line_03/r_2p200000.png,1b0a2143c5af97b4dce1ee5cd4b6ded3aba7ef5c9abf2e4a3c22b781554becff,resized/bin_floor/zh_line_03/r_2p200000.png,1f5e73de0d816935c7be5a6629b68935d5d41c501a15cbf28d8b0661cac53773,/home/karan/ocr_study/fonts/microsoft-jhenghei.ttf,0,39,16,35.2,35,-0.20000000000000284,18,False,得深常奢夠堅堂基培堵,"得深常奢夠堅堂基培堵
",得深常奢夠堅堂基培堵,得深常奢夠堅堂基培堵,0,10,0.0,0.12122096900020551,ok,
zh_line_03,zh_tra,single_line,7,2.2,bin_ceil,3.0,3.0,3,canonical/zh_line_03/r_2p200000.png,1b0a2143c5af97b4dce1ee5cd4b6ded3aba7ef5c9abf2e4a3c22b781554becff,resized/bin_ceil/zh_line_03/r_2p200000.png,ebaa223c4462f86968945974a14f54f91e3d43b46ca1102aaf260400384ae949,/home/karan/ocr_study/fonts/microsoft-jhenghei.ttf,0,39,16,35.2,35,-0.20000000000000284,12,False,得深常奢夠堅堂基培堵,"得深常奢夠堅堂基培堵
",得深常奢夠堅堂基培堵,得深常奢夠堅堂基培堵,0,10,0.0,0.1209421140001723,ok,
zh_line_03,zh_tra,single_line,7,2.2,opencv_bilinear,2.2,2.2,,canonical/zh_line_03/r_2p200000.png,1b0a2143c5af97b4dce1ee5cd4b6ded3aba7ef5c9abf2e4a3c22b781554becff,resized/opencv_bilinear/zh_line_03/r_2p200000.png,b4600d2cb530c58e3c1fa7af67a1b1c0a2c0fc8411232205267d3870b4006731,/home/karan/ocr_study/fonts/microsoft-jhenghei.ttf,0,39,16,35.2,35,-0.20000000000000284,16,False,得深常奢夠堅堂基培堵,"得深常奢夠堅堂基培堵
",得深常奢夠堅堂基培堵,得深常奢夠堅堂基培堵,0,10,0.0,0.12089895500048442,ok,
zh_line_03,zh_tra,single_line,7,2.2,lanczos2_7tap_16phase,2.2,2.2,,canonical/zh_line_03/r_2p200000.png,1b0a2143c5af97b4dce1ee5cd4b6ded3aba7ef5c9abf2e4a3c22b781554becff,resized/lanczos2_7tap_16phase/zh_line_03/r_2p200000.png,e575d2f8a090254320455541f3467423e07d3afd90e9ca24175930f15e1a2066,/home/karan/ocr_study/fonts/microsoft-jhenghei.ttf,0,39,16,35.2,35,-0.20000000000000284,17,False,得深常奢夠堅堂基培堵,"得深常奢夠堅堂基培堵
",得深常奢夠堅堂基培堵,得深常奢夠堅堂基培堵,0,10,0.0,0.12145398900065629,ok,
zh_line_03,zh_tra,single_line,7,2.2,lanczos3_7tap_16phase,2.2,2.2,,canonical/zh_line_03/r_2p200000.png,1b0a2143c5af97b4dce1ee5cd4b6ded3aba7ef5c9abf2e4a3c22b781554becff,resized/lanczos3_7tap_16phase/zh_line_03/r_2p200000.png,059e2dd434ab917b3f1c37318567643ebf63155473ec18cc62cc60230c07808d,/home/karan/ocr_study/fonts/microsoft-jhenghei.ttf,0,39,16,35.2,35,-0.20000000000000284,17,False,得深常奢夠堅堂基培堵,"得深常奢夠堅堂基培堵
",得深常奢夠堅堂基培堵,得深常奢夠堅堂基培堵,0,10,0.0,0.11522162399978697,ok,
zh_line_03,zh_tra,single_line,7,2.333333333333,bin_floor,2.0,2.0,2,canonical/zh_line_03/r_2p333333.png,5f39272510748fc50513acf49181da17bf11688bf863420aa4f01d246fd1e8bd,resized/bin_floor/zh_line_03/r_2p333333.png,d15821e67b758b1cb3d2a8592e977bb56e91a6135eea786eaa1177a90e210f29,/home/karan/ocr_study/fonts/microsoft-jhenghei.ttf,0,41,16,37.333333333328,37,-0.3333333333279995,19,False,得深常奢夠堅堂基培堵,"得深常奢夠堅堂基培堵
",得深常奢夠堅堂基培堵,得深常奢夠堅堂基培堵,0,10,0.0,0.12181112200050848,ok,
zh_line_03,zh_tra,single_line,7,2.333333333333,bin_ceil,3.0,3.0,3,canonical/zh_line_03/r_2p333333.png,5f39272510748fc50513acf49181da17bf11688bf863420aa4f01d246fd1e8bd,resized/bin_ceil/zh_line_03/r_2p333333.png,422e9743f352af7ca6b62c01ce097ab4d5c57390d62276be5f42ba1e23c95d47,/home/karan/ocr_study/fonts/microsoft-jhenghei.ttf,0,41,16,37.333333333328,37,-0.3333333333279995,13,False,得深常奢夠堅堂基培堵,"得深常奢夠堅堂基培寺
",得深常奢夠堅堂基培堵,得深常奢夠堅堂基培寺,1,10,0.1,0.14409527699990576,ok,
zh_line_03,zh_tra,single_line,7,2.333333333333,opencv_bilinear,2.3365384615384617,2.3365384615384617,,canonical/zh_line_03/r_2p333333.png,5f39272510748fc50513acf49181da17bf11688bf863420aa4f01d246fd1e8bd,resized/opencv_bilinear/zh_line_03/r_2p333333.png,8108e2cbb280a63d59fa0cb19595b017afb329ab36d790d737b2503a3e135434,/home/karan/ocr_study/fonts/microsoft-jhenghei.ttf,0,41,16,37.333333333328,37,-0.3333333333279995,16,False,得深常奢夠堅堂基培堵,"得深常奢夠堅堂基培堵
",得深常奢夠堅堂基培堵,得深常奢夠堅堂基培堵,0,10,0.0,0.11782290199971612,ok,
zh_line_03,zh_tra,single_line,7,2.333333333333,lanczos2_7tap_16phase,2.3365384615384617,2.3365384615384617,,canonical/zh_line_03/r_2p333333.png,5f39272510748fc50513acf49181da17bf11688bf863420aa4f01d246fd1e8bd,resized/lanczos2_7tap_16phase/zh_line_03/r_2p333333.png,adbd7ce20aced9631a780cc980bf3cea17224a8daee3e02e3fce6da74bdf5417,/home/karan/ocr_study/fonts/microsoft-jhenghei.ttf,0,41,16,37.333333333328,37,-0.3333333333279995,17,False,得深常奢夠堅堂基培堵,"得深常奢夠堅堂基培堵
",得深常奢夠堅堂基培堵,得深常奢夠堅堂基培堵,0,10,0.0,0.11791190299936716,ok,
zh_line_03,zh_tra,single_line,7,2.333333333333,lanczos3_7tap_16phase,2.3365384615384617,2.3365384615384617,,canonical/zh_line_03/r_2p333333.png,5f39272510748fc50513acf49181da17bf11688bf863420aa4f01d246fd1e8bd,resized/lanczos3_7tap_16phase/zh_line_03/r_2p333333.png,9ab767563bbb81d6b6d0246a0b0a40c2b53e97d6f3b7dbd32f820cf9c0895982,/home/karan/ocr_study/fonts/microsoft-jhenghei.ttf,0,41,16,37.333333333328,37,-0.3333333333279995,17,False,得深常奢夠堅堂基培堵,"得深常奢夠堅堂基培堵
",得深常奢夠堅堂基培堵,得深常奢夠堅堂基培堵,0,10,0.0,0.1201883160001671,ok,
zh_line_03,zh_tra,single_line,7,2.466666666667,bin_floor,2.0,2.0,2,canonical/zh_line_03/r_2p466667.png,19bb670c90b933e2bca21d1b1b150490a7714bda035c7db27b691c90c8384ed4,resized/bin_floor/zh_line_03/r_2p466667.png,23e38a403e1f1299449755b05d0e7c172e260343db57d3b29ae0df22faaf0740,/home/karan/ocr_study/fonts/microsoft-jhenghei.ttf,0,43,16,39.466666666672,39,-0.46666666667199763,20,False,得深常奢夠堅堂基培堵,"得深常奢夠堅堂基培堵
",得深常奢夠堅堂基培堵,得深常奢夠堅堂基培堵,0,10,0.0,0.12083877599980042,ok,
zh_line_03,zh_tra,single_line,7,2.466666666667,bin_ceil,3.0,3.0,3,canonical/zh_line_03/r_2p466667.png,19bb670c90b933e2bca21d1b1b150490a7714bda035c7db27b691c90c8384ed4,resized/bin_ceil/zh_line_03/r_2p466667.png,849fe12a8886fbd4f0fc8e01eb0ab247dc902210a5a06dca2859f91b7d45f8b8,/home/karan/ocr_study/fonts/microsoft-jhenghei.ttf,0,43,16,39.466666666672,39,-0.46666666667199763,14,False,得深常奢夠堅堂基培堵,"得深常奢夠堅堂基培堵
",得深常奢夠堅堂基培堵,得深常奢夠堅堂基培堵,0,10,0.0,0.11524215400004323,ok,
zh_line_03,zh_tra,single_line,7,2.466666666667,opencv_bilinear,2.463768115942029,2.463768115942029,,canonical/zh_line_03/r_2p466667.png,19bb670c90b933e2bca21d1b1b150490a7714bda035c7db27b691c90c8384ed4,resized/opencv_bilinear/zh_line_03/r_2p466667.png,837a19f5bb285ec344ca6fbccdc07dee24474d240a2a8db7fef89fd73c72e265,/home/karan/ocr_study/fonts/microsoft-jhenghei.ttf,0,43,16,39.466666666672,39,-0.46666666667199763,16,False,得深常奢夠堅堂基培堵,"得深常奢夠堅堂基培堵
",得深常奢夠堅堂基培堵,得深常奢夠堅堂基培堵,0,10,0.0,0.11711622300026647,ok,
zh_line_03,zh_tra,single_line,7,2.466666666667,lanczos2_7tap_16phase,2.463768115942029,2.463768115942029,,canonical/zh_line_03/r_2p466667.png,19bb670c90b933e2bca21d1b1b150490a7714bda035c7db27b691c90c8384ed4,resized/lanczos2_7tap_16phase/zh_line_03/r_2p466667.png,7fe23dbff05daf685039e2d0ffa12d9b64416283f0beb8e7dfa0b21cd48941bc,/home/karan/ocr_study/fonts/microsoft-jhenghei.ttf,0,43,16,39.466666666672,39,-0.46666666667199763,17,False,得深常奢夠堅堂基培堵,"得深常奢夠堅堂基培堵
",得深常奢夠堅堂基培堵,得深常奢夠堅堂基培堵,0,10,0.0,0.11594547699951363,ok,
zh_line_03,zh_tra,single_line,7,2.466666666667,lanczos3_7tap_16phase,2.463768115942029,2.463768115942029,,canonical/zh_line_03/r_2p466667.png,19bb670c90b933e2bca21d1b1b150490a7714bda035c7db27b691c90c8384ed4,resized/lanczos3_7tap_16phase/zh_line_03/r_2p466667.png,9023dc557e814208ca4ac0a44e02d27f8cb81f31346514bd6746efd737d96f65,/home/karan/ocr_study/fonts/microsoft-jhenghei.ttf,0,43,16,39.466666666672,39,-0.46666666667199763,17,False,得深常奢夠堅堂基培堵,"得深常奢夠堅堂基培堵
",得深常奢夠堅堂基培堵,得深常奢夠堅堂基培堵,0,10,0.0,0.12059468899951753,ok,
zh_line_03,zh_tra,single_line,7,2.6,bin_floor,2.0,2.0,2,canonical/zh_line_03/r_2p600000.png,7e4b2cae09744655101c50859755ccdb72a423300ad23b1bfcb176df2dbf1088,resized/bin_floor/zh_line_03/r_2p600000.png,1f8af83539472dd2dc039f7c6baf2bd42c66f72e1fc8facac95840a97410062c,/home/karan/ocr_study/fonts/microsoft-jhenghei.ttf,0,47,16,41.6,42,0.3999999999999986,21,False,得深常奢夠堅堂基培堵,"得深常奢夠堅堂基培堵
",得深常奢夠堅堂基培堵,得深常奢夠堅堂基培堵,0,10,0.0,0.12482700499913335,ok,
zh_line_03,zh_tra,single_line,7,2.6,bin_ceil,3.0,3.0,3,canonical/zh_line_03/r_2p600000.png,7e4b2cae09744655101c50859755ccdb72a423300ad23b1bfcb176df2dbf1088,resized/bin_ceil/zh_line_03/r_2p600000.png,7895679d0fd3b94ecd09c4498e31db351fd50c219fe73436a3a09154da672773,/home/karan/ocr_study/fonts/microsoft-jhenghei.ttf,0,47,16,41.6,42,0.3999999999999986,14,False,得深常奢夠堅堂基培堵,"得深常奢夠堅堂基培堵
",得深常奢夠堅堂基培堵,得深常奢夠堅堂基培堵,0,10,0.0,0.1221403259996805,ok,
zh_line_03,zh_tra,single_line,7,2.6,opencv_bilinear,2.5953488372093023,2.5953488372093023,,canonical/zh_line_03/r_2p600000.png,7e4b2cae09744655101c50859755ccdb72a423300ad23b1bfcb176df2dbf1088,resized/opencv_bilinear/zh_line_03/r_2p600000.png,e4d7ce3baa66322d17fb09848c582e94260786586caeff5a66f67b4f7c70d5af,/home/karan/ocr_study/fonts/microsoft-jhenghei.ttf,0,47,16,41.6,42,0.3999999999999986,17,False,得深常奢夠堅堂基培堵,"得深常奢夠堅堂基培堵
",得深常奢夠堅堂基培堵,得深常奢夠堅堂基培堵,0,10,0.0,0.12333609399956913,ok,
zh_line_03,zh_tra,single_line,7,2.6,lanczos2_7tap_16phase,2.5953488372093023,2.5953488372093023,,canonical/zh_line_03/r_2p600000.png,7e4b2cae09744655101c50859755ccdb72a423300ad23b1bfcb176df2dbf1088,resized/lanczos2_7tap_16phase/zh_line_03/r_2p600000.png,bbbd24ca22c7d7dbee64c8c8dee167db4ee820b3dd75030e06c7bcba6e1719a1,/home/karan/ocr_study/fonts/microsoft-jhenghei.ttf,0,47,16,41.6,42,0.3999999999999986,17,False,得深常奢夠堅堂基培堵,"得深常奢夠堅堂基培堵
",得深常奢夠堅堂基培堵,得深常奢夠堅堂基培堵,0,10,0.0,0.12350190999950428,ok,
zh_line_03,zh_tra,single_line,7,2.6,lanczos3_7tap_16phase,2.5953488372093023,2.5953488372093023,,canonical/zh_line_03/r_2p600000.png,7e4b2cae09744655101c50859755ccdb72a423300ad23b1bfcb176df2dbf1088,resized/lanczos3_7tap_16phase/zh_line_03/r_2p600000.png,98fafc6bc61a0eab3106e7f948a9b2ac434c9668b1e8c42b80845280e70a15ef,/home/karan/ocr_study/fonts/microsoft-jhenghei.ttf,0,47,16,41.6,42,0.3999999999999986,17,False,得深常奢夠堅堂基培堵,"得深常奢夠堅堂基培堵
",得深常奢夠堅堂基培堵,得深常奢夠堅堂基培堵,0,10,0.0,0.12805650500013144,ok,
zh_line_03,zh_tra,single_line,7,2.625,bin_floor,2.0,2.0,2,canonical/zh_line_03/r_2p625000.png,7e4b2cae09744655101c50859755ccdb72a423300ad23b1bfcb176df2dbf1088,resized/bin_floor/zh_line_03/r_2p625000.png,1f8af83539472dd2dc039f7c6baf2bd42c66f72e1fc8facac95840a97410062c,/home/karan/ocr_study/fonts/microsoft-jhenghei.ttf,0,47,16,42.0,42,0.0,21,False,得深常奢夠堅堂基培堵,"得深常奢夠堅堂基培堵
",得深常奢夠堅堂基培堵,得深常奢夠堅堂基培堵,0,10,0.0,0.12285439599963865,ok,
zh_line_03,zh_tra,single_line,7,2.625,bin_ceil,3.0,3.0,3,canonical/zh_line_03/r_2p625000.png,7e4b2cae09744655101c50859755ccdb72a423300ad23b1bfcb176df2dbf1088,resized/bin_ceil/zh_line_03/r_2p625000.png,7895679d0fd3b94ecd09c4498e31db351fd50c219fe73436a3a09154da672773,/home/karan/ocr_study/fonts/microsoft-jhenghei.ttf,0,47,16,42.0,42,0.0,14,False,得深常奢夠堅堂基培堵,"得深常奢夠堅堂基培堵
",得深常奢夠堅堂基培堵,得深常奢夠堅堂基培堵,0,10,0.0,0.12032385699967563,ok,
zh_line_03,zh_tra,single_line,7,2.625,opencv_bilinear,2.619718309859155,2.619718309859155,,canonical/zh_line_03/r_2p625000.png,7e4b2cae09744655101c50859755ccdb72a423300ad23b1bfcb176df2dbf1088,resized/opencv_bilinear/zh_line_03/r_2p625000.png,c444d8de3d9868797456a85eb14d9e37718fce376882e67209040257fc642e7a,/home/karan/ocr_study/fonts/microsoft-jhenghei.ttf,0,47,16,42.0,42,0.0,17,False,得深常奢夠堅堂基培堵,"得深常奢夠堅堂基培堵
",得深常奢夠堅堂基培堵,得深常奢夠堅堂基培堵,0,10,0.0,0.12878436299979512,ok,
zh_line_03,zh_tra,single_line,7,2.625,lanczos2_7tap_16phase,2.619718309859155,2.619718309859155,,canonical/zh_line_03/r_2p625000.png,7e4b2cae09744655101c50859755ccdb72a423300ad23b1bfcb176df2dbf1088,resized/lanczos2_7tap_16phase/zh_line_03/r_2p625000.png,039e14f1da9f0c2619830b07ff917ad8431558f6535ddf625ff1b941ed490fb2,/home/karan/ocr_study/fonts/microsoft-jhenghei.ttf,0,47,16,42.0,42,0.0,17,False,得深常奢夠堅堂基培堵,"得深常奢夠堅堂基培堵
",得深常奢夠堅堂基培堵,得深常奢夠堅堂基培堵,0,10,0.0,0.11948527000004106,ok,
zh_line_03,zh_tra,single_line,7,2.625,lanczos3_7tap_16phase,2.619718309859155,2.619718309859155,,canonical/zh_line_03/r_2p625000.png,7e4b2cae09744655101c50859755ccdb72a423300ad23b1bfcb176df2dbf1088,resized/lanczos3_7tap_16phase/zh_line_03/r_2p625000.png,8eefc682bd1200bad9f446c81c7586d5fe990a0b2e0cddeb57fd3ae25a3b3b08,/home/karan/ocr_study/fonts/microsoft-jhenghei.ttf,0,47,16,42.0,42,0.0,17,False,得深常奢夠堅堂基培堵,"得深常奢夠堅堂基培堵
",得深常奢夠堅堂基培堵,得深常奢夠堅堂基培堵,0,10,0.0,0.12015413800054375,ok,
zh_line_03,zh_tra,single_line,7,2.733333333333,bin_floor,2.0,2.0,2,canonical/zh_line_03/r_2p733333.png,c1126041a695d87f9879b3a5cf6f59beaf6476b820f3d3925c7d881e518a26f9,resized/bin_floor/zh_line_03/r_2p733333.png,da6c55fc208188fdc3d60073d94c54f5d3fc5b14869dbbe4505126d262b05273,/home/karan/ocr_study/fonts/microsoft-jhenghei.ttf,0,48,16,43.733333333328,44,0.2666666666720019,23,False,得深常奢夠堅堂基培堵,"得深常奢夠堅堂基培堵
",得深常奢夠堅堂基培堵,得深常奢夠堅堂基培堵,0,10,0.0,0.12288346900004399,ok,
zh_line_03,zh_tra,single_line,7,2.733333333333,bin_ceil,3.0,3.0,3,canonical/zh_line_03/r_2p733333.png,c1126041a695d87f9879b3a5cf6f59beaf6476b820f3d3925c7d881e518a26f9,resized/bin_ceil/zh_line_03/r_2p733333.png,6659645bd701c5842b46ca166042b015f794cc3e313105d2ea4cc4fd65c7ebe7,/home/karan/ocr_study/fonts/microsoft-jhenghei.ttf,0,48,16,43.733333333328,44,0.2666666666720019,16,False,得深常奢夠堅堂基培堵,"得深常奢夠堅堂基培堵
",得深常奢夠堅堂基培堵,得深常奢夠堅堂基培堵,0,10,0.0,0.12006435100011004,ok,
zh_line_03,zh_tra,single_line,7,2.733333333333,opencv_bilinear,2.727272727272727,2.727272727272727,,canonical/zh_line_03/r_2p733333.png,c1126041a695d87f9879b3a5cf6f59beaf6476b820f3d3925c7d881e518a26f9,resized/opencv_bilinear/zh_line_03/r_2p733333.png,a0edb5fd8c42a6eb853cdb75f7b676a4d459d775444a909903c281ff1a0b1d00,/home/karan/ocr_study/fonts/microsoft-jhenghei.ttf,0,48,16,43.733333333328,44,0.2666666666720019,17,False,得深常奢夠堅堂基培堵,"得深常奢夠堅堂基培堵
",得深常奢夠堅堂基培堵,得深常奢夠堅堂基培堵,0,10,0.0,0.12174617299933743,ok,
zh_line_03,zh_tra,single_line,7,2.733333333333,lanczos2_7tap_16phase,2.727272727272727,2.727272727272727,,canonical/zh_line_03/r_2p733333.png,c1126041a695d87f9879b3a5cf6f59beaf6476b820f3d3925c7d881e518a26f9,resized/lanczos2_7tap_16phase/zh_line_03/r_2p733333.png,38425f64cccafba2015a4df2128b23a94592dc9853f57f36e2a9d09416e6669d,/home/karan/ocr_study/fonts/microsoft-jhenghei.ttf,0,48,16,43.733333333328,44,0.2666666666720019,17,False,得深常奢夠堅堂基培堵,"得深常奢夠堅堂基培堵
",得深常奢夠堅堂基培堵,得深常奢夠堅堂基培堵,0,10,0.0,0.12165490300048987,ok,
zh_line_03,zh_tra,single_line,7,2.733333333333,lanczos3_7tap_16phase,2.727272727272727,2.727272727272727,,canonical/zh_line_03/r_2p733333.png,c1126041a695d87f9879b3a5cf6f59beaf6476b820f3d3925c7d881e518a26f9,resized/lanczos3_7tap_16phase/zh_line_03/r_2p733333.png,cf16211d6e9dcbb234abd493d18e6ae61b1bea13af2d7c21f79ed27fa30aa6a0,/home/karan/ocr_study/fonts/microsoft-jhenghei.ttf,0,48,16,43.733333333328,44,0.2666666666720019,17,False,得深常奢夠堅堂基培堵,"得深常奢夠堅堂基培堵
",得深常奢夠堅堂基培堵,得深常奢夠堅堂基培堵,0,10,0.0,0.11923664499954612,ok,
zh_line_03,zh_tra,single_line,7,2.866666666667,bin_floor,2.0,2.0,2,canonical/zh_line_03/r_2p866667.png,6f4674f92b6df543d2eeb659fa134628311986ffd5dbfb0cdbd4ca0f85303277,resized/bin_floor/zh_line_03/r_2p866667.png,3ff45f91cdbad1d92c65c8f293d9e61a732cca579eec6c5c005ef8930210ef71,/home/karan/ocr_study/fonts/microsoft-jhenghei.ttf,0,51,16,45.866666666672,46,0.13333333332799668,23,False,得深常奢夠堅堂基培堵,"得深常奢夠堅堂基培堵
",得深常奢夠堅堂基培堵,得深常奢夠堅堂基培堵,0,10,0.0,0.12365239900009328,ok,
zh_line_03,zh_tra,single_line,7,2.866666666667,bin_ceil,3.0,3.0,3,canonical/zh_line_03/r_2p866667.png,6f4674f92b6df543d2eeb659fa134628311986ffd5dbfb0cdbd4ca0f85303277,resized/bin_ceil/zh_line_03/r_2p866667.png,71e7846f65126f4ad29956d678f55c823068feb3a3162ef1d3a5e1544094b970,/home/karan/ocr_study/fonts/microsoft-jhenghei.ttf,0,51,16,45.866666666672,46,0.13333333332799668,16,False,得深常奢夠堅堂基培堵,"得深常奢夠堅堂基培堵
",得深常奢夠堅堂基培堵,得深常奢夠堅堂基培堵,0,10,0.0,0.12264135200075543,ok,
zh_line_03,zh_tra,single_line,7,2.866666666667,opencv_bilinear,2.8720379146919433,2.8720379146919433,,canonical/zh_line_03/r_2p866667.png,6f4674f92b6df543d2eeb659fa134628311986ffd5dbfb0cdbd4ca0f85303277,resized/opencv_bilinear/zh_line_03/r_2p866667.png,92f7defa4a99c39a1e2f2c26847bfcd85658692f6a05caf1127e03552595ee74,/home/karan/ocr_study/fonts/microsoft-jhenghei.ttf,0,51,16,45.866666666672,46,0.13333333332799668,17,False,得深常奢夠堅堂基培堵,"得深常奢夠堅堂基培堵
",得深常奢夠堅堂基培堵,得深常奢夠堅堂基培堵,0,10,0.0,0.12265729699993244,ok,
zh_line_03,zh_tra,single_line,7,2.866666666667,lanczos2_7tap_16phase,2.8720379146919433,2.8720379146919433,,canonical/zh_line_03/r_2p866667.png,6f4674f92b6df543d2eeb659fa134628311986ffd5dbfb0cdbd4ca0f85303277,resized/lanczos2_7tap_16phase/zh_line_03/r_2p866667.png,054500c36b5d53500be17cb16404eaeb04be3edaf66326136e298d65349a0fbc,/home/karan/ocr_study/fonts/microsoft-jhenghei.ttf,0,51,16,45.866666666672,46,0.13333333332799668,17,False,得深常奢夠堅堂基培堵,"得深常奢夠堅堂基培堵
",得深常奢夠堅堂基培堵,得深常奢夠堅堂基培堵,0,10,0.0,0.11611024600006203,ok,
zh_line_03,zh_tra,single_line,7,2.866666666667,lanczos3_7tap_16phase,2.8720379146919433,2.8720379146919433,,canonical/zh_line_03/r_2p866667.png,6f4674f92b6df543d2eeb659fa134628311986ffd5dbfb0cdbd4ca0f85303277,resized/lanczos3_7tap_16phase/zh_line_03/r_2p866667.png,a759060926aeeadc24683c64b99c470fdeab3f6ccb3d41007f327d84cbb4f043,/home/karan/ocr_study/fonts/microsoft-jhenghei.ttf,0,51,16,45.866666666672,46,0.13333333332799668,17,False,得深常奢夠堅堂基培堵,"得深常奢夠堅堂基培堵
",得深常奢夠堅堂基培堵,得深常奢夠堅堂基培堵,0,10,0.0,0.11806659600006242,ok,
zh_line_03,zh_tra,single_line,7,3.0,bin_floor,3.0,3.0,3,canonical/zh_line_03/r_3p000000.png,81d0d19d83da6d7fc4198488e934bcad216b3ff59a276496bcdfd6f6862e023e,resized/bin_floor/zh_line_03/r_3p000000.png,ec73f02a17cc4aea7de544cc83a066d394a06f8cce4549095a898cb0bdc08d8d,/home/karan/ocr_study/fonts/microsoft-jhenghei.ttf,0,54,16,48.0,48,0.0,17,False,得深常奢夠堅堂基培堵,"得深常奢夠堅堂基培堵
",得深常奢夠堅堂基培堵,得深常奢夠堅堂基培堵,0,10,0.0,0.12164052800017089,ok,
zh_line_03,zh_tra,single_line,7,3.0,bin_ceil,3.0,3.0,3,canonical/zh_line_03/r_3p000000.png,81d0d19d83da6d7fc4198488e934bcad216b3ff59a276496bcdfd6f6862e023e,resized/bin_ceil/zh_line_03/r_3p000000.png,ec73f02a17cc4aea7de544cc83a066d394a06f8cce4549095a898cb0bdc08d8d,/home/karan/ocr_study/fonts/microsoft-jhenghei.ttf,0,54,16,48.0,48,0.0,17,False,得深常奢夠堅堂基培堵,"得深常奢夠堅堂基培堵
",得深常奢夠堅堂基培堵,得深常奢夠堅堂基培堵,0,10,0.0,0.1193313189996843,ok,
zh_line_03,zh_tra,single_line,7,3.0,opencv_bilinear,3.0,3.0,,canonical/zh_line_03/r_3p000000.png,81d0d19d83da6d7fc4198488e934bcad216b3ff59a276496bcdfd6f6862e023e,resized/opencv_bilinear/zh_line_03/r_3p000000.png,990bd4c70b88d46c0c468cf9c241aaf1ea0dc85e7f6c0020eb7a067f4d568d42,/home/karan/ocr_study/fonts/microsoft-jhenghei.ttf,0,54,16,48.0,48,0.0,16,False,得深常奢夠堅堂基培堵,"得深常奢夠堅堂基培堵
",得深常奢夠堅堂基培堵,得深常奢夠堅堂基培堵,0,10,0.0,0.12888822199965944,ok,
zh_line_03,zh_tra,single_line,7,3.0,lanczos2_7tap_16phase,3.0,3.0,,canonical/zh_line_03/r_3p000000.png,81d0d19d83da6d7fc4198488e934bcad216b3ff59a276496bcdfd6f6862e023e,resized/lanczos2_7tap_16phase/zh_line_03/r_3p000000.png,9ae0b41a17e13ffe8d7860c3043b4d1d6b960870bdcbd3f3b338ee5f69ac99d5,/home/karan/ocr_study/fonts/microsoft-jhenghei.ttf,0,54,16,48.0,48,0.0,17,False,得深常奢夠堅堂基培堵,"得深常奢夠堅堂基培堵
",得深常奢夠堅堂基培堵,得深常奢夠堅堂基培堵,0,10,0.0,0.11788522699953319,ok,
zh_line_03,zh_tra,single_line,7,3.0,lanczos3_7tap_16phase,3.0,3.0,,canonical/zh_line_03/r_3p000000.png,81d0d19d83da6d7fc4198488e934bcad216b3ff59a276496bcdfd6f6862e023e,resized/lanczos3_7tap_16phase/zh_line_03/r_3p000000.png,74b1052ef2b99db055ac3a4f3804af4f6b0e92e2d34bf8af5994d3ef1418a4dd,/home/karan/ocr_study/fonts/microsoft-jhenghei.ttf,0,54,16,48.0,48,0.0,18,True,得深常奢夠堅堂基培堵,"得深常奢夠堅堂基培堵
",得深常奢夠堅堂基培堵,得深常奢夠堅堂基培堵,0,10,0.0,0.12494445799984533,ok,
zh_line_04,zh_tra,single_line,7,1.0,bin_floor,1.0,1.0,1,canonical/zh_line_04/r_1p000000.png,294a85c0003a5b638112839a9e8cb6900442fe8b300b7f87ae48ca9ac6bbbdd7,resized/bin_floor/zh_line_04/r_1p000000.png,294a85c0003a5b638112839a9e8cb6900442fe8b300b7f87ae48ca9ac6bbbdd7,/home/karan/ocr_study/fonts/microsoft-jhenghei.ttf,0,17,16,16.0,16,0.0,17,False,乾彩商域國匙剪區參,"乾彩商域國是剪區參
",乾彩商域國匙剪區參,乾彩商域國是剪區參,1,9,0.1111111111111111,0.12540335400080949,ok,
zh_line_04,zh_tra,single_line,7,1.0,bin_ceil,1.0,1.0,1,canonical/zh_line_04/r_1p000000.png,294a85c0003a5b638112839a9e8cb6900442fe8b300b7f87ae48ca9ac6bbbdd7,resized/bin_ceil/zh_line_04/r_1p000000.png,294a85c0003a5b638112839a9e8cb6900442fe8b300b7f87ae48ca9ac6bbbdd7,/home/karan/ocr_study/fonts/microsoft-jhenghei.ttf,0,17,16,16.0,16,0.0,17,False,乾彩商域國匙剪區參,"乾彩商域國是剪區參
",乾彩商域國匙剪區參,乾彩商域國是剪區參,1,9,0.1111111111111111,0.1106122189994494,ok,
zh_line_04,zh_tra,single_line,7,1.0,opencv_bilinear,1.0,1.0,,canonical/zh_line_04/r_1p000000.png,294a85c0003a5b638112839a9e8cb6900442fe8b300b7f87ae48ca9ac6bbbdd7,resized/opencv_bilinear/zh_line_04/r_1p000000.png,294a85c0003a5b638112839a9e8cb6900442fe8b300b7f87ae48ca9ac6bbbdd7,/home/karan/ocr_study/fonts/microsoft-jhenghei.ttf,0,17,16,16.0,16,0.0,17,False,乾彩商域國匙剪區參,"乾彩商域國是剪區參
",乾彩商域國匙剪區參,乾彩商域國是剪區參,1,9,0.1111111111111111,0.11193205600011424,ok,
zh_line_04,zh_tra,single_line,7,1.0,lanczos2_7tap_16phase,1.0,1.0,,canonical/zh_line_04/r_1p000000.png,294a85c0003a5b638112839a9e8cb6900442fe8b300b7f87ae48ca9ac6bbbdd7,resized/lanczos2_7tap_16phase/zh_line_04/r_1p000000.png,294a85c0003a5b638112839a9e8cb6900442fe8b300b7f87ae48ca9ac6bbbdd7,/home/karan/ocr_study/fonts/microsoft-jhenghei.ttf,0,17,16,16.0,16,0.0,17,False,乾彩商域國匙剪區參,"乾彩商域國是剪區參
",乾彩商域國匙剪區參,乾彩商域國是剪區參,1,9,0.1111111111111111,0.11136004200034222,ok,
zh_line_04,zh_tra,single_line,7,1.0,lanczos3_7tap_16phase,1.0,1.0,,canonical/zh_line_04/r_1p000000.png,294a85c0003a5b638112839a9e8cb6900442fe8b300b7f87ae48ca9ac6bbbdd7,resized/lanczos3_7tap_16phase/zh_line_04/r_1p000000.png,294a85c0003a5b638112839a9e8cb6900442fe8b300b7f87ae48ca9ac6bbbdd7,/home/karan/ocr_study/fonts/microsoft-jhenghei.ttf,0,17,16,16.0,16,0.0,17,False,乾彩商域國匙剪區參,"乾彩商域國是剪區參
",乾彩商域國匙剪區參,乾彩商域國是剪區參,1,9,0.1111111111111111,0.11139908000041032,ok,
zh_line_04,zh_tra,single_line,7,1.133333333333,bin_floor,1.0,1.0,1,canonical/zh_line_04/r_1p133333.png,b15674f5db6e779202cad38228ffa68b6c329c1cbff9850ee5bde1fc73ccbfcf,resized/bin_floor/zh_line_04/r_1p133333.png,b15674f5db6e779202cad38228ffa68b6c329c1cbff9850ee5bde1fc73ccbfcf,/home/karan/ocr_study/fonts/microsoft-jhenghei.ttf,0,20,16,18.133333333328,18,-0.13333333332800024,18,False,乾彩商域國匙剪區參,"乾彩商域國是剪區參
",乾彩商域國匙剪區參,乾彩商域國是剪區參,1,9,0.1111111111111111,0.12498591799976566,ok,
zh_line_04,zh_tra,single_line,7,1.133333333333,bin_ceil,2.0,2.0,2,canonical/zh_line_04/r_1p133333.png,b15674f5db6e779202cad38228ffa68b6c329c1cbff9850ee5bde1fc73ccbfcf,resized/bin_ceil/zh_line_04/r_1p133333.png,6c298c10b2d1441728c15d22cea1aa9a675c160e938388317294bedb077d579e,/home/karan/ocr_study/fonts/microsoft-jhenghei.ttf,0,20,16,18.133333333328,18,-0.13333333332800024,10,False,乾彩商域國匙剪區參,"劑琳商起國目前區多
",乾彩商域國匙剪區參,劑琳商起國目前區多,6,9,0.6666666666666666,0.11945425900012197,ok,
zh_line_04,zh_tra,single_line,7,1.133333333333,opencv_bilinear,1.130890052356021,1.130890052356021,,canonical/zh_line_04/r_1p133333.png,b15674f5db6e779202cad38228ffa68b6c329c1cbff9850ee5bde1fc73ccbfcf,resized/opencv_bilinear/zh_line_04/r_1p133333.png,03f8fdba05aa55f6c0f93cd3330bb296de5f8f07b7f60ccb096a89b4e57e0b58,/home/karan/ocr_study/fonts/microsoft-jhenghei.ttf,0,20,16,18.133333333328,18,-0.13333333332800024,17,False,乾彩商域國匙剪區參,"乾彩商域國是剪區參
",乾彩商域國匙剪區參,乾彩商域國是剪區參,1,9,0.1111111111111111,0.1156606609993105,ok,
zh_line_04,zh_tra,single_line,7,1.133333333333,lanczos2_7tap_16phase,1.130890052356021,1.130890052356021,,canonical/zh_line_04/r_1p133333.png,b15674f5db6e779202cad38228ffa68b6c329c1cbff9850ee5bde1fc73ccbfcf,resized/lanczos2_7tap_16phase/zh_line_04/r_1p133333.png,a0aa4ab2ab57fa1184e4080be5919671901453067b0a5f1e9b24c0d40b924f37,/home/karan/ocr_study/fonts/microsoft-jhenghei.ttf,0,20,16,18.133333333328,18,-0.13333333332800024,17,False,乾彩商域國匙剪區參,"乾彩商域國是剪區參
",乾彩商域國匙剪區參,乾彩商域國是剪區參,1,9,0.1111111111111111,0.11773299299966311,ok,
zh_line_04,zh_tra,single_line,7,1.133333333333,lanczos3_7tap_16phase,1.130890052356021,1.130890052356021,,canonical/zh_line_04/r_1p133333.png,b15674f5db6e779202cad38228ffa68b6c329c1cbff9850ee5bde1fc73ccbfcf,resized/lanczos3_7tap_16phase/zh_line_04/r_1p133333.png,82bec8afce06283f63d7b119043b0fbae8e45abf51eaa907425eaabb578b4a4e,/home/karan/ocr_study/fonts/microsoft-jhenghei.ttf,0,20,16,18.133333333328,18,-0.13333333332800024,17,False,乾彩商域國匙剪區參,"乾彩商域國是剪區參
",乾彩商域國匙剪區參,乾彩商域國是剪區參,1,9,0.1111111111111111,0.11755896399972698,ok,
zh_line_04,zh_tra,single_line,7,1.266666666667,bin_floor,1.0,1.0,1,canonical/zh_line_04/r_1p266667.png,ec4b0e45b568ee090dfcc8e9515f6e1fa54fb887e656063b839901a126240cbb,resized/bin_floor/zh_line_04/r_1p266667.png,ec4b0e45b568ee090dfcc8e9515f6e1fa54fb887e656063b839901a126240cbb,/home/karan/ocr_study/fonts/microsoft-jhenghei.ttf,0,22,16,20.266666666672,20,-0.26666666667199834,20,False,乾彩商域國匙剪區參,"乾彩商域國是剪區參
",乾彩商域國匙剪區參,乾彩商域國是剪區參,1,9,0.1111111111111111,0.12013190800007578,ok,
zh_line_04,zh_tra,single_line,7,1.266666666667,bin_ceil,2.0,2.0,2,canonical/zh_line_04/r_1p266667.png,ec4b0e45b568ee090dfcc8e9515f6e1fa54fb887e656063b839901a126240cbb,resized/bin_ceil/zh_line_04/r_1p266667.png,78736f504d73780464f6b7561bd2904685a277748c4e6e7db6946da04f816d16,/home/karan/ocr_study/fonts/microsoft-jhenghei.ttf,0,22,16,20.266666666672,20,-0.26666666667199834,10,False,乾彩商域國匙剪區參,"乾彩商載國是前區參
",乾彩商域國匙剪區參,乾彩商載國是前區參,3,9,0.3333333333333333,0.12761374799993064,ok,
zh_line_04,zh_tra,single_line,7,1.266666666667,opencv_bilinear,1.2698412698412698,1.2698412698412698,,canonical/zh_line_04/r_1p266667.png,ec4b0e45b568ee090dfcc8e9515f6e1fa54fb887e656063b839901a126240cbb,resized/opencv_bilinear/zh_line_04/r_1p266667.png,ff2af7f3bd0adc8214038b5858637aadd7b60dbf6ac63defc12fc6e2388ede5e,/home/karan/ocr_study/fonts/microsoft-jhenghei.ttf,0,22,16,20.266666666672,20,-0.26666666667199834,17,False,乾彩商域國匙剪區參,"乾彩商域國是剪區參
",乾彩商域國匙剪區參,乾彩商域國是剪區參,1,9,0.1111111111111111,0.13213061599981302,ok,
zh_line_04,zh_tra,single_line,7,1.266666666667,lanczos2_7tap_16phase,1.2698412698412698,1.2698412698412698,,canonical/zh_line_04/r_1p266667.png,ec4b0e45b568ee090dfcc8e9515f6e1fa54fb887e656063b839901a126240cbb,resized/lanczos2_7tap_16phase/zh_line_04/r_1p266667.png,5c87171038635d5a91244ef310e5918030a00b3de4109dfcb9cb56053338544d,/home/karan/ocr_study/fonts/microsoft-jhenghei.ttf,0,22,16,20.266666666672,20,-0.26666666667199834,17,False,乾彩商域國匙剪區參,"乾彩商域國是剪區參
",乾彩商域國匙剪區參,乾彩商域國是剪區參,1,9,0.1111111111111111,0.12053924199972244,ok,
zh_line_04,zh_tra,single_line,7,1.266666666667,lanczos3_7tap_16phase,1.2698412698412698,1.2698412698412698,,canonical/zh_line_04/r_1p266667.png,ec4b0e45b568ee090dfcc8e9515f6e1fa54fb887e656063b839901a126240cbb,resized/lanczos3_7tap_16phase/zh_line_04/r_1p266667.png,a99ddabec992143108efbba2f2f3ce4887786f865945a138377f38d3941f14c2,/home/karan/ocr_study/fonts/microsoft-jhenghei.ttf,0,22,16,20.266666666672,20,-0.26666666667199834,17,False,乾彩商域國匙剪區參,"乾彩商域國是剪區參
",乾彩商域國匙剪區參,乾彩商域國是剪區參,1,9,0.1111111111111111,0.11814456800038897,ok,
zh_line_04,zh_tra,single_line,7,1.4,bin_floor,1.0,1.0,1,canonical/zh_line_04/r_1p400000.png,389a77f30ef0d98b96b2df5575f9ab175818de4d3106c424655df2a95dc64833,resized/bin_floor/zh_line_04/r_1p400000.png,389a77f30ef0d98b96b2df5575f9ab175818de4d3106c424655df2a95dc64833,/home/karan/ocr_study/fonts/microsoft-jhenghei.ttf,0,25,16,22.4,22,-0.3999999999999986,22,False,乾彩商域國匙剪區參,"乾彩商域國匙剪區參
",乾彩商域國匙剪區參,乾彩商域國匙剪區參,0,9,0.0,0.12327643999924476,ok,
zh_line_04,zh_tra,single_line,7,1.4,bin_ceil,2.0,2.0,2,canonical/zh_line_04/r_1p400000.png,389a77f30ef0d98b96b2df5575f9ab175818de4d3106c424655df2a95dc64833,resized/bin_ceil/zh_line_04/r_1p400000.png,a605cbdb17befcaaf93bb4ebf6d7937a074cf43ea5eb688b1d6616f53b80bf34,/home/karan/ocr_study/fonts/microsoft-jhenghei.ttf,0,25,16,22.4,22,-0.3999999999999986,11,False,乾彩商域國匙剪區參,"乾彩商域國四剪區允
",乾彩商域國匙剪區參,乾彩商域國四剪區允,2,9,0.2222222222222222,0.12070195900014369,ok,
zh_line_04,zh_tra,single_line,7,1.4,opencv_bilinear,1.3989637305699483,1.3989637305699483,,canonical/zh_line_04/r_1p400000.png,389a77f30ef0d98b96b2df5575f9ab175818de4d3106c424655df2a95dc64833,resized/opencv_bilinear/zh_line_04/r_1p400000.png,c94815b008f3c099bbb58ac6bac9a071b2f23729b17cca6902eec2da8ed365d3,/home/karan/ocr_study/fonts/microsoft-jhenghei.ttf,0,25,16,22.4,22,-0.3999999999999986,17,False,乾彩商域國匙剪區參,"乾彩商域國是剪區參
",乾彩商域國匙剪區參,乾彩商域國是剪區參,1,9,0.1111111111111111,0.12364189000072656,ok,
zh_line_04,zh_tra,single_line,7,1.4,lanczos2_7tap_16phase,1.3989637305699483,1.3989637305699483,,canonical/zh_line_04/r_1p400000.png,389a77f30ef0d98b96b2df5575f9ab175818de4d3106c424655df2a95dc64833,resized/lanczos2_7tap_16phase/zh_line_04/r_1p400000.png,71242b4567280ecfc69eb5000cd3a9fa80dc79b29d7b1dc2dd1c3d38bcbb9f77,/home/karan/ocr_study/fonts/microsoft-jhenghei.ttf,0,25,16,22.4,22,-0.3999999999999986,17,False,乾彩商域國匙剪區參,"乾彩商域國是前區參
",乾彩商域國匙剪區參,乾彩商域國是前區參,2,9,0.2222222222222222,0.11724922500070534,ok,
zh_line_04,zh_tra,single_line,7,1.4,lanczos3_7tap_16phase,1.3989637305699483,1.3989637305699483,,canonical/zh_line_04/r_1p400000.png,389a77f30ef0d98b96b2df5575f9ab175818de4d3106c424655df2a95dc64833,resized/lanczos3_7tap_16phase/zh_line_04/r_1p400000.png,c926b721059cbdf197e0006ed9bd99a645dc9bdc69121a6b3e6dc34811070863,/home/karan/ocr_study/fonts/microsoft-jhenghei.ttf,0,25,16,22.4,22,-0.3999999999999986,17,False,乾彩商域國匙剪區參,"乾彩商域國是剪區參
",乾彩商域國匙剪區參,乾彩商域國是剪區參,1,9,0.1111111111111111,0.11689974599994457,ok,
zh_line_04,zh_tra,single_line,7,1.533333333333,bin_floor,1.0,1.0,1,canonical/zh_line_04/r_1p533333.png,49536fc28f3f2306f1f880d16d33fcfb2318064aa45dc885b37387e727651348,resized/bin_floor/zh_line_04/r_1p533333.png,49536fc28f3f2306f1f880d16d33fcfb2318064aa45dc885b37387e727651348,/home/karan/ocr_study/fonts/microsoft-jhenghei.ttf,0,27,16,24.533333333328,24,-0.5333333333279988,24,False,乾彩商域國匙剪區參,"乾彩商域國是剪區參
",乾彩商域國匙剪區參,乾彩商域國是剪區參,1,9,0.1111111111111111,0.1241461010004059,ok,
zh_line_04,zh_tra,single_line,7,1.533333333333,bin_ceil,2.0,2.0,2,canonical/zh_line_04/r_1p533333.png,49536fc28f3f2306f1f880d16d33fcfb2318064aa45dc885b37387e727651348,resized/bin_ceil/zh_line_04/r_1p533333.png,cc417b97eeae3f73539ae05853fcc927dade04205cd1d579ba9241159c7a43c0,/home/karan/ocr_study/fonts/microsoft-jhenghei.ttf,0,27,16,24.533333333328,24,-0.5333333333279988,13,False,乾彩商域國匙剪區參,"乾彩商域國是剪區參
",乾彩商域國匙剪區參,乾彩商域國是剪區參,1,9,0.1111111111111111,0.12072656099917367,ok,
zh_line_04,zh_tra,single_line,7,1.533333333333,opencv_bilinear,1.53125,1.53125,,canonical/zh_line_04/r_1p533333.png,49536fc28f3f2306f1f880d16d33fcfb2318064aa45dc885b37387e727651348,resized/opencv_bilinear/zh_line_04/r_1p533333.png,d560a9dd2ccbab938742b736bf36910fc97e051de60fcba8975340d3f8294351,/home/karan/ocr_study/fonts/microsoft-jhenghei.ttf,0,27,16,24.533333333328,24,-0.5333333333279988,16,False,乾彩商域國匙剪區參,"乾彩商域國是剪區參
",乾彩商域國匙剪區參,乾彩商域國是剪區參,1,9,0.1111111111111111,0.12128374800067832,ok,
zh_line_04,zh_tra,single_line,7,1.533333333333,lanczos2_7tap_16phase,1.53125,1.53125,,canonical/zh_line_04/r_1p533333.png,49536fc28f3f2306f1f880d16d33fcfb2318064aa45dc885b37387e727651348,resized/lanczos2_7tap_16phase/zh_line_04/r_1p533333.png,6a3610a7a621d1a3fb596b2a6fc819b8744cf71a9fecc6925d78457ed86ac212,/home/karan/ocr_study/fonts/microsoft-jhenghei.ttf,0,27,16,24.533333333328,24,-0.5333333333279988,17,False,乾彩商域國匙剪區參,"乾彩商域國是剪區參
",乾彩商域國匙剪區參,乾彩商域國是剪區參,1,9,0.1111111111111111,0.11679496899978403,ok,
zh_line_04,zh_tra,single_line,7,1.533333333333,lanczos3_7tap_16phase,1.53125,1.53125,,canonical/zh_line_04/r_1p533333.png,49536fc28f3f2306f1f880d16d33fcfb2318064aa45dc885b37387e727651348,resized/lanczos3_7tap_16phase/zh_line_04/r_1p533333.png,bab7303ad476922138095901e263e9b9f8b722e8e1913b684555958a44e2e5c9,/home/karan/ocr_study/fonts/microsoft-jhenghei.ttf,0,27,16,24.533333333328,24,-0.5333333333279988,17,False,乾彩商域國匙剪區參,"乾彩商域國是剪區參
",乾彩商域國匙剪區參,乾彩商域國是剪區參,1,9,0.1111111111111111,0.11785212099948694,ok,
zh_line_04,zh_tra,single_line,7,1.666666666667,bin_floor,1.0,1.0,1,canonical/zh_line_04/r_1p666667.png,5eddbb19f20f8181df274ab7053603adf9bc109e244e1968f157cfd53f51616b,resized/bin_floor/zh_line_04/r_1p666667.png,5eddbb19f20f8181df274ab7053603adf9bc109e244e1968f157cfd53f51616b,/home/karan/ocr_study/fonts/microsoft-jhenghei.ttf,0,29,16,26.666666666672,27,0.3333333333279995,27,False,乾彩商域國匙剪區參,,乾彩商域國匙剪區參,,9,9,1.0,0.10724281900002097,ok,
zh_line_04,zh_tra,single_line,7,1.666666666667,bin_ceil,2.0,2.0,2,canonical/zh_line_04/r_1p666667.png,5eddbb19f20f8181df274ab7053603adf9bc109e244e1968f157cfd53f51616b,resized/bin_ceil/zh_line_04/r_1p666667.png,187e915453e7f4ac02ef3f778b1992423768233f9e20b08320dc29264e8b19a7,/home/karan/ocr_study/fonts/microsoft-jhenghei.ttf,0,29,16,26.666666666672,27,0.3333333333279995,14,False,乾彩商域國匙剪區參,"乾彩商域國是剪區參
",乾彩商域國匙剪區參,乾彩商域國是剪區參,1,9,0.1111111111111111,0.11805790600010369,ok,
zh_line_04,zh_tra,single_line,7,1.666666666667,opencv_bilinear,1.6649214659685865,1.6649214659685865,,canonical/zh_line_04/r_1p666667.png,5eddbb19f20f8181df274ab7053603adf9bc109e244e1968f157cfd53f51616b,resized/opencv_bilinear/zh_line_04/r_1p666667.png,6a80c4eb1db42993c5ab9a2ee847b1e0ba7fd74fecbaf105875e878f60db52de,/home/karan/ocr_study/fonts/microsoft-jhenghei.ttf,0,29,16,26.666666666672,27,0.3333333333279995,17,False,乾彩商域國匙剪區參,"乾彩商域國是剪區參
",乾彩商域國匙剪區參,乾彩商域國是剪區參,1,9,0.1111111111111111,0.12127504000000044,ok,
zh_line_04,zh_tra,single_line,7,1.666666666667,lanczos2_7tap_16phase,1.6649214659685865,1.6649214659685865,,canonical/zh_line_04/r_1p666667.png,5eddbb19f20f8181df274ab7053603adf9bc109e244e1968f157cfd53f51616b,resized/lanczos2_7tap_16phase/zh_line_04/r_1p666667.png,84b9e5c7346ebead4a91f4aa22f669c3aa50348e20fcd45d1d568fe210d76133,/home/karan/ocr_study/fonts/microsoft-jhenghei.ttf,0,29,16,26.666666666672,27,0.3333333333279995,17,False,乾彩商域國匙剪區參,"乾彩商域國是前區參
",乾彩商域國匙剪區參,乾彩商域國是前區參,2,9,0.2222222222222222,0.11674973400022282,ok,
zh_line_04,zh_tra,single_line,7,1.666666666667,lanczos3_7tap_16phase,1.6649214659685865,1.6649214659685865,,canonical/zh_line_04/r_1p666667.png,5eddbb19f20f8181df274ab7053603adf9bc109e244e1968f157cfd53f51616b,resized/lanczos3_7tap_16phase/zh_line_04/r_1p666667.png,50c12c2e107cdf2cd760189c7b5a8e5a9131ba7d6d8a30a7395b99cc69ddfa80,/home/karan/ocr_study/fonts/microsoft-jhenghei.ttf,0,29,16,26.666666666672,27,0.3333333333279995,17,False,乾彩商域國匙剪區參,"乾彩商域國是剪區參
",乾彩商域國匙剪區參,乾彩商域國是剪區參,1,9,0.1111111111111111,0.12388668899984623,ok,
zh_line_04,zh_tra,single_line,7,1.8,bin_floor,1.0,1.0,1,canonical/zh_line_04/r_1p800000.png,7e9f8cbbe920d856faac403352329d147f22c10cf98fd52657b545f990e223cd,resized/bin_floor/zh_line_04/r_1p800000.png,7e9f8cbbe920d856faac403352329d147f22c10cf98fd52657b545f990e223cd,/home/karan/ocr_study/fonts/microsoft-jhenghei.ttf,0,31,16,28.8,29,0.1999999999999993,29,False,乾彩商域國匙剪區參,"乾彩商域國匙剪區參
",乾彩商域國匙剪區參,乾彩商域國匙剪區參,0,9,0.0,0.122154810000211,ok,
zh_line_04,zh_tra,single_line,7,1.8,bin_ceil,2.0,2.0,2,canonical/zh_line_04/r_1p800000.png,7e9f8cbbe920d856faac403352329d147f22c10cf98fd52657b545f990e223cd,resized/bin_ceil/zh_line_04/r_1p800000.png,73176aa51e6c8770e69b154ddd7cee040249464678ed144e17ab182e89b1f73a,/home/karan/ocr_study/fonts/microsoft-jhenghei.ttf,0,31,16,28.8,29,0.1999999999999993,15,False,乾彩商域國匙剪區參,"乾彩商域國由剪區參
",乾彩商域國匙剪區參,乾彩商域國由剪區參,1,9,0.1111111111111111,0.11812139100038621,ok,
zh_line_04,zh_tra,single_line,7,1.8,opencv_bilinear,1.8,1.8,,canonical/zh_line_04/r_1p800000.png,7e9f8cbbe920d856faac403352329d147f22c10cf98fd52657b545f990e223cd,resized/opencv_bilinear/zh_line_04/r_1p800000.png,8f099b96becf5628d6adeedba139acb9a1df7fcd80fc70f4da05cf41c9f40865,/home/karan/ocr_study/fonts/microsoft-jhenghei.ttf,0,31,16,28.8,29,0.1999999999999993,17,False,乾彩商域國匙剪區參,"乾彩商域國是剪區參
",乾彩商域國匙剪區參,乾彩商域國是剪區參,1,9,0.1111111111111111,0.12047080400043342,ok,
zh_line_04,zh_tra,single_line,7,1.8,lanczos2_7tap_16phase,1.8,1.8,,canonical/zh_line_04/r_1p800000.png,7e9f8cbbe920d856faac403352329d147f22c10cf98fd52657b545f990e223cd,resized/lanczos2_7tap_16phase/zh_line_04/r_1p800000.png,9089647c2e04568208dba5b0ef648ff9397f771dc643d33741827b0eedf2d438,/home/karan/ocr_study/fonts/microsoft-jhenghei.ttf,0,31,16,28.8,29,0.1999999999999993,17,False,乾彩商域國匙剪區參,"乾彩商域國是剪區參
",乾彩商域國匙剪區參,乾彩商域國是剪區參,1,9,0.1111111111111111,0.11732083100014279,ok,
zh_line_04,zh_tra,single_line,7,1.8,lanczos3_7tap_16phase,1.8,1.8,,canonical/zh_line_04/r_1p800000.png,7e9f8cbbe920d856faac403352329d147f22c10cf98fd52657b545f990e223cd,resized/lanczos3_7tap_16phase/zh_line_04/r_1p800000.png,173f1dd6803ac7cc16e630b404290c7a26034b43c715741398b2e6e3eaad4c97,/home/karan/ocr_study/fonts/microsoft-jhenghei.ttf,0,31,16,28.8,29,0.1999999999999993,17,False,乾彩商域國匙剪區參,"乾彩商域國匙剪區參
",乾彩商域國匙剪區參,乾彩商域國匙剪區參,0,9,0.0,0.11817036800039205,ok,
zh_line_04,zh_tra,single_line,7,1.933333333333,bin_floor,1.0,1.0,1,canonical/zh_line_04/r_1p933333.png,7588916e339da2becf66fa2419adb4780333b09483b60a17017475ddf3a42adc,resized/bin_floor/zh_line_04/r_1p933333.png,7588916e339da2becf66fa2419adb4780333b09483b60a17017475ddf3a42adc,/home/karan/ocr_study/fonts/microsoft-jhenghei.ttf,0,33,16,30.933333333328,31,0.06666666667199905,31,False,乾彩商域國匙剪區參,"乾彩商域國是剪區參
",乾彩商域國匙剪區參,乾彩商域國是剪區參,1,9,0.1111111111111111,0.11902555500000744,ok,
zh_line_04,zh_tra,single_line,7,1.933333333333,bin_ceil,2.0,2.0,2,canonical/zh_line_04/r_1p933333.png,7588916e339da2becf66fa2419adb4780333b09483b60a17017475ddf3a42adc,resized/bin_ceil/zh_line_04/r_1p933333.png,1abbc7f8e5808c88a3e88b3841ac8a7fe6e1591d45a4a70bb77a97144076768e,/home/karan/ocr_study/fonts/microsoft-jhenghei.ttf,0,33,16,30.933333333328,31,0.06666666667199905,16,False,乾彩商域國匙剪區參,"乾彩商域國是剪區參
",乾彩商域國匙剪區參,乾彩商域國是剪區參,1,9,0.1111111111111111,0.11830926399943564,ok,
zh_line_04,zh_tra,single_line,7,1.933333333333,opencv_bilinear,1.935483870967742,1.935483870967742,,canonical/zh_line_04/r_1p933333.png,7588916e339da2becf66fa2419adb4780333b09483b60a17017475ddf3a42adc,resized/opencv_bilinear/zh_line_04/r_1p933333.png,1997b511fb52a623182e6a4827cea570ff30ebb4f99f9de2976529028f9b337a,/home/karan/ocr_study/fonts/microsoft-jhenghei.ttf,0,33,16,30.933333333328,31,0.06666666667199905,17,False,乾彩商域國匙剪區參,"乾彩商域國是剪區參
",乾彩商域國匙剪區參,乾彩商域國是剪區參,1,9,0.1111111111111111,0.12111162000019249,ok,
zh_line_04,zh_tra,single_line,7,1.933333333333,lanczos2_7tap_16phase,1.935483870967742,1.935483870967742,,canonical/zh_line_04/r_1p933333.png,7588916e339da2becf66fa2419adb4780333b09483b60a17017475ddf3a42adc,resized/lanczos2_7tap_16phase/zh_line_04/r_1p933333.png,f615cd9c29415e09b951c9d249ea01145254400631bbd329fd2efe09a42275b1,/home/karan/ocr_study/fonts/microsoft-jhenghei.ttf,0,33,16,30.933333333328,31,0.06666666667199905,17,False,乾彩商域國匙剪區參,"乾彩商域國是剪區參
",乾彩商域國匙剪區參,乾彩商域國是剪區參,1,9,0.1111111111111111,0.11890276299982361,ok,
zh_line_04,zh_tra,single_line,7,1.933333333333,lanczos3_7tap_16phase,1.935483870967742,1.935483870967742,,canonical/zh_line_04/r_1p933333.png,7588916e339da2becf66fa2419adb4780333b09483b60a17017475ddf3a42adc,resized/lanczos3_7tap_16phase/zh_line_04/r_1p933333.png,31668503eb88cb01c8a6b6e766c4575299fe00168a8bc2e5726b23dafd70b840,/home/karan/ocr_study/fonts/microsoft-jhenghei.ttf,0,33,16,30.933333333328,31,0.06666666667199905,17,False,乾彩商域國匙剪區參,"乾彩商域國是剪區參
",乾彩商域國匙剪區參,乾彩商域國是剪區參,1,9,0.1111111111111111,0.11847779300023831,ok,
zh_line_04,zh_tra,single_line,7,2.066666666667,bin_floor,2.0,2.0,2,canonical/zh_line_04/r_2p066667.png,36a8894948c3d15fed4629692ad127b09b63407af0272e1721e4e37ec7cf4b09,resized/bin_floor/zh_line_04/r_2p066667.png,48ae5b94c786261f0a8a236fc4a27944a52571f1965d5cd16e683b270d50bede,/home/karan/ocr_study/fonts/microsoft-jhenghei.ttf,0,37,16,33.066666666672,33,-0.06666666667199905,17,False,乾彩商域國匙剪區參,"乾彩商域國是剪區參
",乾彩商域國匙剪區參,乾彩商域國是剪區參,1,9,0.1111111111111111,0.12391319099970133,ok,
zh_line_04,zh_tra,single_line,7,2.066666666667,bin_ceil,3.0,3.0,3,canonical/zh_line_04/r_2p066667.png,36a8894948c3d15fed4629692ad127b09b63407af0272e1721e4e37ec7cf4b09,resized/bin_ceil/zh_line_04/r_2p066667.png,edc12d84be680aebdfd2bbeb102277ac09b37303b16ec2ca816f8c1d876a1053,/home/karan/ocr_study/fonts/microsoft-jhenghei.ttf,0,37,16,33.066666666672,33,-0.06666666667199905,12,False,乾彩商域國匙剪區參,"乾彩商域國七前區參
",乾彩商域國匙剪區參,乾彩商域國七前區參,2,9,0.2222222222222222,0.12865969900030905,ok,
zh_line_04,zh_tra,single_line,7,2.066666666667,opencv_bilinear,2.0615384615384613,2.0615384615384613,,canonical/zh_line_04/r_2p066667.png,36a8894948c3d15fed4629692ad127b09b63407af0272e1721e4e37ec7cf4b09,resized/opencv_bilinear/zh_line_04/r_2p066667.png,e0b2f0f23d3341fd41c91a4e2a0f5801fda7f949d0b1ba72c82c639e141225f8,/home/karan/ocr_study/fonts/microsoft-jhenghei.ttf,0,37,16,33.066666666672,33,-0.06666666667199905,16,False,乾彩商域國匙剪區參,"乾彩商域國是前區參
",乾彩商域國匙剪區參,乾彩商域國是前區參,2,9,0.2222222222222222,0.12396498400084965,ok,
zh_line_04,zh_tra,single_line,7,2.066666666667,lanczos2_7tap_16phase,2.0615384615384613,2.0615384615384613,,canonical/zh_line_04/r_2p066667.png,36a8894948c3d15fed4629692ad127b09b63407af0272e1721e4e37ec7cf4b09,resized/lanczos2_7tap_16phase/zh_line_04/r_2p066667.png,d86d8f49fee3c51254cbd3c288efc10704eb7644a19a3dd8f76a2eddc6b2bcc3,/home/karan/ocr_study/fonts/microsoft-jhenghei.ttf,0,37,16,33.066666666672,33,-0.06666666667199905,17,False,乾彩商域國匙剪區參,"乾彩商域國是剪區參
",乾彩商域國匙剪區參,乾彩商域國是剪區參,1,9,0.1111111111111111,0.1176868780003133,ok,
zh_line_04,zh_tra,single_line,7,2.066666666667,lanczos3_7tap_16phase,2.0615384615384613,2.0615384615384613,,canonical/zh_line_04/r_2p066667.png,36a8894948c3d15fed4629692ad127b09b63407af0272e1721e4e37ec7cf4b09,resized/lanczos3_7tap_16phase/zh_line_04/r_2p066667.png,22a6e136c4ee61266527ce66c9d651c83f1d29b0569fa57119479cb8f7602474,/home/karan/ocr_study/fonts/microsoft-jhenghei.ttf,0,37,16,33.066666666672,33,-0.06666666667199905,17,False,乾彩商域國匙剪區參,"乾彩商域國是剪區參
",乾彩商域國匙剪區參,乾彩商域國是剪區參,1,9,0.1111111111111111,0.1200221999997666,ok,
zh_line_04,zh_tra,single_line,7,2.2,bin_floor,2.0,2.0,2,canonical/zh_line_04/r_2p200000.png,461aa813e284f126531195f687364b27abf69576cc2ec21b1158ad16bbec9171,resized/bin_floor/zh_line_04/r_2p200000.png,b6841ac1f0bd761129ed1b8115005fbd6807ad3c99496f74807e3b6dc4b725eb,/home/karan/ocr_study/fonts/microsoft-jhenghei.ttf,0,39,16,35.2,35,-0.20000000000000284,18,False,乾彩商域國匙剪區參,"乾彩商域國是剪區參
",乾彩商域國匙剪區參,乾彩商域國是剪區參,1,9,0.1111111111111111,0.13313497099989036,ok,
zh_line_04,zh_tra,single_line,7,2.2,bin_ceil,3.0,3.0,3,canonical/zh_line_04/r_2p200000.png,461aa813e284f126531195f687364b27abf69576cc2ec21b1158ad16bbec9171,resized/bin_ceil/zh_line_04/r_2p200000.png,caf3b6427cdabd3b802e33aac5c74a5c361c42d873191c2447a85f33a518f00f,/home/karan/ocr_study/fonts/microsoft-jhenghei.ttf,0,39,16,35.2,35,-0.20000000000000284,12,False,乾彩商域國匙剪區參,"乾彩商域國是剪區參
",乾彩商域國匙剪區參,乾彩商域國是剪區參,1,9,0.1111111111111111,0.12812166499952582,ok,
zh_line_04,zh_tra,single_line,7,2.2,opencv_bilinear,2.195876288659794,2.195876288659794,,canonical/zh_line_04/r_2p200000.png,461aa813e284f126531195f687364b27abf69576cc2ec21b1158ad16bbec9171,resized/opencv_bilinear/zh_line_04/r_2p200000.png,b0d965970140a832cc91812cb73eb8d8bfa4a691091b00cc64ce3509831921da,/home/karan/ocr_study/fonts/microsoft-jhenghei.ttf,0,39,16,35.2,35,-0.20000000000000284,16,False,乾彩商域國匙剪區參,"乾彩商域國是剪區參
",乾彩商域國匙剪區參,乾彩商域國是剪區參,1,9,0.1111111111111111,0.12183683800049039,ok,
zh_line_04,zh_tra,single_line,7,2.2,lanczos2_7tap_16phase,2.195876288659794,2.195876288659794,,canonical/zh_line_04/r_2p200000.png,461aa813e284f126531195f687364b27abf69576cc2ec21b1158ad16bbec9171,resized/lanczos2_7tap_16phase/zh_line_04/r_2p200000.png,84746e1bd42044a463d230c06e4dbe916ee2179b463f3195eeaa34b448112bc2,/home/karan/ocr_study/fonts/microsoft-jhenghei.ttf,0,39,16,35.2,35,-0.20000000000000284,17,False,乾彩商域國匙剪區參,"乾彩商域國是剪區參
",乾彩商域國匙剪區參,乾彩商域國是剪區參,1,9,0.1111111111111111,0.12391583600037848,ok,
zh_line_04,zh_tra,single_line,7,2.2,lanczos3_7tap_16phase,2.195876288659794,2.195876288659794,,canonical/zh_line_04/r_2p200000.png,461aa813e284f126531195f687364b27abf69576cc2ec21b1158ad16bbec9171,resized/lanczos3_7tap_16phase/zh_line_04/r_2p200000.png,341e32665c61a0e7fdb8f01cfcf5f1fa34c45d9aebe9f311da0de15c84e7bae4,/home/karan/ocr_study/fonts/microsoft-jhenghei.ttf,0,39,16,35.2,35,-0.20000000000000284,17,False,乾彩商域國匙剪區參,"乾彩商域國是剪區參
",乾彩商域國匙剪區參,乾彩商域國是剪區參,1,9,0.1111111111111111,0.12514170299982652,ok,
zh_line_04,zh_tra,single_line,7,2.333333333333,bin_floor,2.0,2.0,2,canonical/zh_line_04/r_2p333333.png,6cf94e8dcf7ba2ccbc0939c0dac65843171719a437a450b3fb7b35f20b12022c,resized/bin_floor/zh_line_04/r_2p333333.png,2427b90f0f870afb614cce960432897c65101ef8481222fdd7eea4aec61eab55,/home/karan/ocr_study/fonts/microsoft-jhenghei.ttf,0,41,16,37.333333333328,37,-0.3333333333279995,19,False,乾彩商域國匙剪區參,"乾彩商域國匙剪區參
",乾彩商域國匙剪區參,乾彩商域國匙剪區參,0,9,0.0,0.1251713440005915,ok,
zh_line_04,zh_tra,single_line,7,2.333333333333,bin_ceil,3.0,3.0,3,canonical/zh_line_04/r_2p333333.png,6cf94e8dcf7ba2ccbc0939c0dac65843171719a437a450b3fb7b35f20b12022c,resized/bin_ceil/zh_line_04/r_2p333333.png,6284c3251076773c03ff3011f23d27b810ad60d42eb9ef4fb0a0aceece0e1035,/home/karan/ocr_study/fonts/microsoft-jhenghei.ttf,0,41,16,37.333333333328,37,-0.3333333333279995,13,False,乾彩商域國匙剪區參,"乾彩商域國十剪區參
",乾彩商域國匙剪區參,乾彩商域國十剪區參,1,9,0.1111111111111111,0.1244672350003384,ok,
zh_line_04,zh_tra,single_line,7,2.333333333333,opencv_bilinear,2.336842105263158,2.336842105263158,,canonical/zh_line_04/r_2p333333.png,6cf94e8dcf7ba2ccbc0939c0dac65843171719a437a450b3fb7b35f20b12022c,resized/opencv_bilinear/zh_line_04/r_2p333333.png,312df5671a4007611609cd749fb411a30fbbb0a02d6b14cfdd47a57f2731b5d9,/home/karan/ocr_study/fonts/microsoft-jhenghei.ttf,0,41,16,37.333333333328,37,-0.3333333333279995,16,False,乾彩商域國匙剪區參,,乾彩商域國匙剪區參,,9,9,1.0,0.11028445800002373,ok,
zh_line_04,zh_tra,single_line,7,2.333333333333,lanczos2_7tap_16phase,2.336842105263158,2.336842105263158,,canonical/zh_line_04/r_2p333333.png,6cf94e8dcf7ba2ccbc0939c0dac65843171719a437a450b3fb7b35f20b12022c,resized/lanczos2_7tap_16phase/zh_line_04/r_2p333333.png,14011b877c48a10f8ae71b6afb299f1395a1bbcf41c647f135afdfc9792b5c0d,/home/karan/ocr_study/fonts/microsoft-jhenghei.ttf,0,41,16,37.333333333328,37,-0.3333333333279995,17,False,乾彩商域國匙剪區參,,乾彩商域國匙剪區參,,9,9,1.0,0.10768621300030645,ok,
zh_line_04,zh_tra,single_line,7,2.333333333333,lanczos3_7tap_16phase,2.336842105263158,2.336842105263158,,canonical/zh_line_04/r_2p333333.png,6cf94e8dcf7ba2ccbc0939c0dac65843171719a437a450b3fb7b35f20b12022c,resized/lanczos3_7tap_16phase/zh_line_04/r_2p333333.png,bad9ab2ba7f85d392abbd9af29d61650b83d3d8019d34175e883763585b42460,/home/karan/ocr_study/fonts/microsoft-jhenghei.ttf,0,41,16,37.333333333328,37,-0.3333333333279995,17,False,乾彩商域國匙剪區參,"乾彩商域國是剪區參
",乾彩商域國匙剪區參,乾彩商域國是剪區參,1,9,0.1111111111111111,0.12472394599990366,ok,
zh_line_04,zh_tra,single_line,7,2.466666666667,bin_floor,2.0,2.0,2,canonical/zh_line_04/r_2p466667.png,5b6bda356e0c63e76f13dddea2eb814b369df6b203ac3478b32cfe41127d795e,resized/bin_floor/zh_line_04/r_2p466667.png,0e4e18ec6d6a48b5a4a9e080b622819dfeb87464117a1970b85e0e501a3b6b6e,/home/karan/ocr_study/fonts/microsoft-jhenghei.ttf,0,44,16,39.466666666672,39,-0.46666666667199763,20,False,乾彩商域國匙剪區參,,乾彩商域國匙剪區參,,9,9,1.0,0.10819110400007048,ok,
zh_line_04,zh_tra,single_line,7,2.466666666667,bin_ceil,3.0,3.0,3,canonical/zh_line_04/r_2p466667.png,5b6bda356e0c63e76f13dddea2eb814b369df6b203ac3478b32cfe41127d795e,resized/bin_ceil/zh_line_04/r_2p466667.png,3f48bb464353847759561ec4539e03a3ce9c61ff7255fd34845b653903a7c13c,/home/karan/ocr_study/fonts/microsoft-jhenghei.ttf,0,44,16,39.466666666672,39,-0.46666666667199763,14,False,乾彩商域國匙剪區參,"乾彩商域國是草區參
",乾彩商域國匙剪區參,乾彩商域國是草區參,2,9,0.2222222222222222,0.12079950799943617,ok,
zh_line_04,zh_tra,single_line,7,2.466666666667,opencv_bilinear,2.46875,2.46875,,canonical/zh_line_04/r_2p466667.png,5b6bda356e0c63e76f13dddea2eb814b369df6b203ac3478b32cfe41127d795e,resized/opencv_bilinear/zh_line_04/r_2p466667.png,8e6a65a37b46fcbea0351c1b993d4128435904d488c54c24e927ea2316eb54dc,/home/karan/ocr_study/fonts/microsoft-jhenghei.ttf,0,44,16,39.466666666672,39,-0.46666666667199763,16,False,乾彩商域國匙剪區參,"乾彩商域國是勇區參
",乾彩商域國匙剪區參,乾彩商域國是勇區參,2,9,0.2222222222222222,0.12463828100044338,ok,
zh_line_04,zh_tra,single_line,7,2.466666666667,lanczos2_7tap_16phase,2.46875,2.46875,,canonical/zh_line_04/r_2p466667.png,5b6bda356e0c63e76f13dddea2eb814b369df6b203ac3478b32cfe41127d795e,resized/lanczos2_7tap_16phase/zh_line_04/r_2p466667.png,4fa8405fa3b0cacd6a52deb1affe9ce8d952c38b42dea95a1aabee9c1366b3b0,/home/karan/ocr_study/fonts/microsoft-jhenghei.ttf,0,44,16,39.466666666672,39,-0.46666666667199763,17,False,乾彩商域國匙剪區參,"乾彩商域國是剪區參
",乾彩商域國匙剪區參,乾彩商域國是剪區參,1,9,0.1111111111111111,0.12145372499981022,ok,
zh_line_04,zh_tra,single_line,7,2.466666666667,lanczos3_7tap_16phase,2.46875,2.46875,,canonical/zh_line_04/r_2p466667.png,5b6bda356e0c63e76f13dddea2eb814b369df6b203ac3478b32cfe41127d795e,resized/lanczos3_7tap_16phase/zh_line_04/r_2p466667.png,1a9b25ae952e7468b1619a3d82f2f468151f434bd8ed2a055fe54148ed4e498b,/home/karan/ocr_study/fonts/microsoft-jhenghei.ttf,0,44,16,39.466666666672,39,-0.46666666667199763,17,False,乾彩商域國匙剪區參,"乾彩商域國是剪區參
",乾彩商域國匙剪區參,乾彩商域國是剪區參,1,9,0.1111111111111111,0.12344954000036523,ok,
zh_line_04,zh_tra,single_line,7,2.6,bin_floor,2.0,2.0,2,canonical/zh_line_04/r_2p600000.png,011ebdf3daaa86b931ac34e7da8795c28a4daf84a84b05db355be794ae2c70b7,resized/bin_floor/zh_line_04/r_2p600000.png,f0f179a1f6a168141a3acfeaabb57269992e566788e3e8b5111fb8e0bd36e68d,/home/karan/ocr_study/fonts/microsoft-jhenghei.ttf,0,47,16,41.6,42,0.3999999999999986,21,False,乾彩商域國匙剪區參,"乾彩商域國是剪區參
",乾彩商域國匙剪區參,乾彩商域國是剪區參,1,9,0.1111111111111111,0.12433569599943439,ok,
zh_line_04,zh_tra,single_line,7,2.6,bin_ceil,3.0,3.0,3,canonical/zh_line_04/r_2p600000.png,011ebdf3daaa86b931ac34e7da8795c28a4daf84a84b05db355be794ae2c70b7,resized/bin_ceil/zh_line_04/r_2p600000.png,a151dbb563d965a0609eab7eff6268a7585f1a886019e9a4cfd915f7da0bb710,/home/karan/ocr_study/fonts/microsoft-jhenghei.ttf,0,47,16,41.6,42,0.3999999999999986,14,False,乾彩商域國匙剪區參,"乾彩商域國匙剪區參
",乾彩商域國匙剪區參,乾彩商域國匙剪區參,0,9,0.0,0.12424091000048065,ok,
zh_line_04,zh_tra,single_line,7,2.6,opencv_bilinear,2.6020408163265305,2.6020408163265305,,canonical/zh_line_04/r_2p600000.png,011ebdf3daaa86b931ac34e7da8795c28a4daf84a84b05db355be794ae2c70b7,resized/opencv_bilinear/zh_line_04/r_2p600000.png,078c76b544bf8764676bea65ca861838e14576ef1a458e3698bed98d04fce429,/home/karan/ocr_study/fonts/microsoft-jhenghei.ttf,0,47,16,41.6,42,0.3999999999999986,16,False,乾彩商域國匙剪區參,,乾彩商域國匙剪區參,,9,9,1.0,0.11110538600041764,ok,
zh_line_04,zh_tra,single_line,7,2.6,lanczos2_7tap_16phase,2.6020408163265305,2.6020408163265305,,canonical/zh_line_04/r_2p600000.png,011ebdf3daaa86b931ac34e7da8795c28a4daf84a84b05db355be794ae2c70b7,resized/lanczos2_7tap_16phase/zh_line_04/r_2p600000.png,9a692139543e3382936cd9507c40d99c3fc4e93a20fc47f8aeca973d13a76edd,/home/karan/ocr_study/fonts/microsoft-jhenghei.ttf,0,47,16,41.6,42,0.3999999999999986,18,True,乾彩商域國匙剪區參,"乾彩商域國是剪區參
",乾彩商域國匙剪區參,乾彩商域國是剪區參,1,9,0.1111111111111111,0.12092114299957757,ok,
zh_line_04,zh_tra,single_line,7,2.6,lanczos3_7tap_16phase,2.6020408163265305,2.6020408163265305,,canonical/zh_line_04/r_2p600000.png,011ebdf3daaa86b931ac34e7da8795c28a4daf84a84b05db355be794ae2c70b7,resized/lanczos3_7tap_16phase/zh_line_04/r_2p600000.png,553316fd079d10108d296a3a5d182e8a1da1cf71aafdd51af6bbb1f3736e7da5,/home/karan/ocr_study/fonts/microsoft-jhenghei.ttf,0,47,16,41.6,42,0.3999999999999986,18,True,乾彩商域國匙剪區參,"乾彩商域國是剪區參
",乾彩商域國匙剪區參,乾彩商域國是剪區參,1,9,0.1111111111111111,0.13021960400055832,ok,
zh_line_04,zh_tra,single_line,7,2.625,bin_floor,2.0,2.0,2,canonical/zh_line_04/r_2p625000.png,011ebdf3daaa86b931ac34e7da8795c28a4daf84a84b05db355be794ae2c70b7,resized/bin_floor/zh_line_04/r_2p625000.png,f0f179a1f6a168141a3acfeaabb57269992e566788e3e8b5111fb8e0bd36e68d,/home/karan/ocr_study/fonts/microsoft-jhenghei.ttf,0,47,16,42.0,42,0.0,21,False,乾彩商域國匙剪區參,"乾彩商域國是剪區參
",乾彩商域國匙剪區參,乾彩商域國是剪區參,1,9,0.1111111111111111,0.12162854199959838,ok,
zh_line_04,zh_tra,single_line,7,2.625,bin_ceil,3.0,3.0,3,canonical/zh_line_04/r_2p625000.png,011ebdf3daaa86b931ac34e7da8795c28a4daf84a84b05db355be794ae2c70b7,resized/bin_ceil/zh_line_04/r_2p625000.png,a151dbb563d965a0609eab7eff6268a7585f1a886019e9a4cfd915f7da0bb710,/home/karan/ocr_study/fonts/microsoft-jhenghei.ttf,0,47,16,42.0,42,0.0,14,False,乾彩商域國匙剪區參,"乾彩商域國匙剪區參
",乾彩商域國匙剪區參,乾彩商域國匙剪區參,0,9,0.0,0.12416034899979422,ok,
zh_line_04,zh_tra,single_line,7,2.625,opencv_bilinear,2.6288659793814433,2.6288659793814433,,canonical/zh_line_04/r_2p625000.png,011ebdf3daaa86b931ac34e7da8795c28a4daf84a84b05db355be794ae2c70b7,resized/opencv_bilinear/zh_line_04/r_2p625000.png,4cc697ff4a40005ffc7124fea9478f9238f5b0667916554934190aeb8aa3096e,/home/karan/ocr_study/fonts/microsoft-jhenghei.ttf,0,47,16,42.0,42,0.0,16,False,乾彩商域國匙剪區參,"乾彩商域國是剪區參
",乾彩商域國匙剪區參,乾彩商域國是剪區參,1,9,0.1111111111111111,0.12394299100014905,ok,
zh_line_04,zh_tra,single_line,7,2.625,lanczos2_7tap_16phase,2.6288659793814433,2.6288659793814433,,canonical/zh_line_04/r_2p625000.png,011ebdf3daaa86b931ac34e7da8795c28a4daf84a84b05db355be794ae2c70b7,resized/lanczos2_7tap_16phase/zh_line_04/r_2p625000.png,d88b0af67f672d5e04565a18493ebda3c6217471bb243b72638ed58416078e4b,/home/karan/ocr_study/fonts/microsoft-jhenghei.ttf,0,47,16,42.0,42,0.0,16,False,乾彩商域國匙剪區參,"乾彩商域國是剪區參
",乾彩商域國匙剪區參,乾彩商域國是剪區參,1,9,0.1111111111111111,0.12134390299979714,ok,
zh_line_04,zh_tra,single_line,7,2.625,lanczos3_7tap_16phase,2.6288659793814433,2.6288659793814433,,canonical/zh_line_04/r_2p625000.png,011ebdf3daaa86b931ac34e7da8795c28a4daf84a84b05db355be794ae2c70b7,resized/lanczos3_7tap_16phase/zh_line_04/r_2p625000.png,c47acd537f52848353ee8b8c02efdb0c64c3a241ed389cd470597f23229aefe5,/home/karan/ocr_study/fonts/microsoft-jhenghei.ttf,0,47,16,42.0,42,0.0,18,True,乾彩商域國匙剪區參,"乾彩商域國是剪區參
",乾彩商域國匙剪區參,乾彩商域國是剪區參,1,9,0.1111111111111111,0.12112098099987634,ok,
zh_line_04,zh_tra,single_line,7,2.733333333333,bin_floor,2.0,2.0,2,canonical/zh_line_04/r_2p733333.png,8140b24e19bbd1cd521d48607a8237cf1527ad9d7dee5a35c657d711f8cea74e,resized/bin_floor/zh_line_04/r_2p733333.png,c8d23f65dca2cf3433366f3971bfab46659f99f3a79d766b821fcb3cbccbda3b,/home/karan/ocr_study/fonts/microsoft-jhenghei.ttf,0,49,16,43.733333333328,44,0.2666666666720019,23,False,乾彩商域國匙剪區參,"乾彩商域國匙芋區參
",乾彩商域國匙剪區參,乾彩商域國匙芋區參,1,9,0.1111111111111111,0.1256803669994042,ok,
zh_line_04,zh_tra,single_line,7,2.733333333333,bin_ceil,3.0,3.0,3,canonical/zh_line_04/r_2p733333.png,8140b24e19bbd1cd521d48607a8237cf1527ad9d7dee5a35c657d711f8cea74e,resized/bin_ceil/zh_line_04/r_2p733333.png,5cfa2087610e31eaaa69edfa005a136c5fe306ae50cd13c84bdf58d5afc2c7eb,/home/karan/ocr_study/fonts/microsoft-jhenghei.ttf,0,49,16,43.733333333328,44,0.2666666666720019,16,False,乾彩商域國匙剪區參,"乾彩商域國是剪區參
",乾彩商域國匙剪區參,乾彩商域國是剪區參,1,9,0.1111111111111111,0.12350199299999076,ok,
zh_line_04,zh_tra,single_line,7,2.733333333333,opencv_bilinear,2.7384615384615385,2.7384615384615385,,canonical/zh_line_04/r_2p733333.png,8140b24e19bbd1cd521d48607a8237cf1527ad9d7dee5a35c657d711f8cea74e,resized/opencv_bilinear/zh_line_04/r_2p733333.png,82f6d9afb71be9faf55951de810eaa690d7c5086661b38fe028c6c21792b962e,/home/karan/ocr_study/fonts/microsoft-jhenghei.ttf,0,49,16,43.733333333328,44,0.2666666666720019,17,False,乾彩商域國匙剪區參,"乾彩商域國匙對區參
",乾彩商域國匙剪區參,乾彩商域國匙對區參,1,9,0.1111111111111111,0.1215605699999287,ok,
zh_line_04,zh_tra,single_line,7,2.733333333333,lanczos2_7tap_16phase,2.7384615384615385,2.7384615384615385,,canonical/zh_line_04/r_2p733333.png,8140b24e19bbd1cd521d48607a8237cf1527ad9d7dee5a35c657d711f8cea74e,resized/lanczos2_7tap_16phase/zh_line_04/r_2p733333.png,97d0a58f0a783a1bfec3f444d8e8b914c8c604dc923af99cdda8b1029f1708f0,/home/karan/ocr_study/fonts/microsoft-jhenghei.ttf,0,49,16,43.733333333328,44,0.2666666666720019,17,False,乾彩商域國匙剪區參,"乾彩商域國匙剪區參
",乾彩商域國匙剪區參,乾彩商域國匙剪區參,0,9,0.0,0.120349315000567,ok,
zh_line_04,zh_tra,single_line,7,2.733333333333,lanczos3_7tap_16phase,2.7384615384615385,2.7384615384615385,,canonical/zh_line_04/r_2p733333.png,8140b24e19bbd1cd521d48607a8237cf1527ad9d7dee5a35c657d711f8cea74e,resized/lanczos3_7tap_16phase/zh_line_04/r_2p733333.png,f51f8cac661c88d09641275c80f066e78501759e24786f6ceae8ea21774f3826,/home/karan/ocr_study/fonts/microsoft-jhenghei.ttf,0,49,16,43.733333333328,44,0.2666666666720019,17,False,乾彩商域國匙剪區參,"乾彩商域國匙剪區參
",乾彩商域國匙剪區參,乾彩商域國匙剪區參,0,9,0.0,0.11967273499976727,ok,
zh_line_04,zh_tra,single_line,7,2.866666666667,bin_floor,2.0,2.0,2,canonical/zh_line_04/r_2p866667.png,6ca429d698432e91f71152f13cdc45a6bc3a9f1fb5da034c8d287e36ee131c3c,resized/bin_floor/zh_line_04/r_2p866667.png,b1a9e941e6708b5bc59d14e8f88853fb08743e49c3301b408ff586bb6f2f31ed,/home/karan/ocr_study/fonts/microsoft-jhenghei.ttf,0,51,16,45.866666666672,46,0.13333333332799668,23,False,乾彩商域國匙剪區參,"乾彩商域國是剪區參
",乾彩商域國匙剪區參,乾彩商域國是剪區參,1,9,0.1111111111111111,0.12100449700028548,ok,
zh_line_04,zh_tra,single_line,7,2.866666666667,bin_ceil,3.0,3.0,3,canonical/zh_line_04/r_2p866667.png,6ca429d698432e91f71152f13cdc45a6bc3a9f1fb5da034c8d287e36ee131c3c,resized/bin_ceil/zh_line_04/r_2p866667.png,5fdb755ba8cd24ca1cd93dfb4bddd21b0c29f68e052e6c99ed87a5685dc24b56,/home/karan/ocr_study/fonts/microsoft-jhenghei.ttf,0,51,16,45.866666666672,46,0.13333333332799668,16,False,乾彩商域國匙剪區參,"乾彩商域國是剪區參
",乾彩商域國匙剪區參,乾彩商域國是剪區參,1,9,0.1111111111111111,0.12206858599984116,ok,
zh_line_04,zh_tra,single_line,7,2.866666666667,opencv_bilinear,2.860103626943005,2.860103626943005,,canonical/zh_line_04/r_2p866667.png,6ca429d698432e91f71152f13cdc45a6bc3a9f1fb5da034c8d287e36ee131c3c,resized/opencv_bilinear/zh_line_04/r_2p866667.png,c9f782b22078a5a9823dbcd2ced6f034201ce85cab5d3aa1e925f856596fb27b,/home/karan/ocr_study/fonts/microsoft-jhenghei.ttf,0,51,16,45.866666666672,46,0.13333333332799668,17,False,乾彩商域國匙剪區參,"乾彩商域國是剪區參
",乾彩商域國匙剪區參,乾彩商域國是剪區參,1,9,0.1111111111111111,0.12063522100015689,ok,
zh_line_04,zh_tra,single_line,7,2.866666666667,lanczos2_7tap_16phase,2.860103626943005,2.860103626943005,,canonical/zh_line_04/r_2p866667.png,6ca429d698432e91f71152f13cdc45a6bc3a9f1fb5da034c8d287e36ee131c3c,resized/lanczos2_7tap_16phase/zh_line_04/r_2p866667.png,f08a746fee5ba94b5fdf06aa9b06a5655669989426a4e8b13160b5a03e7d051e,/home/karan/ocr_study/fonts/microsoft-jhenghei.ttf,0,51,16,45.866666666672,46,0.13333333332799668,17,False,乾彩商域國匙剪區參,"乾彩商域國是剪區參
",乾彩商域國匙剪區參,乾彩商域國是剪區參,1,9,0.1111111111111111,0.11985055600052874,ok,
zh_line_04,zh_tra,single_line,7,2.866666666667,lanczos3_7tap_16phase,2.860103626943005,2.860103626943005,,canonical/zh_line_04/r_2p866667.png,6ca429d698432e91f71152f13cdc45a6bc3a9f1fb5da034c8d287e36ee131c3c,resized/lanczos3_7tap_16phase/zh_line_04/r_2p866667.png,fa37f5d0bc7589a36ee87b60ce1c3dbd793a25d1335186a9481f65f9de200788,/home/karan/ocr_study/fonts/microsoft-jhenghei.ttf,0,51,16,45.866666666672,46,0.13333333332799668,17,False,乾彩商域國匙剪區參,"乾彩商域國是前區參
",乾彩商域國匙剪區參,乾彩商域國是前區參,2,9,0.2222222222222222,0.1296649570003865,ok,
zh_line_04,zh_tra,single_line,7,3.0,bin_floor,3.0,3.0,3,canonical/zh_line_04/r_3p000000.png,977415bdb966e7af7f2d82b61e3a6abac9fe88d7f74f9a18926a4196909bc8ba,resized/bin_floor/zh_line_04/r_3p000000.png,b0d20167678861959ae78ed5d9e6e6a0b358205b6be4749f50b5510a4cf8929a,/home/karan/ocr_study/fonts/microsoft-jhenghei.ttf,0,53,16,48.0,48,0.0,16,False,乾彩商域國匙剪區參,"乾彩商域國匙剪區參
",乾彩商域國匙剪區參,乾彩商域國匙剪區參,0,9,0.0,0.15220601399960287,ok,
zh_line_04,zh_tra,single_line,7,3.0,bin_ceil,3.0,3.0,3,canonical/zh_line_04/r_3p000000.png,977415bdb966e7af7f2d82b61e3a6abac9fe88d7f74f9a18926a4196909bc8ba,resized/bin_ceil/zh_line_04/r_3p000000.png,b0d20167678861959ae78ed5d9e6e6a0b358205b6be4749f50b5510a4cf8929a,/home/karan/ocr_study/fonts/microsoft-jhenghei.ttf,0,53,16,48.0,48,0.0,16,False,乾彩商域國匙剪區參,"乾彩商域國匙剪區參
",乾彩商域國匙剪區參,乾彩商域國匙剪區參,0,9,0.0,0.13190760999987106,ok,
zh_line_04,zh_tra,single_line,7,3.0,opencv_bilinear,3.0,3.0,,canonical/zh_line_04/r_3p000000.png,977415bdb966e7af7f2d82b61e3a6abac9fe88d7f74f9a18926a4196909bc8ba,resized/opencv_bilinear/zh_line_04/r_3p000000.png,c7f864a925853db0156dabe8be2fb28d5155de2bf8c08a9754dbd46a31973c4d,/home/karan/ocr_study/fonts/microsoft-jhenghei.ttf,0,53,16,48.0,48,0.0,16,False,乾彩商域國匙剪區參,"乾彩商域國蛙剪區參
",乾彩商域國匙剪區參,乾彩商域國蛙剪區參,1,9,0.1111111111111111,0.12791710600049555,ok,
zh_line_04,zh_tra,single_line,7,3.0,lanczos2_7tap_16phase,3.0,3.0,,canonical/zh_line_04/r_3p000000.png,977415bdb966e7af7f2d82b61e3a6abac9fe88d7f74f9a18926a4196909bc8ba,resized/lanczos2_7tap_16phase/zh_line_04/r_3p000000.png,0e470d1094fa97ada406d001a14cf6b37410d2e482894a5c131e0b0bd802081c,/home/karan/ocr_study/fonts/microsoft-jhenghei.ttf,0,53,16,48.0,48,0.0,16,False,乾彩商域國匙剪區參,"乾彩商域國匙剪區參
",乾彩商域國匙剪區參,乾彩商域國匙剪區參,0,9,0.0,0.12342278500000248,ok,
zh_line_04,zh_tra,single_line,7,3.0,lanczos3_7tap_16phase,3.0,3.0,,canonical/zh_line_04/r_3p000000.png,977415bdb966e7af7f2d82b61e3a6abac9fe88d7f74f9a18926a4196909bc8ba,resized/lanczos3_7tap_16phase/zh_line_04/r_3p000000.png,178ba6cd989655469e3c27a1508dc1631e7883ab45bfccb2a84846b8dd44e8e9,/home/karan/ocr_study/fonts/microsoft-jhenghei.ttf,0,53,16,48.0,48,0.0,18,True,乾彩商域國匙剪區參,"乾彩商域國匙剪區參
",乾彩商域國匙剪區參,乾彩商域國匙剪區參,0,9,0.0,0.12019305699959659,ok,
zh_line_05,zh_tra,single_line,7,1.0,bin_floor,1.0,1.0,1,canonical/zh_line_05/r_1p000000.png,133fc8fd2a2e8da42d1a5e4428cddeac860b853fa61dd2e06793ae27f72f271e,resized/bin_floor/zh_line_05/r_1p000000.png,133fc8fd2a2e8da42d1a5e4428cddeac860b853fa61dd2e06793ae27f72f271e,/home/karan/ocr_study/fonts/microsoft-jhenghei.ttf,0,16,16,16.0,16,0.0,16,False,天地玄黃宇宙洪荒,"天地玄黃宇宙洪荒
",天地玄黃宇宙洪荒,天地玄黃宇宙洪荒,0,8,0.0,0.12332013099967298,ok,
zh_line_05,zh_tra,single_line,7,1.0,bin_ceil,1.0,1.0,1,canonical/zh_line_05/r_1p000000.png,133fc8fd2a2e8da42d1a5e4428cddeac860b853fa61dd2e06793ae27f72f271e,resized/bin_ceil/zh_line_05/r_1p000000.png,133fc8fd2a2e8da42d1a5e4428cddeac860b853fa61dd2e06793ae27f72f271e,/home/karan/ocr_study/fonts/microsoft-jhenghei.ttf,0,16,16,16.0,16,0.0,16,False,天地玄黃宇宙洪荒,"天地玄黃宇宙洪荒
",天地玄黃宇宙洪荒,天地玄黃宇宙洪荒,0,8,0.0,0.11673253400022077,ok,
zh_line_05,zh_tra,single_line,7,1.0,opencv_bilinear,1.0,1.0,,canonical/zh_line_05/r_1p000000.png,133fc8fd2a2e8da42d1a5e4428cddeac860b853fa61dd2e06793ae27f72f271e,resized/opencv_bilinear/zh_line_05/r_1p000000.png,133fc8fd2a2e8da42d1a5e4428cddeac860b853fa61dd2e06793ae27f72f271e,/home/karan/ocr_study/fonts/microsoft-jhenghei.ttf,0,16,16,16.0,16,0.0,16,False,天地玄黃宇宙洪荒,"天地玄黃宇宙洪荒
",天地玄黃宇宙洪荒,天地玄黃宇宙洪荒,0,8,0.0,0.12166833300034341,ok,
zh_line_05,zh_tra,single_line,7,1.0,lanczos2_7tap_16phase,1.0,1.0,,canonical/zh_line_05/r_1p000000.png,133fc8fd2a2e8da42d1a5e4428cddeac860b853fa61dd2e06793ae27f72f271e,resized/lanczos2_7tap_16phase/zh_line_05/r_1p000000.png,133fc8fd2a2e8da42d1a5e4428cddeac860b853fa61dd2e06793ae27f72f271e,/home/karan/ocr_study/fonts/microsoft-jhenghei.ttf,0,16,16,16.0,16,0.0,16,False,天地玄黃宇宙洪荒,"天地玄黃宇宙洪荒
",天地玄黃宇宙洪荒,天地玄黃宇宙洪荒,0,8,0.0,0.12083386499944027,ok,
zh_line_05,zh_tra,single_line,7,1.0,lanczos3_7tap_16phase,1.0,1.0,,canonical/zh_line_05/r_1p000000.png,133fc8fd2a2e8da42d1a5e4428cddeac860b853fa61dd2e06793ae27f72f271e,resized/lanczos3_7tap_16phase/zh_line_05/r_1p000000.png,133fc8fd2a2e8da42d1a5e4428cddeac860b853fa61dd2e06793ae27f72f271e,/home/karan/ocr_study/fonts/microsoft-jhenghei.ttf,0,16,16,16.0,16,0.0,16,False,天地玄黃宇宙洪荒,"天地玄黃宇宙洪荒
",天地玄黃宇宙洪荒,天地玄黃宇宙洪荒,0,8,0.0,0.11952325699985522,ok,
zh_line_05,zh_tra,single_line,7,1.133333333333,bin_floor,1.0,1.0,1,canonical/zh_line_05/r_1p133333.png,3a20ce08585483fce32e631de228b2fa14c4abd7208fbe1af6ceb6e864178e3d,resized/bin_floor/zh_line_05/r_1p133333.png,3a20ce08585483fce32e631de228b2fa14c4abd7208fbe1af6ceb6e864178e3d,/home/karan/ocr_study/fonts/microsoft-jhenghei.ttf,0,20,16,18.133333333328,18,-0.13333333332800024,18,False,天地玄黃宇宙洪荒,"天地玄黃宇宙洪荒
",天地玄黃宇宙洪荒,天地玄黃宇宙洪荒,0,8,0.0,0.12393278600029589,ok,
zh_line_05,zh_tra,single_line,7,1.133333333333,bin_ceil,2.0,2.0,2,canonical/zh_line_05/r_1p133333.png,3a20ce08585483fce32e631de228b2fa14c4abd7208fbe1af6ceb6e864178e3d,resized/bin_ceil/zh_line_05/r_1p133333.png,7f7b72b23c154c9bce0d788bc57316fe98f3f824cda6b5d3a3c6e025b2c9156c,/home/karan/ocr_study/fonts/microsoft-jhenghei.ttf,0,20,16,18.133333333328,18,-0.13333333332800024,9,False,天地玄黃宇宙洪荒,"天8多病宇由洪蕉
",天地玄黃宇宙洪荒,天8多病宇由洪蕉,5,8,0.625,0.122548129000279,ok,
zh_line_05,zh_tra,single_line,7,1.133333333333,opencv_bilinear,1.1314285714285715,1.1314285714285715,,canonical/zh_line_05/r_1p133333.png,3a20ce08585483fce32e631de228b2fa14c4abd7208fbe1af6ceb6e864178e3d,resized/opencv_bilinear/zh_line_05/r_1p133333.png,0f2c20cb8d956a9932138fd5d9794d977530b51c2621ddea79feb5afd8382fc4,/home/karan/ocr_study/fonts/microsoft-jhenghei.ttf,0,20,16,18.133333333328,18,-0.13333333332800024,17,False,天地玄黃宇宙洪荒,"天地玄黃宇宙洪荒
",天地玄黃宇宙洪荒,天地玄黃宇宙洪荒,0,8,0.0,0.12371731899929728,ok,
zh_line_05,zh_tra,single_line,7,1.133333333333,lanczos2_7tap_16phase,1.1314285714285715,1.1314285714285715,,canonical/zh_line_05/r_1p133333.png,3a20ce08585483fce32e631de228b2fa14c4abd7208fbe1af6ceb6e864178e3d,resized/lanczos2_7tap_16phase/zh_line_05/r_1p133333.png,7c3d0688d4d0916c9e27cec13f73e000d12f00e80385c38e985795daffbb84bb,/home/karan/ocr_study/fonts/microsoft-jhenghei.ttf,0,20,16,18.133333333328,18,-0.13333333332800024,17,False,天地玄黃宇宙洪荒,"天地玄黃宇宙洪荒
",天地玄黃宇宙洪荒,天地玄黃宇宙洪荒,0,8,0.0,0.11611927000012656,ok,
zh_line_05,zh_tra,single_line,7,1.133333333333,lanczos3_7tap_16phase,1.1314285714285715,1.1314285714285715,,canonical/zh_line_05/r_1p133333.png,3a20ce08585483fce32e631de228b2fa14c4abd7208fbe1af6ceb6e864178e3d,resized/lanczos3_7tap_16phase/zh_line_05/r_1p133333.png,98e20a5db7ddbffaf91bb64981457ec80fbfe52fe681b1fa40f080641ca1e45f,/home/karan/ocr_study/fonts/microsoft-jhenghei.ttf,0,20,16,18.133333333328,18,-0.13333333332800024,17,False,天地玄黃宇宙洪荒,"天地玄黃宇宙洪荒
",天地玄黃宇宙洪荒,天地玄黃宇宙洪荒,0,8,0.0,0.11649137899985362,ok,
zh_line_05,zh_tra,single_line,7,1.266666666667,bin_floor,1.0,1.0,1,canonical/zh_line_05/r_1p266667.png,f28b417f0c677bff0ddb0d0aed246a4306b0df7338f9f43b5feb4f93a1852db1,resized/bin_floor/zh_line_05/r_1p266667.png,f28b417f0c677bff0ddb0d0aed246a4306b0df7338f9f43b5feb4f93a1852db1,/home/karan/ocr_study/fonts/microsoft-jhenghei.ttf,0,21,16,20.266666666672,20,-0.26666666667199834,20,False,天地玄黃宇宙洪荒,"天地玄黃宇宙洪荒
",天地玄黃宇宙洪荒,天地玄黃宇宙洪荒,0,8,0.0,0.11952370899962261,ok,
zh_line_05,zh_tra,single_line,7,1.266666666667,bin_ceil,2.0,2.0,2,canonical/zh_line_05/r_1p266667.png,f28b417f0c677bff0ddb0d0aed246a4306b0df7338f9f43b5feb4f93a1852db1,resized/bin_ceil/zh_line_05/r_1p266667.png,357e378f213c967212c38937848459cc58b2e187b2c37be2e81bdb9593dbb95b,/home/karan/ocr_study/fonts/microsoft-jhenghei.ttf,0,21,16,20.266666666672,20,-0.26666666667199834,11,False,天地玄黃宇宙洪荒,"天地名黃手由洪攻
",天地玄黃宇宙洪荒,天地名黃手由洪攻,4,8,0.5,0.12493945699952747,ok,
zh_line_05,zh_tra,single_line,7,1.266666666667,opencv_bilinear,1.2650602409638554,1.2650602409638554,,canonical/zh_line_05/r_1p266667.png,f28b417f0c677bff0ddb0d0aed246a4306b0df7338f9f43b5feb4f93a1852db1,resized/opencv_bilinear/zh_line_05/r_1p266667.png,11060eb1dcb089579baa3bb680036596db1e69f395c5868751cc6b49182507e9,/home/karan/ocr_study/fonts/microsoft-jhenghei.ttf,0,21,16,20.266666666672,20,-0.26666666667199834,16,False,天地玄黃宇宙洪荒,"天地玄黃宇宙洪荒
",天地玄黃宇宙洪荒,天地玄黃宇宙洪荒,0,8,0.0,0.11761282499992376,ok,
zh_line_05,zh_tra,single_line,7,1.266666666667,lanczos2_7tap_16phase,1.2650602409638554,1.2650602409638554,,canonical/zh_line_05/r_1p266667.png,f28b417f0c677bff0ddb0d0aed246a4306b0df7338f9f43b5feb4f93a1852db1,resized/lanczos2_7tap_16phase/zh_line_05/r_1p266667.png,f6631c200e010b69cbcefacdb28ab3664c62faa9815e14131c12a18b1df153ee,/home/karan/ocr_study/fonts/microsoft-jhenghei.ttf,0,21,16,20.266666666672,20,-0.26666666667199834,16,False,天地玄黃宇宙洪荒,"天地玄黃宇宙洪荒
",天地玄黃宇宙洪荒,天地玄黃宇宙洪荒,0,8,0.0,0.11887928300075146,ok,
zh_line_05,zh_tra,single_line,7,1.266666666667,lanczos3_7tap_16phase,1.2650602409638554,1.2650602409638554,,canonical/zh_line_05/r_1p266667.png,f28b417f0c677bff0ddb0d0aed246a4306b0df7338f9f43b5feb4f93a1852db1,resized/lanczos3_7tap_16phase/zh_line_05/r_1p266667.png,dcb02d98e5dbaa2d5541822704e29f2b79b34ca15143f5f52d59cdec94e182da,/home/karan/ocr_study/fonts/microsoft-jhenghei.ttf,0,21,16,20.266666666672,20,-0.26666666667199834,16,False,天地玄黃宇宙洪荒,"天地玄黃宇宙洪荒
",天地玄黃宇宙洪荒,天地玄黃宇宙洪荒,0,8,0.0,0.12051141700067092,ok,
zh_line_05,zh_tra,single_line,7,1.4,bin_floor,1.0,1.0,1,canonical/zh_line_05/r_1p400000.png,683723211e187aed04411077b090501353360d1168e555d14f4215d40ed228e1,resized/bin_floor/zh_line_05/r_1p400000.png,683723211e187aed04411077b090501353360d1168e555d14f4215d40ed228e1,/home/karan/ocr_study/fonts/microsoft-jhenghei.ttf,0,25,16,22.4,22,-0.3999999999999986,22,False,天地玄黃宇宙洪荒,"天地玄黃宇宙洪荒
",天地玄黃宇宙洪荒,天地玄黃宇宙洪荒,0,8,0.0,0.1178083009999682,ok,
zh_line_05,zh_tra,single_line,7,1.4,bin_ceil,2.0,2.0,2,canonical/zh_line_05/r_1p400000.png,683723211e187aed04411077b090501353360d1168e555d14f4215d40ed228e1,resized/bin_ceil/zh_line_05/r_1p400000.png,aa76b5b66fbd20bdec58efa2e83d41ae643b89298b12e7ed5b991ce7bd889f2f,/home/karan/ocr_study/fonts/microsoft-jhenghei.ttf,0,25,16,22.4,22,-0.3999999999999986,11,False,天地玄黃宇宙洪荒,"天地玄葛宇由洪蔗
",天地玄黃宇宙洪荒,天地玄葛宇由洪蔗,3,8,0.375,0.11908801899971877,ok,
zh_line_05,zh_tra,single_line,7,1.4,opencv_bilinear,1.3977272727272727,1.3977272727272727,,canonical/zh_line_05/r_1p400000.png,683723211e187aed04411077b090501353360d1168e555d14f4215d40ed228e1,resized/opencv_bilinear/zh_line_05/r_1p400000.png,93425a5ad5a6a135ba5570a0737ce7c522e0765a6b7deaeead8532c413be1966,/home/karan/ocr_study/fonts/microsoft-jhenghei.ttf,0,25,16,22.4,22,-0.3999999999999986,16,False,天地玄黃宇宙洪荒,"天地玄黃宇宙洪荒
",天地玄黃宇宙洪荒,天地玄黃宇宙洪荒,0,8,0.0,0.12451043900000514,ok,
zh_line_05,zh_tra,single_line,7,1.4,lanczos2_7tap_16phase,1.3977272727272727,1.3977272727272727,,canonical/zh_line_05/r_1p400000.png,683723211e187aed04411077b090501353360d1168e555d14f4215d40ed228e1,resized/lanczos2_7tap_16phase/zh_line_05/r_1p400000.png,69c307120959f8240f4c954cf94bccdcd8cb31423ee5bfcba1abf4bbcaaa0060,/home/karan/ocr_study/fonts/microsoft-jhenghei.ttf,0,25,16,22.4,22,-0.3999999999999986,16,False,天地玄黃宇宙洪荒,"天地玄黃宇宙洪荒
",天地玄黃宇宙洪荒,天地玄黃宇宙洪荒,0,8,0.0,0.11963177399957203,ok,
zh_line_05,zh_tra,single_line,7,1.4,lanczos3_7tap_16phase,1.3977272727272727,1.3977272727272727,,canonical/zh_line_05/r_1p400000.png,683723211e187aed04411077b090501353360d1168e555d14f4215d40ed228e1,resized/lanczos3_7tap_16phase/zh_line_05/r_1p400000.png,47d9dbf7428112e3eb8377f2fab42c65b8c2f9e96f19c11f8ae6347fb9b6cdbe,/home/karan/ocr_study/fonts/microsoft-jhenghei.ttf,0,25,16,22.4,22,-0.3999999999999986,16,False,天地玄黃宇宙洪荒,"天地玄黃宇宙洪荒
",天地玄黃宇宙洪荒,天地玄黃宇宙洪荒,0,8,0.0,0.122454516000289,ok,
zh_line_05,zh_tra,single_line,7,1.533333333333,bin_floor,1.0,1.0,1,canonical/zh_line_05/r_1p533333.png,d7b24c368c61b4874c605e09449b0132fd075d6dbb47d98def848c639afbed1f,resized/bin_floor/zh_line_05/r_1p533333.png,d7b24c368c61b4874c605e09449b0132fd075d6dbb47d98def848c639afbed1f,/home/karan/ocr_study/fonts/microsoft-jhenghei.ttf,0,27,16,24.533333333328,25,0.4666666666720012,25,False,天地玄黃宇宙洪荒,"天地玄邁宇宙洪荒
",天地玄黃宇宙洪荒,天地玄邁宇宙洪荒,1,8,0.125,0.12349578199973621,ok,
zh_line_05,zh_tra,single_line,7,1.533333333333,bin_ceil,2.0,2.0,2,canonical/zh_line_05/r_1p533333.png,d7b24c368c61b4874c605e09449b0132fd075d6dbb47d98def848c639afbed1f,resized/bin_ceil/zh_line_05/r_1p533333.png,c18718ff433b4e4d6cf57d67787325d535eb1600c66dfc4bb8dee5d60a4e0b40,/home/karan/ocr_study/fonts/microsoft-jhenghei.ttf,0,27,16,24.533333333328,25,0.4666666666720012,13,False,天地玄黃宇宙洪荒,"天地玄邁宇宙洪荒
",天地玄黃宇宙洪荒,天地玄邁宇宙洪荒,1,8,0.125,0.12166216900004656,ok,
zh_line_05,zh_tra,single_line,7,1.533333333333,opencv_bilinear,1.5340909090909092,1.5340909090909092,,canonical/zh_line_05/r_1p533333.png,d7b24c368c61b4874c605e09449b0132fd075d6dbb47d98def848c639afbed1f,resized/opencv_bilinear/zh_line_05/r_1p533333.png,6a15c2fd0a6efe63e5fce418f8c4f0594bccead82067a851a4607cc9cf3b0a33,/home/karan/ocr_study/fonts/microsoft-jhenghei.ttf,0,27,16,24.533333333328,25,0.4666666666720012,17,False,天地玄黃宇宙洪荒,"天地玄黃宇崗洪蔗
",天地玄黃宇宙洪荒,天地玄黃宇崗洪蔗,2,8,0.25,0.12013502500030881,ok,
zh_line_05,zh_tra,single_line,7,1.533333333333,lanczos2_7tap_16phase,1.5340909090909092,1.5340909090909092,,canonical/zh_line_05/r_1p533333.png,d7b24c368c61b4874c605e09449b0132fd075d6dbb47d98def848c639afbed1f,resized/lanczos2_7tap_16phase/zh_line_05/r_1p533333.png,dba897f1e15f2eb378993fe57a6c7bb29733ec77398d7bc24e2fccb5a93768b1,/home/karan/ocr_study/fonts/microsoft-jhenghei.ttf,0,27,16,24.533333333328,25,0.4666666666720012,17,False,天地玄黃宇宙洪荒,"天地玄黃宇宙洪荒
",天地玄黃宇宙洪荒,天地玄黃宇宙洪荒,0,8,0.0,0.12725848100035364,ok,
zh_line_05,zh_tra,single_line,7,1.533333333333,lanczos3_7tap_16phase,1.5340909090909092,1.5340909090909092,,canonical/zh_line_05/r_1p533333.png,d7b24c368c61b4874c605e09449b0132fd075d6dbb47d98def848c639afbed1f,resized/lanczos3_7tap_16phase/zh_line_05/r_1p533333.png,71da6282826db5e349ad128b3f14788776a6b1208be1112b1a7aacb7d83109b7,/home/karan/ocr_study/fonts/microsoft-jhenghei.ttf,0,27,16,24.533333333328,25,0.4666666666720012,17,False,天地玄黃宇宙洪荒,"天地玄黃宇宙洪荒
",天地玄黃宇宙洪荒,天地玄黃宇宙洪荒,0,8,0.0,0.12055806999978813,ok,
zh_line_05,zh_tra,single_line,7,1.666666666667,bin_floor,1.0,1.0,1,canonical/zh_line_05/r_1p666667.png,4a84d72212eac4e882b6215f711ef49422190f377c0354535cfda23af7bdf438,resized/bin_floor/zh_line_05/r_1p666667.png,4a84d72212eac4e882b6215f711ef49422190f377c0354535cfda23af7bdf438,/home/karan/ocr_study/fonts/microsoft-jhenghei.ttf,0,29,16,26.666666666672,27,0.3333333333279995,27,False,天地玄黃宇宙洪荒,"天地玄黃宇宙洪荒
",天地玄黃宇宙洪荒,天地玄黃宇宙洪荒,0,8,0.0,0.12057853899932525,ok,
zh_line_05,zh_tra,single_line,7,1.666666666667,bin_ceil,2.0,2.0,2,canonical/zh_line_05/r_1p666667.png,4a84d72212eac4e882b6215f711ef49422190f377c0354535cfda23af7bdf438,resized/bin_ceil/zh_line_05/r_1p666667.png,cf3bade3cf476c68a6de578cbae96dc0d6a59fb71b101feaf016224688ace681,/home/karan/ocr_study/fonts/microsoft-jhenghei.ttf,0,29,16,26.666666666672,27,0.3333333333279995,14,False,天地玄黃宇宙洪荒,"天地玄黃宇宙洪荒
",天地玄黃宇宙洪荒,天地玄黃宇宙洪荒,0,8,0.0,0.11744008599998779,ok,
zh_line_05,zh_tra,single_line,7,1.666666666667,opencv_bilinear,1.6647398843930636,1.6647398843930636,,canonical/zh_line_05/r_1p666667.png,4a84d72212eac4e882b6215f711ef49422190f377c0354535cfda23af7bdf438,resized/opencv_bilinear/zh_line_05/r_1p666667.png,d6a8e4d786d2ea98fa74cf0ba45831b595e7025098f74f51bd7f1b81cacf9a24,/home/karan/ocr_study/fonts/microsoft-jhenghei.ttf,0,29,16,26.666666666672,27,0.3333333333279995,17,False,天地玄黃宇宙洪荒,"天地玄黃宇宙洪荒
",天地玄黃宇宙洪荒,天地玄黃宇宙洪荒,0,8,0.0,0.12192030100050033,ok,
zh_line_05,zh_tra,single_line,7,1.666666666667,lanczos2_7tap_16phase,1.6647398843930636,1.6647398843930636,,canonical/zh_line_05/r_1p666667.png,4a84d72212eac4e882b6215f711ef49422190f377c0354535cfda23af7bdf438,resized/lanczos2_7tap_16phase/zh_line_05/r_1p666667.png,729ceb894f92459fd29ed8deb796f4ce62fadce9d808f1096f54cb3f3caa418c,/home/karan/ocr_study/fonts/microsoft-jhenghei.ttf,0,29,16,26.666666666672,27,0.3333333333279995,17,False,天地玄黃宇宙洪荒,"天地玄黃宇宙洪荒
",天地玄黃宇宙洪荒,天地玄黃宇宙洪荒,0,8,0.0,0.12055641499955527,ok,
zh_line_05,zh_tra,single_line,7,1.666666666667,lanczos3_7tap_16phase,1.6647398843930636,1.6647398843930636,,canonical/zh_line_05/r_1p666667.png,4a84d72212eac4e882b6215f711ef49422190f377c0354535cfda23af7bdf438,resized/lanczos3_7tap_16phase/zh_line_05/r_1p666667.png,3a177b5672750e8e71d862a3a675c4ab3850c5add56475b7430636eff0cf630f,/home/karan/ocr_study/fonts/microsoft-jhenghei.ttf,0,29,16,26.666666666672,27,0.3333333333279995,17,False,天地玄黃宇宙洪荒,"天地玄黃宇宙洪荒
",天地玄黃宇宙洪荒,天地玄黃宇宙洪荒,0,8,0.0,0.11993213799996738,ok,
zh_line_05,zh_tra,single_line,7,1.8,bin_floor,1.0,1.0,1,canonical/zh_line_05/r_1p800000.png,722ee1c9228643a9bce869449119ccc3584c7b68ca851eaa88615c455c311fdc,resized/bin_floor/zh_line_05/r_1p800000.png,722ee1c9228643a9bce869449119ccc3584c7b68ca851eaa88615c455c311fdc,/home/karan/ocr_study/fonts/microsoft-jhenghei.ttf,0,32,16,28.8,29,0.1999999999999993,29,False,天地玄黃宇宙洪荒,"天地玄黃宇崗洪荒
",天地玄黃宇宙洪荒,天地玄黃宇崗洪荒,1,8,0.125,0.12124837700048374,ok,
zh_line_05,zh_tra,single_line,7,1.8,bin_ceil,2.0,2.0,2,canonical/zh_line_05/r_1p800000.png,722ee1c9228643a9bce869449119ccc3584c7b68ca851eaa88615c455c311fdc,resized/bin_ceil/zh_line_05/r_1p800000.png,24491187a0707798a8c0609e5ad78a8205ebe27298035ecca4654b7a0d18d1ec,/home/karan/ocr_study/fonts/microsoft-jhenghei.ttf,0,32,16,28.8,29,0.1999999999999993,15,False,天地玄黃宇宙洪荒,"天地玄黃宇宙洪荒
",天地玄黃宇宙洪荒,天地玄黃宇宙洪荒,0,8,0.0,0.11451824800042232,ok,
zh_line_05,zh_tra,single_line,7,1.8,opencv_bilinear,1.7966101694915255,1.7966101694915255,,canonical/zh_line_05/r_1p800000.png,722ee1c9228643a9bce869449119ccc3584c7b68ca851eaa88615c455c311fdc,resized/opencv_bilinear/zh_line_05/r_1p800000.png,dd6a55f7d92a06c64f6a8077f4c93c784cc06bb64026f90de2ceb398f528b88d,/home/karan/ocr_study/fonts/microsoft-jhenghei.ttf,0,32,16,28.8,29,0.1999999999999993,17,False,天地玄黃宇宙洪荒,"天地玄黃宇宙洪荒
",天地玄黃宇宙洪荒,天地玄黃宇宙洪荒,0,8,0.0,0.12329086299996561,ok,
zh_line_05,zh_tra,single_line,7,1.8,lanczos2_7tap_16phase,1.7966101694915255,1.7966101694915255,,canonical/zh_line_05/r_1p800000.png,722ee1c9228643a9bce869449119ccc3584c7b68ca851eaa88615c455c311fdc,resized/lanczos2_7tap_16phase/zh_line_05/r_1p800000.png,537d0f47872895cc31eed69741e97bf6f1e957e86299a023b668c751fcf6fb18,/home/karan/ocr_study/fonts/microsoft-jhenghei.ttf,0,32,16,28.8,29,0.1999999999999993,17,False,天地玄黃宇宙洪荒,"天地玄黃宇宙洪荒
",天地玄黃宇宙洪荒,天地玄黃宇宙洪荒,0,8,0.0,0.11889842799973849,ok,
zh_line_05,zh_tra,single_line,7,1.8,lanczos3_7tap_16phase,1.7966101694915255,1.7966101694915255,,canonical/zh_line_05/r_1p800000.png,722ee1c9228643a9bce869449119ccc3584c7b68ca851eaa88615c455c311fdc,resized/lanczos3_7tap_16phase/zh_line_05/r_1p800000.png,86cb6a692979caf7d2e88b7a7970659a3a5659b21a4a880ad4d3798423c22440,/home/karan/ocr_study/fonts/microsoft-jhenghei.ttf,0,32,16,28.8,29,0.1999999999999993,17,False,天地玄黃宇宙洪荒,"天地玄黃宇宙洪荒
",天地玄黃宇宙洪荒,天地玄黃宇宙洪荒,0,8,0.0,0.1201320840000335,ok,
zh_line_05,zh_tra,single_line,7,1.933333333333,bin_floor,1.0,1.0,1,canonical/zh_line_05/r_1p933333.png,a88ad93c629f5456a6f6e982f6429aeb045c4a34cc5c5f1f83b3e36d9473a5fb,resized/bin_floor/zh_line_05/r_1p933333.png,a88ad93c629f5456a6f6e982f6429aeb045c4a34cc5c5f1f83b3e36d9473a5fb,/home/karan/ocr_study/fonts/microsoft-jhenghei.ttf,0,35,16,30.933333333328,31,0.06666666667199905,31,False,天地玄黃宇宙洪荒,"天地玄黃宇宙洪荒
",天地玄黃宇宙洪荒,天地玄黃宇宙洪荒,0,8,0.0,0.1253788310004893,ok,
zh_line_05,zh_tra,single_line,7,1.933333333333,bin_ceil,2.0,2.0,2,canonical/zh_line_05/r_1p933333.png,a88ad93c629f5456a6f6e982f6429aeb045c4a34cc5c5f1f83b3e36d9473a5fb,resized/bin_ceil/zh_line_05/r_1p933333.png,ecded60143000504ff8e2ecd277f334b9b390b52f86e8f6fd0ce2af4775fc91a,/home/karan/ocr_study/fonts/microsoft-jhenghei.ttf,0,35,16,30.933333333328,31,0.06666666667199905,16,False,天地玄黃宇宙洪荒,"天地玄黃宇宙洪荒
",天地玄黃宇宙洪荒,天地玄黃宇宙洪荒,0,8,0.0,0.12077134699939052,ok,
zh_line_05,zh_tra,single_line,7,1.933333333333,opencv_bilinear,1.9322033898305084,1.9322033898305084,,canonical/zh_line_05/r_1p933333.png,a88ad93c629f5456a6f6e982f6429aeb045c4a34cc5c5f1f83b3e36d9473a5fb,resized/opencv_bilinear/zh_line_05/r_1p933333.png,8a9657688e8c8a36d8ea7fcf684ae7a5edd952f35ad3bf7658ee373d40cdb7cd,/home/karan/ocr_study/fonts/microsoft-jhenghei.ttf,0,35,16,30.933333333328,31,0.06666666667199905,17,False,天地玄黃宇宙洪荒,"天地玄黃宇崗洪荒
",天地玄黃宇宙洪荒,天地玄黃宇崗洪荒,1,8,0.125,0.11945363399991038,ok,
zh_line_05,zh_tra,single_line,7,1.933333333333,lanczos2_7tap_16phase,1.9322033898305084,1.9322033898305084,,canonical/zh_line_05/r_1p933333.png,a88ad93c629f5456a6f6e982f6429aeb045c4a34cc5c5f1f83b3e36d9473a5fb,resized/lanczos2_7tap_16phase/zh_line_05/r_1p933333.png,35ae681e7f66d31432510af4053d30eb74456208b4a5a18a76fd11f4f14e6f74,/home/karan/ocr_study/fonts/microsoft-jhenghei.ttf,0,35,16,30.933333333328,31,0.06666666667199905,17,False,天地玄黃宇宙洪荒,"天地玄黃宇崗洪荒
",天地玄黃宇宙洪荒,天地玄黃宇崗洪荒,1,8,0.125,0.11831164999966859,ok,
zh_line_05,zh_tra,single_line,7,1.933333333333,lanczos3_7tap_16phase,1.9322033898305084,1.9322033898305084,,canonical/zh_line_05/r_1p933333.png,a88ad93c629f5456a6f6e982f6429aeb045c4a34cc5c5f1f83b3e36d9473a5fb,resized/lanczos3_7tap_16phase/zh_line_05/r_1p933333.png,25daa4ee31c6ff613763d548f6b77346725394a7c29b38959cb6f6068c929e2a,/home/karan/ocr_study/fonts/microsoft-jhenghei.ttf,0,35,16,30.933333333328,31,0.06666666667199905,17,False,天地玄黃宇宙洪荒,"天地玄黃宇崗洪荒
",天地玄黃宇宙洪荒,天地玄黃宇崗洪荒,1,8,0.125,0.12061942899981659,ok,
zh_line_05,zh_tra,single_line,7,2.066666666667,bin_floor,2.0,2.0,2,canonical/zh_line_05/r_2p066667.png,d8fc9203ba576569a4e57d69322ee24d234f2ce25be66ec6b5ffae62e01edf4a,resized/bin_floor/zh_line_05/r_2p066667.png,ba7664636418fc8ed742c78f42e056226297088e4893c2ded32676fcb133853a,/home/karan/ocr_study/fonts/microsoft-jhenghei.ttf,0,37,16,33.066666666672,33,-0.06666666667199905,17,False,天地玄黃宇宙洪荒,"天地玄黃宇宙洪荒
",天地玄黃宇宙洪荒,天地玄黃宇宙洪荒,0,8,0.0,0.12220491399966704,ok,
zh_line_05,zh_tra,single_line,7,2.066666666667,bin_ceil,3.0,3.0,3,canonical/zh_line_05/r_2p066667.png,d8fc9203ba576569a4e57d69322ee24d234f2ce25be66ec6b5ffae62e01edf4a,resized/bin_ceil/zh_line_05/r_2p066667.png,b08e43e1b52ad98ac268194fb8efc0ed516b10fa7f39661c425040f921d250e4,/home/karan/ocr_study/fonts/microsoft-jhenghei.ttf,0,37,16,33.066666666672,33,-0.06666666667199905,12,False,天地玄黃宇宙洪荒,"天地玄黃宇崗洪芒
",天地玄黃宇宙洪荒,天地玄黃宇崗洪芒,2,8,0.25,0.11782090199994855,ok,
zh_line_05,zh_tra,single_line,7,2.066666666667,opencv_bilinear,2.0677966101694913,2.0677966101694913,,canonical/zh_line_05/r_2p066667.png,d8fc9203ba576569a4e57d69322ee24d234f2ce25be66ec6b5ffae62e01edf4a,resized/opencv_bilinear/zh_line_05/r_2p066667.png,9c1adf0f737c672993687b6e853f04ba2f5162fc6d0ebf0fcc2e59bc67f4aa17,/home/karan/ocr_study/fonts/microsoft-jhenghei.ttf,0,37,16,33.066666666672,33,-0.06666666667199905,16,False,天地玄黃宇宙洪荒,"天地玄黃宇崗洪荒
",天地玄黃宇宙洪荒,天地玄黃宇崗洪荒,1,8,0.125,0.12138369599961152,ok,
zh_line_05,zh_tra,single_line,7,2.066666666667,lanczos2_7tap_16phase,2.0677966101694913,2.0677966101694913,,canonical/zh_line_05/r_2p066667.png,d8fc9203ba576569a4e57d69322ee24d234f2ce25be66ec6b5ffae62e01edf4a,resized/lanczos2_7tap_16phase/zh_line_05/r_2p066667.png,79040d4b6137e2129289b5595c52cad86230b76a1d1d25af87cbf88f573c4485,/home/karan/ocr_study/fonts/microsoft-jhenghei.ttf,0,37,16,33.066666666672,33,-0.06666666667199905,17,False,天地玄黃宇宙洪荒,"天地玄黃宇宙洪荒
",天地玄黃宇宙洪荒,天地玄黃宇宙洪荒,0,8,0.0,0.1213815800001612,ok,
zh_line_05,zh_tra,single_line,7,2.066666666667,lanczos3_7tap_16phase,2.0677966101694913,2.0677966101694913,,canonical/zh_line_05/r_2p066667.png,d8fc9203ba576569a4e57d69322ee24d234f2ce25be66ec6b5ffae62e01edf4a,resized/lanczos3_7tap_16phase/zh_line_05/r_2p066667.png,3c56bcea6810f922708f39ee34e470f4c6e034c9e859d1ca49b233070951e3b4,/home/karan/ocr_study/fonts/microsoft-jhenghei.ttf,0,37,16,33.066666666672,33,-0.06666666667199905,17,False,天地玄黃宇宙洪荒,"天地玄黃宇宙洪荒
",天地玄黃宇宙洪荒,天地玄黃宇宙洪荒,0,8,0.0,0.11936810499992134,ok,
zh_line_05,zh_tra,single_line,7,2.2,bin_floor,2.0,2.0,2,canonical/zh_line_05/r_2p200000.png,726fa69977acdb48c824a8181a17968177005bbcd360c84a61fcbcde06e34fdb,resized/bin_floor/zh_line_05/r_2p200000.png,97fd5b9149f53f5c538b0a3955f3589b62b185c3854d53c157d1696d49990a08,/home/karan/ocr_study/fonts/microsoft-jhenghei.ttf,0,38,16,35.2,35,-0.20000000000000284,18,False,天地玄黃宇宙洪荒,"天地玄黃宇宙洪荒
",天地玄黃宇宙洪荒,天地玄黃宇宙洪荒,0,8,0.0,0.1283353429998897,ok,
zh_line_05,zh_tra,single_line,7,2.2,bin_ceil,3.0,3.0,3,canonical/zh_line_05/r_2p200000.png,726fa69977acdb48c824a8181a17968177005bbcd360c84a61fcbcde06e34fdb,resized/bin_ceil/zh_line_05/r_2p200000.png,da69a5033e6487147bf0094509edc0daf18fc0d826c9650550c5839cacf38a66,/home/karan/ocr_study/fonts/microsoft-jhenghei.ttf,0,38,16,35.2,35,-0.20000000000000284,12,False,天地玄黃宇宙洪荒,"天地玄黃宇宙洪荒
",天地玄黃宇宙洪荒,天地玄黃宇宙洪荒,0,8,0.0,0.12051664800037543,ok,
zh_line_05,zh_tra,single_line,7,2.2,opencv_bilinear,2.197674418604651,2.197674418604651,,canonical/zh_line_05/r_2p200000.png,726fa69977acdb48c824a8181a17968177005bbcd360c84a61fcbcde06e34fdb,resized/opencv_bilinear/zh_line_05/r_2p200000.png,cca048351f3066690458a4bc988d2a8d5c845eef031e1f9664b7df3607d85c2e,/home/karan/ocr_study/fonts/microsoft-jhenghei.ttf,0,38,16,35.2,35,-0.20000000000000284,16,False,天地玄黃宇宙洪荒,"天地玄邁宇宙洪荒
",天地玄黃宇宙洪荒,天地玄邁宇宙洪荒,1,8,0.125,0.12238222300038615,ok,
zh_line_05,zh_tra,single_line,7,2.2,lanczos2_7tap_16phase,2.197674418604651,2.197674418604651,,canonical/zh_line_05/r_2p200000.png,726fa69977acdb48c824a8181a17968177005bbcd360c84a61fcbcde06e34fdb,resized/lanczos2_7tap_16phase/zh_line_05/r_2p200000.png,517176263496211b364278f2bdf02583564ecc8b5151b22a96cca58d76817ee7,/home/karan/ocr_study/fonts/microsoft-jhenghei.ttf,0,38,16,35.2,35,-0.20000000000000284,17,False,天地玄黃宇宙洪荒,"天地玄黃宇宙洪荒
",天地玄黃宇宙洪荒,天地玄黃宇宙洪荒,0,8,0.0,0.11147119099950942,ok,
zh_line_05,zh_tra,single_line,7,2.2,lanczos3_7tap_16phase,2.197674418604651,2.197674418604651,,canonical/zh_line_05/r_2p200000.png,726fa69977acdb48c824a8181a17968177005bbcd360c84a61fcbcde06e34fdb,resized/lanczos3_7tap_16phase/zh_line_05/r_2p200000.png,d516b68877d72d2a784530d470bb330b899cdde38b3aec84b095554863c3d2d8,/home/karan/ocr_study/fonts/microsoft-jhenghei.ttf,0,38,16,35.2,35,-0.20000000000000284,17,False,天地玄黃宇宙洪荒,"天地玄黃宇宙洪荒
",天地玄黃宇宙洪荒,天地玄黃宇宙洪荒,0,8,0.0,0.113880132000304,ok,
zh_line_05,zh_tra,single_line,7,2.333333333333,bin_floor,2.0,2.0,2,canonical/zh_line_05/r_2p333333.png,dca924c3a9ee21553d1c63a32ffa37c8a9efe43d6874bf1f840fb699ee943f04,resized/bin_floor/zh_line_05/r_2p333333.png,c21c9f25348082bd7b812fe93f0f679a7de34454f5444b7fd1541daeda3c7d1e,/home/karan/ocr_study/fonts/microsoft-jhenghei.ttf,0,42,16,37.333333333328,37,-0.3333333333279995,19,False,天地玄黃宇宙洪荒,"天地玄黃宇宙洪荒
",天地玄黃宇宙洪荒,天地玄黃宇宙洪荒,0,8,0.0,0.11883989099987957,ok,
zh_line_05,zh_tra,single_line,7,2.333333333333,bin_ceil,3.0,3.0,3,canonical/zh_line_05/r_2p333333.png,dca924c3a9ee21553d1c63a32ffa37c8a9efe43d6874bf1f840fb699ee943f04,resized/bin_ceil/zh_line_05/r_2p333333.png,d5a41cafdfd69178f94ddb583cf885043426cfb7205e2b592a66a45184caa2b0,/home/karan/ocr_study/fonts/microsoft-jhenghei.ttf,0,42,16,37.333333333328,37,-0.3333333333279995,13,False,天地玄黃宇宙洪荒,"天地玄黃宇宙洪荒
",天地玄黃宇宙洪荒,天地玄黃宇宙洪荒,0,8,0.0,0.11857518899978459,ok,
zh_line_05,zh_tra,single_line,7,2.333333333333,opencv_bilinear,2.3389830508474576,2.3389830508474576,,canonical/zh_line_05/r_2p333333.png,dca924c3a9ee21553d1c63a32ffa37c8a9efe43d6874bf1f840fb699ee943f04,resized/opencv_bilinear/zh_line_05/r_2p333333.png,401d6b54e006a48e942d98ed635c5fbd543b6ac5c0d6c1bad40b6c9c19c1b080,/home/karan/ocr_study/fonts/microsoft-jhenghei.ttf,0,42,16,37.333333333328,37,-0.3333333333279995,16,False,天地玄黃宇宙洪荒,"天地玄黃宇宙洪荒
",天地玄黃宇宙洪荒,天地玄黃宇宙洪荒,0,8,0.0,0.11843902000055095,ok,
zh_line_05,zh_tra,single_line,7,2.333333333333,lanczos2_7tap_16phase,2.3389830508474576,2.3389830508474576,,canonical/zh_line_05/r_2p333333.png,dca924c3a9ee21553d1c63a32ffa37c8a9efe43d6874bf1f840fb699ee943f04,resized/lanczos2_7tap_16phase/zh_line_05/r_2p333333.png,55e760737ea4f909961410d2c54255f351276d442788e548cbcc5fee4e2b1414,/home/karan/ocr_study/fonts/microsoft-jhenghei.ttf,0,42,16,37.333333333328,37,-0.3333333333279995,17,False,天地玄黃宇宙洪荒,"天地玄黃宇宙洪荒
",天地玄黃宇宙洪荒,天地玄黃宇宙洪荒,0,8,0.0,0.11527051599932747,ok,
zh_line_05,zh_tra,single_line,7,2.333333333333,lanczos3_7tap_16phase,2.3389830508474576,2.3389830508474576,,canonical/zh_line_05/r_2p333333.png,dca924c3a9ee21553d1c63a32ffa37c8a9efe43d6874bf1f840fb699ee943f04,resized/lanczos3_7tap_16phase/zh_line_05/r_2p333333.png,6379b58a74660f8944aa61a83fab2ced93d1a00ee4bd722f4d8e9542295d9e9c,/home/karan/ocr_study/fonts/microsoft-jhenghei.ttf,0,42,16,37.333333333328,37,-0.3333333333279995,17,False,天地玄黃宇宙洪荒,"天地玄黃宇宙洪荒
",天地玄黃宇宙洪荒,天地玄黃宇宙洪荒,0,8,0.0,0.1158449490003477,ok,
zh_line_05,zh_tra,single_line,7,2.466666666667,bin_floor,2.0,2.0,2,canonical/zh_line_05/r_2p466667.png,3658908596a7d27460918cbb396eb1d7a03644312750edf06f039a8a1b230167,resized/bin_floor/zh_line_05/r_2p466667.png,1a2f9abcf8529d14fe798d0c0c9d9fa5e9ea10424392fa377ecb89f09543a852,/home/karan/ocr_study/fonts/microsoft-jhenghei.ttf,0,45,16,39.466666666672,40,0.5333333333280024,21,False,天地玄黃宇宙洪荒,"天地玄黃宇宙洪荒
",天地玄黃宇宙洪荒,天地玄黃宇宙洪荒,0,8,0.0,0.11928889200044068,ok,
zh_line_05,zh_tra,single_line,7,2.466666666667,bin_ceil,3.0,3.0,3,canonical/zh_line_05/r_2p466667.png,3658908596a7d27460918cbb396eb1d7a03644312750edf06f039a8a1b230167,resized/bin_ceil/zh_line_05/r_2p466667.png,5bd45cbca95acf6f7f804b41df5193004bb46a177aafdc243a38c1584d9fa07e,/home/karan/ocr_study/fonts/microsoft-jhenghei.ttf,0,45,16,39.466666666672,40,0.5333333333280024,14,False,天地玄黃宇宙洪荒,"天地玄黃宇軸洪荒
",天地玄黃宇宙洪荒,天地玄黃宇軸洪荒,1,8,0.125,0.11654594900028314,ok,
zh_line_05,zh_tra,single_line,7,2.466666666667,opencv_bilinear,2.460674157303371,2.460674157303371,,canonical/zh_line_05/r_2p466667.png,3658908596a7d27460918cbb396eb1d7a03644312750edf06f039a8a1b230167,resized/opencv_bilinear/zh_line_05/r_2p466667.png,19ba854bde7966bbeca845e9839bb4171b854b5219bcefdcc906908d309cbf34,/home/karan/ocr_study/fonts/microsoft-jhenghei.ttf,0,45,16,39.466666666672,40,0.5333333333280024,16,False,天地玄黃宇宙洪荒,"天地玄黃宇宙洪荒
",天地玄黃宇宙洪荒,天地玄黃宇宙洪荒,0,8,0.0,0.11918034900008934,ok,
zh_line_05,zh_tra,single_line,7,2.466666666667,lanczos2_7tap_16phase,2.460674157303371,2.460674157303371,,canonical/zh_line_05/r_2p466667.png,3658908596a7d27460918cbb396eb1d7a03644312750edf06f039a8a1b230167,resized/lanczos2_7tap_16phase/zh_line_05/r_2p466667.png,bf9998ae223597832508bbb6c1a1c4d0a79ff0dc4176fb23c0ebbe63fb2bdf89,/home/karan/ocr_study/fonts/microsoft-jhenghei.ttf,0,45,16,39.466666666672,40,0.5333333333280024,18,True,天地玄黃宇宙洪荒,"天地玄黃宇宙洪荒
",天地玄黃宇宙洪荒,天地玄黃宇宙洪荒,0,8,0.0,0.11659333799980232,ok,
zh_line_05,zh_tra,single_line,7,2.466666666667,lanczos3_7tap_16phase,2.460674157303371,2.460674157303371,,canonical/zh_line_05/r_2p466667.png,3658908596a7d27460918cbb396eb1d7a03644312750edf06f039a8a1b230167,resized/lanczos3_7tap_16phase/zh_line_05/r_2p466667.png,9978b7fa8fd3d10345f13aada0f9f782b1a3e517febeb7f18e6066bcf7d10b08,/home/karan/ocr_study/fonts/microsoft-jhenghei.ttf,0,45,16,39.466666666672,40,0.5333333333280024,18,True,天地玄黃宇宙洪荒,"天地玄黃宇宙洪荒
",天地玄黃宇宙洪荒,天地玄黃宇宙洪荒,0,8,0.0,0.11411705799946503,ok,
zh_line_05,zh_tra,single_line,7,2.6,bin_floor,2.0,2.0,2,canonical/zh_line_05/r_2p600000.png,6cf7ac1e74fb6c6a96e1244587835291f1b1432e0c1b42c69ef987148bbe9f27,resized/bin_floor/zh_line_05/r_2p600000.png,b593acc572e15d19035660e64bc25a2e970e4f029b0131c45f624971cddd1e3a,/home/karan/ocr_study/fonts/microsoft-jhenghei.ttf,0,46,16,41.6,41,-0.6000000000000014,21,False,天地玄黃宇宙洪荒,"天地玄黃宇崗洪荒
",天地玄黃宇宙洪荒,天地玄黃宇崗洪荒,1,8,0.125,0.1263142580000931,ok,
zh_line_05,zh_tra,single_line,7,2.6,bin_ceil,3.0,3.0,3,canonical/zh_line_05/r_2p600000.png,6cf7ac1e74fb6c6a96e1244587835291f1b1432e0c1b42c69ef987148bbe9f27,resized/bin_ceil/zh_line_05/r_2p600000.png,83d658968415597175b9a708ed8f90953a3e9c597c9498beed5c95264bd75d45,/home/karan/ocr_study/fonts/microsoft-jhenghei.ttf,0,46,16,41.6,41,-0.6000000000000014,14,False,天地玄黃宇宙洪荒,"天地玄黃宇宙洪華
",天地玄黃宇宙洪荒,天地玄黃宇宙洪華,1,8,0.125,0.1190109860008306,ok,
zh_line_05,zh_tra,single_line,7,2.6,opencv_bilinear,2.605714285714286,2.605714285714286,,canonical/zh_line_05/r_2p600000.png,6cf7ac1e74fb6c6a96e1244587835291f1b1432e0c1b42c69ef987148bbe9f27,resized/opencv_bilinear/zh_line_05/r_2p600000.png,2fc098de679a6f01a525d4eab81b20ceca23647fb0e73206b1b9f229d55b79ef,/home/karan/ocr_study/fonts/microsoft-jhenghei.ttf,0,46,16,41.6,41,-0.6000000000000014,17,False,天地玄黃宇宙洪荒,"天地玄黃宇軸洪荒
",天地玄黃宇宙洪荒,天地玄黃宇軸洪荒,1,8,0.125,0.12113249499998346,ok,
zh_line_05,zh_tra,single_line,7,2.6,lanczos2_7tap_16phase,2.605714285714286,2.605714285714286,,canonical/zh_line_05/r_2p600000.png,6cf7ac1e74fb6c6a96e1244587835291f1b1432e0c1b42c69ef987148bbe9f27,resized/lanczos2_7tap_16phase/zh_line_05/r_2p600000.png,bd8293073f57157f947399824e88f86409ae5084294dd119a84f4adbb27cb000,/home/karan/ocr_study/fonts/microsoft-jhenghei.ttf,0,46,16,41.6,41,-0.6000000000000014,17,False,天地玄黃宇宙洪荒,"天地玄黃宇宙洪荒
",天地玄黃宇宙洪荒,天地玄黃宇宙洪荒,0,8,0.0,0.1164216100005433,ok,
zh_line_05,zh_tra,single_line,7,2.6,lanczos3_7tap_16phase,2.605714285714286,2.605714285714286,,canonical/zh_line_05/r_2p600000.png,6cf7ac1e74fb6c6a96e1244587835291f1b1432e0c1b42c69ef987148bbe9f27,resized/lanczos3_7tap_16phase/zh_line_05/r_2p600000.png,f167917346a5062bf2b8bf42caa3ce7a8a31b4983da3bae1048f4f53b45e06a6,/home/karan/ocr_study/fonts/microsoft-jhenghei.ttf,0,46,16,41.6,41,-0.6000000000000014,17,False,天地玄黃宇宙洪荒,"天地玄黃宇宙洪荒
",天地玄黃宇宙洪荒,天地玄黃宇宙洪荒,0,8,0.0,0.1161000049996801,ok,
zh_line_05,zh_tra,single_line,7,2.625,bin_floor,2.0,2.0,2,canonical/zh_line_05/r_2p625000.png,6cf7ac1e74fb6c6a96e1244587835291f1b1432e0c1b42c69ef987148bbe9f27,resized/bin_floor/zh_line_05/r_2p625000.png,b593acc572e15d19035660e64bc25a2e970e4f029b0131c45f624971cddd1e3a,/home/karan/ocr_study/fonts/microsoft-jhenghei.ttf,0,46,16,42.0,41,-1.0,21,False,天地玄黃宇宙洪荒,"天地玄黃宇崗洪荒
",天地玄黃宇宙洪荒,天地玄黃宇崗洪荒,1,8,0.125,0.12371273900043889,ok,
zh_line_05,zh_tra,single_line,7,2.625,bin_ceil,3.0,3.0,3,canonical/zh_line_05/r_2p625000.png,6cf7ac1e74fb6c6a96e1244587835291f1b1432e0c1b42c69ef987148bbe9f27,resized/bin_ceil/zh_line_05/r_2p625000.png,83d658968415597175b9a708ed8f90953a3e9c597c9498beed5c95264bd75d45,/home/karan/ocr_study/fonts/microsoft-jhenghei.ttf,0,46,16,42.0,41,-1.0,14,False,天地玄黃宇宙洪荒,"天地玄黃宇宙洪華
",天地玄黃宇宙洪荒,天地玄黃宇宙洪華,1,8,0.125,0.11809975300002407,ok,
zh_line_05,zh_tra,single_line,7,2.625,opencv_bilinear,2.6206896551724137,2.6206896551724137,,canonical/zh_line_05/r_2p625000.png,6cf7ac1e74fb6c6a96e1244587835291f1b1432e0c1b42c69ef987148bbe9f27,resized/opencv_bilinear/zh_line_05/r_2p625000.png,ec630696d260bcb68f7ca906561813ae53395d697b766454d2c30667888d1d93,/home/karan/ocr_study/fonts/microsoft-jhenghei.ttf,0,46,16,42.0,41,-1.0,16,False,天地玄黃宇宙洪荒,"天地玄邁宇宙洪荒
",天地玄黃宇宙洪荒,天地玄邁宇宙洪荒,1,8,0.125,0.1215354700007083,ok,
zh_line_05,zh_tra,single_line,7,2.625,lanczos2_7tap_16phase,2.6206896551724137,2.6206896551724137,,canonical/zh_line_05/r_2p625000.png,6cf7ac1e74fb6c6a96e1244587835291f1b1432e0c1b42c69ef987148bbe9f27,resized/lanczos2_7tap_16phase/zh_line_05/r_2p625000.png,ccc3b37c784e54def0576844c350ffde08cfd97957767d659e66ffc6bfb38f26,/home/karan/ocr_study/fonts/microsoft-jhenghei.ttf,0,46,16,42.0,41,-1.0,17,False,天地玄黃宇宙洪荒,"天地玄黃宇宙洪荒
",天地玄黃宇宙洪荒,天地玄黃宇宙洪荒,0,8,0.0,0.11578295299932506,ok,
zh_line_05,zh_tra,single_line,7,2.625,lanczos3_7tap_16phase,2.6206896551724137,2.6206896551724137,,canonical/zh_line_05/r_2p625000.png,6cf7ac1e74fb6c6a96e1244587835291f1b1432e0c1b42c69ef987148bbe9f27,resized/lanczos3_7tap_16phase/zh_line_05/r_2p625000.png,a52bf17e1ece5787d208cad55d008454a9e602bb2e8f8acc8f3257f6bf7f13be,/home/karan/ocr_study/fonts/microsoft-jhenghei.ttf,0,46,16,42.0,41,-1.0,18,True,天地玄黃宇宙洪荒,"天地玄黃宇崗洪荒
",天地玄黃宇宙洪荒,天地玄黃宇崗洪荒,1,8,0.125,0.11875717899965821,ok,
zh_line_05,zh_tra,single_line,7,2.733333333333,bin_floor,2.0,2.0,2,canonical/zh_line_05/r_2p733333.png,327db1007565058616bafd70cd82452832ae44378c4979b7051dd68097f19eb5,resized/bin_floor/zh_line_05/r_2p733333.png,dfb40116d254bce6a53aa382463c757c246bcb8811b86add88ca2a8b94892cc1,/home/karan/ocr_study/fonts/microsoft-jhenghei.ttf,0,48,16,43.733333333328,44,0.2666666666720019,23,False,天地玄黃宇宙洪荒,"天地玄黃宇宙洪荒
",天地玄黃宇宙洪荒,天地玄黃宇宙洪荒,0,8,0.0,0.11947843799953262,ok,
zh_line_05,zh_tra,single_line,7,2.733333333333,bin_ceil,3.0,3.0,3,canonical/zh_line_05/r_2p733333.png,327db1007565058616bafd70cd82452832ae44378c4979b7051dd68097f19eb5,resized/bin_ceil/zh_line_05/r_2p733333.png,1ed325b30f5a35a7029b7a208e280b557dda7a09a1d4fb91dde720a0d8889a3c,/home/karan/ocr_study/fonts/microsoft-jhenghei.ttf,0,48,16,43.733333333328,44,0.2666666666720019,16,False,天地玄黃宇宙洪荒,"天地玄黃宇宙洪荒
",天地玄黃宇宙洪荒,天地玄黃宇宙洪荒,0,8,0.0,0.12073754300035944,ok,
zh_line_05,zh_tra,single_line,7,2.733333333333,opencv_bilinear,2.739884393063584,2.739884393063584,,canonical/zh_line_05/r_2p733333.png,327db1007565058616bafd70cd82452832ae44378c4979b7051dd68097f19eb5,resized/opencv_bilinear/zh_line_05/r_2p733333.png,1e2772e57c0f9cbf6cd894d2aba09e8d93737ae5242aabac946684e0e1ca4f04,/home/karan/ocr_study/fonts/microsoft-jhenghei.ttf,0,48,16,43.733333333328,44,0.2666666666720019,17,False,天地玄黃宇宙洪荒,"天地玄黃宇宙洪荒
",天地玄黃宇宙洪荒,天地玄黃宇宙洪荒,0,8,0.0,0.1207043579997844,ok,
zh_line_05,zh_tra,single_line,7,2.733333333333,lanczos2_7tap_16phase,2.739884393063584,2.739884393063584,,canonical/zh_line_05/r_2p733333.png,327db1007565058616bafd70cd82452832ae44378c4979b7051dd68097f19eb5,resized/lanczos2_7tap_16phase/zh_line_05/r_2p733333.png,fada96fb0c822df0b0300223f4d34a385f21495505cdc1eceeb1a90b351c7a4d,/home/karan/ocr_study/fonts/microsoft-jhenghei.ttf,0,48,16,43.733333333328,44,0.2666666666720019,17,False,天地玄黃宇宙洪荒,"天地玄黃宇宙洪荒
",天地玄黃宇宙洪荒,天地玄黃宇宙洪荒,0,8,0.0,0.17041964100008045,ok,
zh_line_05,zh_tra,single_line,7,2.733333333333,lanczos3_7tap_16phase,2.739884393063584,2.739884393063584,,canonical/zh_line_05/r_2p733333.png,327db1007565058616bafd70cd82452832ae44378c4979b7051dd68097f19eb5,resized/lanczos3_7tap_16phase/zh_line_05/r_2p733333.png,d691b4dd77c1bee3f7eeb5b91fb00dd16c5fa02387c2af1ef6fe5f2efafcf72c,/home/karan/ocr_study/fonts/microsoft-jhenghei.ttf,0,48,16,43.733333333328,44,0.2666666666720019,17,False,天地玄黃宇宙洪荒,"天地玄黃宇宙洪荒
",天地玄黃宇宙洪荒,天地玄黃宇宙洪荒,0,8,0.0,0.1265064480003275,ok,
zh_line_05,zh_tra,single_line,7,2.866666666667,bin_floor,2.0,2.0,2,canonical/zh_line_05/r_2p866667.png,eac81ecaff6207b676980a4971fc4fb5f6d5f945c1f39319e5e95a0ebdc80cc3,resized/bin_floor/zh_line_05/r_2p866667.png,75e6611e0d82f329898f440c45e4cac5c9b9dca5b6648dc54b9f26139018280c,/home/karan/ocr_study/fonts/microsoft-jhenghei.ttf,0,50,16,45.866666666672,45,-0.8666666666720033,23,False,天地玄黃宇宙洪荒,"天地玄黃宇崗洪荒
",天地玄黃宇宙洪荒,天地玄黃宇崗洪荒,1,8,0.125,0.1324936479995813,ok,
zh_line_05,zh_tra,single_line,7,2.866666666667,bin_ceil,3.0,3.0,3,canonical/zh_line_05/r_2p866667.png,eac81ecaff6207b676980a4971fc4fb5f6d5f945c1f39319e5e95a0ebdc80cc3,resized/bin_ceil/zh_line_05/r_2p866667.png,e9414262aab4a0ddf620ceaec6227be520fcac699b824904d95f151ee5f1c600,/home/karan/ocr_study/fonts/microsoft-jhenghei.ttf,0,50,16,45.866666666672,45,-0.8666666666720033,16,False,天地玄黃宇宙洪荒,"天地玄黃宇宙洪荒
",天地玄黃宇宙洪荒,天地玄黃宇宙洪荒,0,8,0.0,0.12377260300036141,ok,
zh_line_05,zh_tra,single_line,7,2.866666666667,opencv_bilinear,2.86046511627907,2.86046511627907,,canonical/zh_line_05/r_2p866667.png,eac81ecaff6207b676980a4971fc4fb5f6d5f945c1f39319e5e95a0ebdc80cc3,resized/opencv_bilinear/zh_line_05/r_2p866667.png,806a0b9ba48482c592aa4fe60dff4a686f5094ef62bbe68f2b59bf2e8cc1021e,/home/karan/ocr_study/fonts/microsoft-jhenghei.ttf,0,50,16,45.866666666672,45,-0.8666666666720033,16,False,天地玄黃宇宙洪荒,"天地玄黃宇崗洪荒
",天地玄黃宇宙洪荒,天地玄黃宇崗洪荒,1,8,0.125,0.12383591499929025,ok,
zh_line_05,zh_tra,single_line,7,2.866666666667,lanczos2_7tap_16phase,2.86046511627907,2.86046511627907,,canonical/zh_line_05/r_2p866667.png,eac81ecaff6207b676980a4971fc4fb5f6d5f945c1f39319e5e95a0ebdc80cc3,resized/lanczos2_7tap_16phase/zh_line_05/r_2p866667.png,3ab65949aaf518bf8fda8d56b0714d1ad03c44de4ddd76d07241c3ed406b6374,/home/karan/ocr_study/fonts/microsoft-jhenghei.ttf,0,50,16,45.866666666672,45,-0.8666666666720033,16,False,天地玄黃宇宙洪荒,"天地玄黃宇宙洪荒
",天地玄黃宇宙洪荒,天地玄黃宇宙洪荒,0,8,0.0,0.12008774199966865,ok,
zh_line_05,zh_tra,single_line,7,2.866666666667,lanczos3_7tap_16phase,2.86046511627907,2.86046511627907,,canonical/zh_line_05/r_2p866667.png,eac81ecaff6207b676980a4971fc4fb5f6d5f945c1f39319e5e95a0ebdc80cc3,resized/lanczos3_7tap_16phase/zh_line_05/r_2p866667.png,d760420107e02735f401fa3fd5b98914d576659fc0a7bc5f1d11326a7ac2c639,/home/karan/ocr_study/fonts/microsoft-jhenghei.ttf,0,50,16,45.866666666672,45,-0.8666666666720033,17,False,天地玄黃宇宙洪荒,"天地玄黃宇宙洪荒
",天地玄黃宇宙洪荒,天地玄黃宇宙洪荒,0,8,0.0,0.11810415899981308,ok,
zh_line_05,zh_tra,single_line,7,3.0,bin_floor,3.0,3.0,3,canonical/zh_line_05/r_3p000000.png,5d366a61269aed443f4822ed26b61b955b8a99cc34e63aa3991e131842b515d0,resized/bin_floor/zh_line_05/r_3p000000.png,f6dcae2bfa6f528dd6f7891de0fda884c3b74284649258861a4b02e2dea2a99c,/home/karan/ocr_study/fonts/microsoft-jhenghei.ttf,0,53,16,48.0,48,0.0,16,False,天地玄黃宇宙洪荒,"天地玄黃宇宙洪荒
",天地玄黃宇宙洪荒,天地玄黃宇宙洪荒,0,8,0.0,0.12845408100019995,ok,
zh_line_05,zh_tra,single_line,7,3.0,bin_ceil,3.0,3.0,3,canonical/zh_line_05/r_3p000000.png,5d366a61269aed443f4822ed26b61b955b8a99cc34e63aa3991e131842b515d0,resized/bin_ceil/zh_line_05/r_3p000000.png,f6dcae2bfa6f528dd6f7891de0fda884c3b74284649258861a4b02e2dea2a99c,/home/karan/ocr_study/fonts/microsoft-jhenghei.ttf,0,53,16,48.0,48,0.0,16,False,天地玄黃宇宙洪荒,"天地玄黃宇宙洪荒
",天地玄黃宇宙洪荒,天地玄黃宇宙洪荒,0,8,0.0,0.11442956199971377,ok,
zh_line_05,zh_tra,single_line,7,3.0,opencv_bilinear,3.0,3.0,,canonical/zh_line_05/r_3p000000.png,5d366a61269aed443f4822ed26b61b955b8a99cc34e63aa3991e131842b515d0,resized/opencv_bilinear/zh_line_05/r_3p000000.png,32aac49f540f59ac2cdffce3250f95f04693c18cc5dcdb9389a7f6bdd483c890,/home/karan/ocr_study/fonts/microsoft-jhenghei.ttf,0,53,16,48.0,48,0.0,16,False,天地玄黃宇宙洪荒,"天地玄黃宇崗洪荒
",天地玄黃宇宙洪荒,天地玄黃宇崗洪荒,1,8,0.125,0.11193070000081207,ok,
zh_line_05,zh_tra,single_line,7,3.0,lanczos2_7tap_16phase,3.0,3.0,,canonical/zh_line_05/r_3p000000.png,5d366a61269aed443f4822ed26b61b955b8a99cc34e63aa3991e131842b515d0,resized/lanczos2_7tap_16phase/zh_line_05/r_3p000000.png,5c17623697c4d5519396a4f703e05246dc36ae8be8c24927785241a78ded5804,/home/karan/ocr_study/fonts/microsoft-jhenghei.ttf,0,53,16,48.0,48,0.0,16,False,天地玄黃宇宙洪荒,"天地玄黃宇宙洪荒
",天地玄黃宇宙洪荒,天地玄黃宇宙洪荒,0,8,0.0,0.11811686600049143,ok,
zh_line_05,zh_tra,single_line,7,3.0,lanczos3_7tap_16phase,3.0,3.0,,canonical/zh_line_05/r_3p000000.png,5d366a61269aed443f4822ed26b61b955b8a99cc34e63aa3991e131842b515d0,resized/lanczos3_7tap_16phase/zh_line_05/r_3p000000.png,462bc5b6ef66e6d86c1645c8e777f024bdbce72e74b59abf59b169f10fcd2e9b,/home/karan/ocr_study/fonts/microsoft-jhenghei.ttf,0,53,16,48.0,48,0.0,18,True,天地玄黃宇宙洪荒,"天地玄黃宇崗洪荒
",天地玄黃宇宙洪荒,天地玄黃宇崗洪荒,1,8,0.125,0.11411096200026805,ok,
zh_line_06,zh_tra,single_line,7,1.0,bin_floor,1.0,1.0,1,canonical/zh_line_06/r_1p000000.png,ddbcfcdb794c04c25bbcda562946be6ba3a8b8143366936b5eb4b2e5b7127db0,resized/bin_floor/zh_line_06/r_1p000000.png,ddbcfcdb794c04c25bbcda562946be6ba3a8b8143366936b5eb4b2e5b7127db0,/home/karan/ocr_study/fonts/microsoft-jhenghei.ttf,0,17,16,16.0,16,0.0,16,False,日月盈昃辰宿列張,"日月盈是辰宿列張
",日月盈昃辰宿列張,日月盈是辰宿列張,1,8,0.125,0.11741809099930833,ok,
zh_line_06,zh_tra,single_line,7,1.0,bin_ceil,1.0,1.0,1,canonical/zh_line_06/r_1p000000.png,ddbcfcdb794c04c25bbcda562946be6ba3a8b8143366936b5eb4b2e5b7127db0,resized/bin_ceil/zh_line_06/r_1p000000.png,ddbcfcdb794c04c25bbcda562946be6ba3a8b8143366936b5eb4b2e5b7127db0,/home/karan/ocr_study/fonts/microsoft-jhenghei.ttf,0,17,16,16.0,16,0.0,16,False,日月盈昃辰宿列張,"日月盈是辰宿列張
",日月盈昃辰宿列張,日月盈是辰宿列張,1,8,0.125,0.11807520500042301,ok,
zh_line_06,zh_tra,single_line,7,1.0,opencv_bilinear,1.0,1.0,,canonical/zh_line_06/r_1p000000.png,ddbcfcdb794c04c25bbcda562946be6ba3a8b8143366936b5eb4b2e5b7127db0,resized/opencv_bilinear/zh_line_06/r_1p000000.png,ddbcfcdb794c04c25bbcda562946be6ba3a8b8143366936b5eb4b2e5b7127db0,/home/karan/ocr_study/fonts/microsoft-jhenghei.ttf,0,17,16,16.0,16,0.0,16,False,日月盈昃辰宿列張,"日月盈是辰宿列張
",日月盈昃辰宿列張,日月盈是辰宿列張,1,8,0.125,0.11797121299969149,ok,
zh_line_06,zh_tra,single_line,7,1.0,lanczos2_7tap_16phase,1.0,1.0,,canonical/zh_line_06/r_1p000000.png,ddbcfcdb794c04c25bbcda562946be6ba3a8b8143366936b5eb4b2e5b7127db0,resized/lanczos2_7tap_16phase/zh_line_06/r_1p000000.png,ddbcfcdb794c04c25bbcda562946be6ba3a8b8143366936b5eb4b2e5b7127db0,/home/karan/ocr_study/fonts/microsoft-jhenghei.ttf,0,17,16,16.0,16,0.0,16,False,日月盈昃辰宿列張,"日月盈是辰宿列張
",日月盈昃辰宿列張,日月盈是辰宿列張,1,8,0.125,0.11407519800013688,ok,
zh_line_06,zh_tra,single_line,7,1.0,lanczos3_7tap_16phase,1.0,1.0,,canonical/zh_line_06/r_1p000000.png,ddbcfcdb794c04c25bbcda562946be6ba3a8b8143366936b5eb4b2e5b7127db0,resized/lanczos3_7tap_16phase/zh_line_06/r_1p000000.png,ddbcfcdb794c04c25bbcda562946be6ba3a8b8143366936b5eb4b2e5b7127db0,/home/karan/ocr_study/fonts/microsoft-jhenghei.ttf,0,17,16,16.0,16,0.0,16,False,日月盈昃辰宿列張,"日月盈是辰宿列張
",日月盈昃辰宿列張,日月盈是辰宿列張,1,8,0.125,0.11599004100025923,ok,
zh_line_06,zh_tra,single_line,7,1.133333333333,bin_floor,1.0,1.0,1,canonical/zh_line_06/r_1p133333.png,c2eb919ee4deab33c1088ffc6c5bb9749e4b73f61abfb4d72b0d013020bbf132,resized/bin_floor/zh_line_06/r_1p133333.png,c2eb919ee4deab33c1088ffc6c5bb9749e4b73f61abfb4d72b0d013020bbf132,/home/karan/ocr_study/fonts/microsoft-jhenghei.ttf,0,20,16,18.133333333328,18,-0.13333333332800024,18,False,日月盈昃辰宿列張,"日月盈居辰宿列張
",日月盈昃辰宿列張,日月盈居辰宿列張,1,8,0.125,0.1186782310005583,ok,
zh_line_06,zh_tra,single_line,7,1.133333333333,bin_ceil,2.0,2.0,2,canonical/zh_line_06/r_1p133333.png,c2eb919ee4deab33c1088ffc6c5bb9749e4b73f61abfb4d72b0d013020bbf132,resized/bin_ceil/zh_line_06/r_1p133333.png,868de1eb61951597ba927c988b2ef3cf43508daa8b42620fe533965b61e4d3dd,/home/karan/ocr_study/fonts/microsoft-jhenghei.ttf,0,20,16,18.133333333328,18,-0.13333333332800024,10,False,日月盈昃辰宿列張,"日用划惱友入列張
",日月盈昃辰宿列張,日用划惱友入列張,5,8,0.625,0.12026914099988062,ok,
zh_line_06,zh_tra,single_line,7,1.133333333333,opencv_bilinear,1.1314285714285715,1.1314285714285715,,canonical/zh_line_06/r_1p133333.png,c2eb919ee4deab33c1088ffc6c5bb9749e4b73f61abfb4d72b0d013020bbf132,resized/opencv_bilinear/zh_line_06/r_1p133333.png,b213c0668fdb2c5215ba4d769f6ae451b10348e601a34949161f4844cab8ec98,/home/karan/ocr_study/fonts/microsoft-jhenghei.ttf,0,20,16,18.133333333328,18,-0.13333333332800024,17,False,日月盈昃辰宿列張,"日月盈覓辰宿列張
",日月盈昃辰宿列張,日月盈覓辰宿列張,1,8,0.125,0.12068970099971921,ok,
zh_line_06,zh_tra,single_line,7,1.133333333333,lanczos2_7tap_16phase,1.1314285714285715,1.1314285714285715,,canonical/zh_line_06/r_1p133333.png,c2eb919ee4deab33c1088ffc6c5bb9749e4b73f61abfb4d72b0d013020bbf132,resized/lanczos2_7tap_16phase/zh_line_06/r_1p133333.png,14260f2d58e68e6f7198bbc9004d604f45b8b8cf322b336e8500316e1d617608,/home/karan/ocr_study/fonts/microsoft-jhenghei.ttf,0,20,16,18.133333333328,18,-0.13333333332800024,17,False,日月盈昃辰宿列張,"日月盈覓辰宿列張
",日月盈昃辰宿列張,日月盈覓辰宿列張,1,8,0.125,0.11907580099978077,ok,
zh_line_06,zh_tra,single_line,7,1.133333333333,lanczos3_7tap_16phase,1.1314285714285715,1.1314285714285715,,canonical/zh_line_06/r_1p133333.png,c2eb919ee4deab33c1088ffc6c5bb9749e4b73f61abfb4d72b0d013020bbf132,resized/lanczos3_7tap_16phase/zh_line_06/r_1p133333.png,b2bec136be462f75fc682e3c4bd1dc3bfdfb1540e61ddef8b6558b8242163765,/home/karan/ocr_study/fonts/microsoft-jhenghei.ttf,0,20,16,18.133333333328,18,-0.13333333332800024,18,True,日月盈昃辰宿列張,"日月盈旻辰宿列張
",日月盈昃辰宿列張,日月盈旻辰宿列張,1,8,0.125,0.1200055910003357,ok,
zh_line_06,zh_tra,single_line,7,1.266666666667,bin_floor,1.0,1.0,1,canonical/zh_line_06/r_1p266667.png,a77bb3445e83d1efba3e61fdf231d1c96a8690afa18d8c76ab91568347a88aaf,resized/bin_floor/zh_line_06/r_1p266667.png,a77bb3445e83d1efba3e61fdf231d1c96a8690afa18d8c76ab91568347a88aaf,/home/karan/ocr_study/fonts/microsoft-jhenghei.ttf,0,22,16,20.266666666672,20,-0.26666666667199834,20,False,日月盈昃辰宿列張,"日月盈旻辰宿列張
",日月盈昃辰宿列張,日月盈旻辰宿列張,1,8,0.125,0.11960667000039393,ok,
zh_line_06,zh_tra,single_line,7,1.266666666667,bin_ceil,2.0,2.0,2,canonical/zh_line_06/r_1p266667.png,a77bb3445e83d1efba3e61fdf231d1c96a8690afa18d8c76ab91568347a88aaf,resized/bin_ceil/zh_line_06/r_1p266667.png,9ef9e169d5d41a8fbbbdb314168eca4a8ff8356d237a4e2905f8b872ab1ddb7d,/home/karan/ocr_study/fonts/microsoft-jhenghei.ttf,0,22,16,20.266666666672,20,-0.26666666667199834,11,False,日月盈昃辰宿列張,"日月盈反民宿列張
",日月盈昃辰宿列張,日月盈反民宿列張,2,8,0.25,0.11838048999925377,ok,
zh_line_06,zh_tra,single_line,7,1.266666666667,opencv_bilinear,1.263157894736842,1.263157894736842,,canonical/zh_line_06/r_1p266667.png,a77bb3445e83d1efba3e61fdf231d1c96a8690afa18d8c76ab91568347a88aaf,resized/opencv_bilinear/zh_line_06/r_1p266667.png,6e979ecaa7f6071ec0a4b60dc7a5651713ba6c8a9d61cd3d856cb557c101ca67,/home/karan/ocr_study/fonts/microsoft-jhenghei.ttf,0,22,16,20.266666666672,20,-0.26666666667199834,17,False,日月盈昃辰宿列張,"日月盈蚌辰宿列張
",日月盈昃辰宿列張,日月盈蚌辰宿列張,1,8,0.125,0.11923578100049781,ok,
zh_line_06,zh_tra,single_line,7,1.266666666667,lanczos2_7tap_16phase,1.263157894736842,1.263157894736842,,canonical/zh_line_06/r_1p266667.png,a77bb3445e83d1efba3e61fdf231d1c96a8690afa18d8c76ab91568347a88aaf,resized/lanczos2_7tap_16phase/zh_line_06/r_1p266667.png,760ff0264d955ed0de889a51fc44e1115bc996bdbf2078399d8a64c8c1b6da12,/home/karan/ocr_study/fonts/microsoft-jhenghei.ttf,0,22,16,20.266666666672,20,-0.26666666667199834,17,False,日月盈昃辰宿列張,"日月盈蚌辰宿列張
",日月盈昃辰宿列張,日月盈蚌辰宿列張,1,8,0.125,0.11984888900042279,ok,
zh_line_06,zh_tra,single_line,7,1.266666666667,lanczos3_7tap_16phase,1.263157894736842,1.263157894736842,,canonical/zh_line_06/r_1p266667.png,a77bb3445e83d1efba3e61fdf231d1c96a8690afa18d8c76ab91568347a88aaf,resized/lanczos3_7tap_16phase/zh_line_06/r_1p266667.png,ca1f73f6c47beda38928b0d04553c1c778a578da2ab99b8e081e713ccea0fcf4,/home/karan/ocr_study/fonts/microsoft-jhenghei.ttf,0,22,16,20.266666666672,20,-0.26666666667199834,17,False,日月盈昃辰宿列張,"日月盈蚌辰宿列張
",日月盈昃辰宿列張,日月盈蚌辰宿列張,1,8,0.125,0.11615549300040584,ok,
zh_line_06,zh_tra,single_line,7,1.4,bin_floor,1.0,1.0,1,canonical/zh_line_06/r_1p400000.png,9427bf92d6611dd28b56e12f49fe579cf36c5a856479d4049d4489d124cbaa6a,resized/bin_floor/zh_line_06/r_1p400000.png,9427bf92d6611dd28b56e12f49fe579cf36c5a856479d4049d4489d124cbaa6a,/home/karan/ocr_study/fonts/microsoft-jhenghei.ttf,0,25,16,22.4,22,-0.3999999999999986,22,False,日月盈昃辰宿列張,"日月盈居辰宿列張
",日月盈昃辰宿列張,日月盈居辰宿列張,1,8,0.125,0.1201645439996355,ok,
zh_line_06,zh_tra,single_line,7,1.4,bin_ceil,2.0,2.0,2,canonical/zh_line_06/r_1p400000.png,9427bf92d6611dd28b56e12f49fe579cf36c5a856479d4049d4489d124cbaa6a,resized/bin_ceil/zh_line_06/r_1p400000.png,96f54fe340802ef0b7967eb661b993f0082f16ce572831101f0c4feec8900320,/home/karan/ocr_study/fonts/microsoft-jhenghei.ttf,0,25,16,22.4,22,-0.3999999999999986,12,False,日月盈昃辰宿列張,"日月盈恨搬宿列張
",日月盈昃辰宿列張,日月盈恨搬宿列張,2,8,0.25,0.11621541000022262,ok,
zh_line_06,zh_tra,single_line,7,1.4,opencv_bilinear,1.3977272727272727,1.3977272727272727,,canonical/zh_line_06/r_1p400000.png,9427bf92d6611dd28b56e12f49fe579cf36c5a856479d4049d4489d124cbaa6a,resized/opencv_bilinear/zh_line_06/r_1p400000.png,1f3017e2d26d370af1b2220000c71a9abc0a0a448567b46bc17dc9ca6568a482,/home/karan/ocr_study/fonts/microsoft-jhenghei.ttf,0,25,16,22.4,22,-0.3999999999999986,16,False,日月盈昃辰宿列張,"日月盈蚌辰宿列張
",日月盈昃辰宿列張,日月盈蚌辰宿列張,1,8,0.125,0.11929504300042026,ok,
zh_line_06,zh_tra,single_line,7,1.4,lanczos2_7tap_16phase,1.3977272727272727,1.3977272727272727,,canonical/zh_line_06/r_1p400000.png,9427bf92d6611dd28b56e12f49fe579cf36c5a856479d4049d4489d124cbaa6a,resized/lanczos2_7tap_16phase/zh_line_06/r_1p400000.png,d442f720ec0331345695d23962f9d6bca1622cf922b04c8e5b0657bcc992b331,/home/karan/ocr_study/fonts/microsoft-jhenghei.ttf,0,25,16,22.4,22,-0.3999999999999986,17,False,日月盈昃辰宿列張,"日月盈覓辰宿列張
",日月盈昃辰宿列張,日月盈覓辰宿列張,1,8,0.125,0.11764395499994862,ok,
zh_line_06,zh_tra,single_line,7,1.4,lanczos3_7tap_16phase,1.3977272727272727,1.3977272727272727,,canonical/zh_line_06/r_1p400000.png,9427bf92d6611dd28b56e12f49fe579cf36c5a856479d4049d4489d124cbaa6a,resized/lanczos3_7tap_16phase/zh_line_06/r_1p400000.png,a836102ad493a5b45e96174eef9c6965227c8bc17e95d86b8149b8e4a73385ea,/home/karan/ocr_study/fonts/microsoft-jhenghei.ttf,0,25,16,22.4,22,-0.3999999999999986,17,False,日月盈昃辰宿列張,"日月盈恢辰宿列張
",日月盈昃辰宿列張,日月盈恢辰宿列張,1,8,0.125,0.1277742570000555,ok,
zh_line_06,zh_tra,single_line,7,1.533333333333,bin_floor,1.0,1.0,1,canonical/zh_line_06/r_1p533333.png,629e1c6f1b3882947f04d6822c5b65d0feb23726fed8f4e89233c6f85876f9ba,resized/bin_floor/zh_line_06/r_1p533333.png,629e1c6f1b3882947f04d6822c5b65d0feb23726fed8f4e89233c6f85876f9ba,/home/karan/ocr_study/fonts/microsoft-jhenghei.ttf,0,27,16,24.533333333328,24,-0.5333333333279988,24,False,日月盈昃辰宿列張,"日月盈星辰宿列張
",日月盈昃辰宿列張,日月盈星辰宿列張,1,8,0.125,0.12744278500031214,ok,
zh_line_06,zh_tra,single_line,7,1.533333333333,bin_ceil,2.0,2.0,2,canonical/zh_line_06/r_1p533333.png,629e1c6f1b3882947f04d6822c5b65d0feb23726fed8f4e89233c6f85876f9ba,resized/bin_ceil/zh_line_06/r_1p533333.png,3546b176ede8944cf4b4ccb5ec3f3ebd3c6272c6197903ee38e4729f38ebfdca,/home/karan/ocr_study/fonts/microsoft-jhenghei.ttf,0,27,16,24.533333333328,24,-0.5333333333279988,13,False,日月盈昃辰宿列張,"日月盈是辰宿列張
",日月盈昃辰宿列張,日月盈是辰宿列張,1,8,0.125,0.12872039600006246,ok,
zh_line_06,zh_tra,single_line,7,1.533333333333,opencv_bilinear,1.5340909090909092,1.5340909090909092,,canonical/zh_line_06/r_1p533333.png,629e1c6f1b3882947f04d6822c5b65d0feb23726fed8f4e89233c6f85876f9ba,resized/opencv_bilinear/zh_line_06/r_1p533333.png,9a9700e83374990bc03590a24444ee851097df3da1baf27e0a46479d97b60bec,/home/karan/ocr_study/fonts/microsoft-jhenghei.ttf,0,27,16,24.533333333328,24,-0.5333333333279988,16,False,日月盈昃辰宿列張,"日月盈層辰宿列張
",日月盈昃辰宿列張,日月盈層辰宿列張,1,8,0.125,0.1195614630005366,ok,
zh_line_06,zh_tra,single_line,7,1.533333333333,lanczos2_7tap_16phase,1.5340909090909092,1.5340909090909092,,canonical/zh_line_06/r_1p533333.png,629e1c6f1b3882947f04d6822c5b65d0feb23726fed8f4e89233c6f85876f9ba,resized/lanczos2_7tap_16phase/zh_line_06/r_1p533333.png,024f086bd22dd9bfd9943fda9cef79bb58d684d2494a8ad460a0b82da3abab48,/home/karan/ocr_study/fonts/microsoft-jhenghei.ttf,0,27,16,24.533333333328,24,-0.5333333333279988,17,False,日月盈昃辰宿列張,"日月盈層辰宿列張
",日月盈昃辰宿列張,日月盈層辰宿列張,1,8,0.125,0.12498004799999762,ok,
zh_line_06,zh_tra,single_line,7,1.533333333333,lanczos3_7tap_16phase,1.5340909090909092,1.5340909090909092,,canonical/zh_line_06/r_1p533333.png,629e1c6f1b3882947f04d6822c5b65d0feb23726fed8f4e89233c6f85876f9ba,resized/lanczos3_7tap_16phase/zh_line_06/r_1p533333.png,7e349e4ab50936afc0a19980b313339daea7b3871c4d936e1e85b0022db5d50d,/home/karan/ocr_study/fonts/microsoft-jhenghei.ttf,0,27,16,24.533333333328,24,-0.5333333333279988,17,False,日月盈昃辰宿列張,"日月盈層辰宿列張
",日月盈昃辰宿列張,日月盈層辰宿列張,1,8,0.125,0.12255816700053401,ok,
zh_line_06,zh_tra,single_line,7,1.666666666667,bin_floor,1.0,1.0,1,canonical/zh_line_06/r_1p666667.png,c6569419dfd83cc9a2e4b68db232effd5b5089e8f82e09f044c29cf0361f4ab1,resized/bin_floor/zh_line_06/r_1p666667.png,c6569419dfd83cc9a2e4b68db232effd5b5089e8f82e09f044c29cf0361f4ab1,/home/karan/ocr_study/fonts/microsoft-jhenghei.ttf,0,28,16,26.666666666672,26,-0.6666666666720005,26,False,日月盈昃辰宿列張,"日月盈旻辰宿列張
",日月盈昃辰宿列張,日月盈旻辰宿列張,1,8,0.125,0.12396556600015174,ok,
zh_line_06,zh_tra,single_line,7,1.666666666667,bin_ceil,2.0,2.0,2,canonical/zh_line_06/r_1p666667.png,c6569419dfd83cc9a2e4b68db232effd5b5089e8f82e09f044c29cf0361f4ab1,resized/bin_ceil/zh_line_06/r_1p666667.png,c4df21e94e9511c78fe8b58bc5d3af4a50a563115ecdc1dc2917709270ca91b3,/home/karan/ocr_study/fonts/microsoft-jhenghei.ttf,0,28,16,26.666666666672,26,-0.6666666666720005,14,False,日月盈昃辰宿列張,"日月盈晨辰宿列張
",日月盈昃辰宿列張,日月盈晨辰宿列張,1,8,0.125,0.1212890389997483,ok,
zh_line_06,zh_tra,single_line,7,1.666666666667,opencv_bilinear,1.668639053254438,1.668639053254438,,canonical/zh_line_06/r_1p666667.png,c6569419dfd83cc9a2e4b68db232effd5b5089e8f82e09f044c29cf0361f4ab1,resized/opencv_bilinear/zh_line_06/r_1p666667.png,962c75172b0fc8918a5079e9a4e84cb9fc3079b702b7030a3164c75d7a61627c,/home/karan/ocr_study/fonts/microsoft-jhenghei.ttf,0,28,16,26.666666666672,26,-0.6666666666720005,16,False,日月盈昃辰宿列張,"日月盈蚌辰宿列張
",日月盈昃辰宿列張,日月盈蚌辰宿列張,1,8,0.125,0.11850098600007186,ok,
zh_line_06,zh_tra,single_line,7,1.666666666667,lanczos2_7tap_16phase,1.668639053254438,1.668639053254438,,canonical/zh_line_06/r_1p666667.png,c6569419dfd83cc9a2e4b68db232effd5b5089e8f82e09f044c29cf0361f4ab1,resized/lanczos2_7tap_16phase/zh_line_06/r_1p666667.png,2a1a69379d306fffe7027ecc73517765e83423e87682a1f0e8e50653d9b8b6fb,/home/karan/ocr_study/fonts/microsoft-jhenghei.ttf,0,28,16,26.666666666672,26,-0.6666666666720005,16,False,日月盈昃辰宿列張,"日月盈是辰宿列張
",日月盈昃辰宿列張,日月盈是辰宿列張,1,8,0.125,0.11909604999982548,ok,
zh_line_06,zh_tra,single_line,7,1.666666666667,lanczos3_7tap_16phase,1.668639053254438,1.668639053254438,,canonical/zh_line_06/r_1p666667.png,c6569419dfd83cc9a2e4b68db232effd5b5089e8f82e09f044c29cf0361f4ab1,resized/lanczos3_7tap_16phase/zh_line_06/r_1p666667.png,bed69914a88d85e7389783540d03ad5d862969f4cc50188d900ace2e2480117c,/home/karan/ocr_study/fonts/microsoft-jhenghei.ttf,0,28,16,26.666666666672,26,-0.6666666666720005,16,False,日月盈昃辰宿列張,"日月盈旻辰宿列張
",日月盈昃辰宿列張,日月盈旻辰宿列張,1,8,0.125,0.11610715099959634,ok,
zh_line_06,zh_tra,single_line,7,1.8,bin_floor,1.0,1.0,1,canonical/zh_line_06/r_1p800000.png,23da8539de0ee3f46223355cd036ffca4b3a93b8bfca61e1715803faae92b3bd,resized/bin_floor/zh_line_06/r_1p800000.png,23da8539de0ee3f46223355cd036ffca4b3a93b8bfca61e1715803faae92b3bd,/home/karan/ocr_study/fonts/microsoft-jhenghei.ttf,0,32,16,28.8,29,0.1999999999999993,29,False,日月盈昃辰宿列張,"日月盈晨辰宿列張
",日月盈昃辰宿列張,日月盈晨辰宿列張,1,8,0.125,0.1240648830007558,ok,
zh_line_06,zh_tra,single_line,7,1.8,bin_ceil,2.0,2.0,2,canonical/zh_line_06/r_1p800000.png,23da8539de0ee3f46223355cd036ffca4b3a93b8bfca61e1715803faae92b3bd,resized/bin_ceil/zh_line_06/r_1p800000.png,598f57f8b199d55e815609dedc73306de8427a44330b6c44cb779cfd42469ddb,/home/karan/ocr_study/fonts/microsoft-jhenghei.ttf,0,32,16,28.8,29,0.1999999999999993,15,False,日月盈昃辰宿列張,"日月盈蚌辰宿列張
",日月盈昃辰宿列張,日月盈蚌辰宿列張,1,8,0.125,0.11807412100006331,ok,
zh_line_06,zh_tra,single_line,7,1.8,opencv_bilinear,1.7966101694915255,1.7966101694915255,,canonical/zh_line_06/r_1p800000.png,23da8539de0ee3f46223355cd036ffca4b3a93b8bfca61e1715803faae92b3bd,resized/opencv_bilinear/zh_line_06/r_1p800000.png,ecd1e75ebdabaddfa969302fe6236432319982fcd1f946f44f7eafabc4510fec,/home/karan/ocr_study/fonts/microsoft-jhenghei.ttf,0,32,16,28.8,29,0.1999999999999993,17,False,日月盈昃辰宿列張,"日月盈蚌辰宿列張
",日月盈昃辰宿列張,日月盈蚌辰宿列張,1,8,0.125,0.11881469699983427,ok,
zh_line_06,zh_tra,single_line,7,1.8,lanczos2_7tap_16phase,1.7966101694915255,1.7966101694915255,,canonical/zh_line_06/r_1p800000.png,23da8539de0ee3f46223355cd036ffca4b3a93b8bfca61e1715803faae92b3bd,resized/lanczos2_7tap_16phase/zh_line_06/r_1p800000.png,0f1f2048400dff6cf14402a2680aefb0839b52c703d2f56fd6266cea68354325,/home/karan/ocr_study/fonts/microsoft-jhenghei.ttf,0,32,16,28.8,29,0.1999999999999993,17,False,日月盈昃辰宿列張,"日月盈晨辰宿列張
",日月盈昃辰宿列張,日月盈晨辰宿列張,1,8,0.125,0.1163825799994811,ok,
zh_line_06,zh_tra,single_line,7,1.8,lanczos3_7tap_16phase,1.7966101694915255,1.7966101694915255,,canonical/zh_line_06/r_1p800000.png,23da8539de0ee3f46223355cd036ffca4b3a93b8bfca61e1715803faae92b3bd,resized/lanczos3_7tap_16phase/zh_line_06/r_1p800000.png,9e982e62386857a37bd29059d0ea0e6ba58bdf9e7486a0e983e88c0eeb1d1f48,/home/karan/ocr_study/fonts/microsoft-jhenghei.ttf,0,32,16,28.8,29,0.1999999999999993,17,False,日月盈昃辰宿列張,"日月盈晨辰宿列張
",日月盈昃辰宿列張,日月盈晨辰宿列張,1,8,0.125,0.11579195899957995,ok,
zh_line_06,zh_tra,single_line,7,1.933333333333,bin_floor,1.0,1.0,1,canonical/zh_line_06/r_1p933333.png,da91e7a6a706568b7548a2883aff425bd184df133154652de2fa7b2228295ba6,resized/bin_floor/zh_line_06/r_1p933333.png,da91e7a6a706568b7548a2883aff425bd184df133154652de2fa7b2228295ba6,/home/karan/ocr_study/fonts/microsoft-jhenghei.ttf,0,35,16,30.933333333328,31,0.06666666667199905,31,False,日月盈昃辰宿列張,"日月盈晨辰宿列張
",日月盈昃辰宿列張,日月盈晨辰宿列張,1,8,0.125,0.12140181799986749,ok,
zh_line_06,zh_tra,single_line,7,1.933333333333,bin_ceil,2.0,2.0,2,canonical/zh_line_06/r_1p933333.png,da91e7a6a706568b7548a2883aff425bd184df133154652de2fa7b2228295ba6,resized/bin_ceil/zh_line_06/r_1p933333.png,aead5393f5ed30748e3f9f2389a7d0d69078b30204a26891f4fee0330292e8ba,/home/karan/ocr_study/fonts/microsoft-jhenghei.ttf,0,35,16,30.933333333328,31,0.06666666667199905,16,False,日月盈昃辰宿列張,"日月盈蛀辰宿列張
",日月盈昃辰宿列張,日月盈蛀辰宿列張,1,8,0.125,0.11596556699987559,ok,
zh_line_06,zh_tra,single_line,7,1.933333333333,opencv_bilinear,1.9322033898305084,1.9322033898305084,,canonical/zh_line_06/r_1p933333.png,da91e7a6a706568b7548a2883aff425bd184df133154652de2fa7b2228295ba6,resized/opencv_bilinear/zh_line_06/r_1p933333.png,aec30c49f6ff033f2f8f304bd1051cf895e6c5f6c9c871c2fc8c8d71add79262,/home/karan/ocr_study/fonts/microsoft-jhenghei.ttf,0,35,16,30.933333333328,31,0.06666666667199905,17,False,日月盈昃辰宿列張,"日月盈蝦辰宿列張
",日月盈昃辰宿列張,日月盈蝦辰宿列張,1,8,0.125,0.1161262239993448,ok,
zh_line_06,zh_tra,single_line,7,1.933333333333,lanczos2_7tap_16phase,1.9322033898305084,1.9322033898305084,,canonical/zh_line_06/r_1p933333.png,da91e7a6a706568b7548a2883aff425bd184df133154652de2fa7b2228295ba6,resized/lanczos2_7tap_16phase/zh_line_06/r_1p933333.png,aed241d6c5a095eb8ef38e320a5fe7af09960381e4f3d1e608f3aaf40f0c2b31,/home/karan/ocr_study/fonts/microsoft-jhenghei.ttf,0,35,16,30.933333333328,31,0.06666666667199905,17,False,日月盈昃辰宿列張,"日月盈晨辰宿列張
",日月盈昃辰宿列張,日月盈晨辰宿列張,1,8,0.125,0.117332589000398,ok,
zh_line_06,zh_tra,single_line,7,1.933333333333,lanczos3_7tap_16phase,1.9322033898305084,1.9322033898305084,,canonical/zh_line_06/r_1p933333.png,da91e7a6a706568b7548a2883aff425bd184df133154652de2fa7b2228295ba6,resized/lanczos3_7tap_16phase/zh_line_06/r_1p933333.png,0f88110f792a0d4a8aa2bc765018936414dafcaaf513a7f7750c10b8cb9d7b2e,/home/karan/ocr_study/fonts/microsoft-jhenghei.ttf,0,35,16,30.933333333328,31,0.06666666667199905,17,False,日月盈昃辰宿列張,"日月盈晨辰宿列張
",日月盈昃辰宿列張,日月盈晨辰宿列張,1,8,0.125,0.12096798299990041,ok,
zh_line_06,zh_tra,single_line,7,2.066666666667,bin_floor,2.0,2.0,2,canonical/zh_line_06/r_2p066667.png,ef1d0e20ccd5d0893fc728c0c885b0e4a23d430108c79aa2a25eb81d79018cb9,resized/bin_floor/zh_line_06/r_2p066667.png,f704a6adf8ec656ffd7073ddaf3575d8fb7a9aa5212e41e6dbb202fc4af64926,/home/karan/ocr_study/fonts/microsoft-jhenghei.ttf,0,37,16,33.066666666672,33,-0.06666666667199905,17,False,日月盈昃辰宿列張,"日月盈晨辰宿列張
",日月盈昃辰宿列張,日月盈晨辰宿列張,1,8,0.125,0.12183343200013041,ok,
zh_line_06,zh_tra,single_line,7,2.066666666667,bin_ceil,3.0,3.0,3,canonical/zh_line_06/r_2p066667.png,ef1d0e20ccd5d0893fc728c0c885b0e4a23d430108c79aa2a25eb81d79018cb9,resized/bin_ceil/zh_line_06/r_2p066667.png,1179030f2c7da7a92444bb42bb6441124582ead81a68b6d4785f6959502f1f54,/home/karan/ocr_study/fonts/microsoft-jhenghei.ttf,0,37,16,33.066666666672,33,-0.06666666667199905,12,False,日月盈昃辰宿列張,"日月盈恨辰宿列張
",日月盈昃辰宿列張,日月盈恨辰宿列張,1,8,0.125,0.11374474500007636,ok,
zh_line_06,zh_tra,single_line,7,2.066666666667,opencv_bilinear,2.0677966101694913,2.0677966101694913,,canonical/zh_line_06/r_2p066667.png,ef1d0e20ccd5d0893fc728c0c885b0e4a23d430108c79aa2a25eb81d79018cb9,resized/opencv_bilinear/zh_line_06/r_2p066667.png,9db4185ae4326df1a2bae5daa63ee7be34cb27e58297cdb7d9db7986b189cdaf,/home/karan/ocr_study/fonts/microsoft-jhenghei.ttf,0,37,16,33.066666666672,33,-0.06666666667199905,16,False,日月盈昃辰宿列張,"日月盈晨辰宿列張
",日月盈昃辰宿列張,日月盈晨辰宿列張,1,8,0.125,0.11951731399949495,ok,
zh_line_06,zh_tra,single_line,7,2.066666666667,lanczos2_7tap_16phase,2.0677966101694913,2.0677966101694913,,canonical/zh_line_06/r_2p066667.png,ef1d0e20ccd5d0893fc728c0c885b0e4a23d430108c79aa2a25eb81d79018cb9,resized/lanczos2_7tap_16phase/zh_line_06/r_2p066667.png,8cc34f91a74f70a763cd8b0593d6837ad2a4117309c395f8a5a3fb7e899364e6,/home/karan/ocr_study/fonts/microsoft-jhenghei.ttf,0,37,16,33.066666666672,33,-0.06666666667199905,17,False,日月盈昃辰宿列張,"日月盈晨辰宿列張
",日月盈昃辰宿列張,日月盈晨辰宿列張,1,8,0.125,0.11218692700003885,ok,
zh_line_06,zh_tra,single_line,7,2.066666666667,lanczos3_7tap_16phase,2.0677966101694913,2.0677966101694913,,canonical/zh_line_06/r_2p066667.png,ef1d0e20ccd5d0893fc728c0c885b0e4a23d430108c79aa2a25eb81d79018cb9,resized/lanczos3_7tap_16phase/zh_line_06/r_2p066667.png,83c635f3087f9cf23163d4cd4f73d2affd32c71aebc439f152bab757ea683056,/home/karan/ocr_study/fonts/microsoft-jhenghei.ttf,0,37,16,33.066666666672,33,-0.06666666667199905,17,False,日月盈昃辰宿列張,"日月盈晨辰宿列張
",日月盈昃辰宿列張,日月盈晨辰宿列張,1,8,0.125,0.10252669599958608,ok,
zh_line_06,zh_tra,single_line,7,2.2,bin_floor,2.0,2.0,2,canonical/zh_line_06/r_2p200000.png,37cefb5e8386f1dfdb44d5dbfcfa4bf408521c0b5340c30cc3ece0f7bc1ff13d,resized/bin_floor/zh_line_06/r_2p200000.png,06a50bd099d1df33d85d550edcedf5adf79afc45659b6aaa5bc4251894c5346a,/home/karan/ocr_study/fonts/microsoft-jhenghei.ttf,0,40,16,35.2,35,-0.20000000000000284,18,False,日月盈昃辰宿列張,"日月盈旻辰宿列張
",日月盈昃辰宿列張,日月盈旻辰宿列張,1,8,0.125,0.09746354000071733,ok,
zh_line_06,zh_tra,single_line,7,2.2,bin_ceil,3.0,3.0,3,canonical/zh_line_06/r_2p200000.png,37cefb5e8386f1dfdb44d5dbfcfa4bf408521c0b5340c30cc3ece0f7bc1ff13d,resized/bin_ceil/zh_line_06/r_2p200000.png,55a483531ea836bbaa543ab1f419277bd00ae9ed6e20e8fa8032997455389e11,/home/karan/ocr_study/fonts/microsoft-jhenghei.ttf,0,40,16,35.2,35,-0.20000000000000284,12,False,日月盈昃辰宿列張,"日月盈居辰宿列張
",日月盈昃辰宿列張,日月盈居辰宿列張,1,8,0.125,0.09691243499946722,ok,
zh_line_06,zh_tra,single_line,7,2.2,opencv_bilinear,2.2033898305084745,2.2033898305084745,,canonical/zh_line_06/r_2p200000.png,37cefb5e8386f1dfdb44d5dbfcfa4bf408521c0b5340c30cc3ece0f7bc1ff13d,resized/opencv_bilinear/zh_line_06/r_2p200000.png,df665083c5cf072581c2d37d011a865eec74c7c75c7e36d9d88546fea94ec567,/home/karan/ocr_study/fonts/microsoft-jhenghei.ttf,0,40,16,35.2,35,-0.20000000000000284,16,False,日月盈昃辰宿列張,"日月盈恢辰宿列張
",日月盈昃辰宿列張,日月盈恢辰宿列張,1,8,0.125,0.09745083800044085,ok,
zh_line_06,zh_tra,single_line,7,2.2,lanczos2_7tap_16phase,2.2033898305084745,2.2033898305084745,,canonical/zh_line_06/r_2p200000.png,37cefb5e8386f1dfdb44d5dbfcfa4bf408521c0b5340c30cc3ece0f7bc1ff13d,resized/lanczos2_7tap_16phase/zh_line_06/r_2p200000.png,2b305cef11e1d46133eb51044ab1b3cb666dd1bf979c4980211fc2048128ecdf,/home/karan/ocr_study/fonts/microsoft-jhenghei.ttf,0,40,16,35.2,35,-0.20000000000000284,17,False,日月盈昃辰宿列張,"日月盈晨辰宿列張
",日月盈昃辰宿列張,日月盈晨辰宿列張,1,8,0.125,0.09828842200022336,ok,
zh_line_06,zh_tra,single_line,7,2.2,lanczos3_7tap_16phase,2.2033898305084745,2.2033898305084745,,canonical/zh_line_06/r_2p200000.png,37cefb5e8386f1dfdb44d5dbfcfa4bf408521c0b5340c30cc3ece0f7bc1ff13d,resized/lanczos3_7tap_16phase/zh_line_06/r_2p200000.png,2fa7fd694718fd200aa01ccbacc896ecfd09174677b38ec9a08ae50f62e1676a,/home/karan/ocr_study/fonts/microsoft-jhenghei.ttf,0,40,16,35.2,35,-0.20000000000000284,17,False,日月盈昃辰宿列張,"日月盈恢辰宿列張
",日月盈昃辰宿列張,日月盈恢辰宿列張,1,8,0.125,0.09967874700032553,ok,
zh_line_06,zh_tra,single_line,7,2.333333333333,bin_floor,2.0,2.0,2,canonical/zh_line_06/r_2p333333.png,c7c71f8226c4b6b465b43eab1f88bd560f7e7db229eeadf22d66eb3bf355a130,resized/bin_floor/zh_line_06/r_2p333333.png,14a335a0aa85d13a3a3289fbb784613889dac2abe395827dd01d52a81f58cb5d,/home/karan/ocr_study/fonts/microsoft-jhenghei.ttf,0,42,16,37.333333333328,38,0.6666666666720005,20,False,日月盈昃辰宿列張,"日月盈晨辰宿列張
",日月盈昃辰宿列張,日月盈晨辰宿列張,1,8,0.125,0.09731934599949454,ok,
zh_line_06,zh_tra,single_line,7,2.333333333333,bin_ceil,3.0,3.0,3,canonical/zh_line_06/r_2p333333.png,c7c71f8226c4b6b465b43eab1f88bd560f7e7db229eeadf22d66eb3bf355a130,resized/bin_ceil/zh_line_06/r_2p333333.png,1ea5ca134953eb341cc28c5a96e2a2a65aa8f0b4a24e309c57dfd966c9a2199f,/home/karan/ocr_study/fonts/microsoft-jhenghei.ttf,0,42,16,37.333333333328,38,0.6666666666720005,13,False,日月盈昃辰宿列張,"日月盈居辰宿列張
",日月盈昃辰宿列張,日月盈居辰宿列張,1,8,0.125,0.09666229899994505,ok,
zh_line_06,zh_tra,single_line,7,2.333333333333,opencv_bilinear,2.3389830508474576,2.3389830508474576,,canonical/zh_line_06/r_2p333333.png,c7c71f8226c4b6b465b43eab1f88bd560f7e7db229eeadf22d66eb3bf355a130,resized/opencv_bilinear/zh_line_06/r_2p333333.png,025054cdf8fe36b163891e9f02858360a38107bee54e63ebf614eda19d082b50,/home/karan/ocr_study/fonts/microsoft-jhenghei.ttf,0,42,16,37.333333333328,38,0.6666666666720005,16,False,日月盈昃辰宿列張,"日月盈恢辰宿列張
",日月盈昃辰宿列張,日月盈恢辰宿列張,1,8,0.125,0.10087959500015131,ok,
zh_line_06,zh_tra,single_line,7,2.333333333333,lanczos2_7tap_16phase,2.3389830508474576,2.3389830508474576,,canonical/zh_line_06/r_2p333333.png,c7c71f8226c4b6b465b43eab1f88bd560f7e7db229eeadf22d66eb3bf355a130,resized/lanczos2_7tap_16phase/zh_line_06/r_2p333333.png,004e9726fa194ea72dfc397e6fd36a988aacab4b73135da601392ea90950d475,/home/karan/ocr_study/fonts/microsoft-jhenghei.ttf,0,42,16,37.333333333328,38,0.6666666666720005,18,True,日月盈昃辰宿列張,"日月盈姑辰宿列張
",日月盈昃辰宿列張,日月盈姑辰宿列張,1,8,0.125,0.09434291799971106,ok,
zh_line_06,zh_tra,single_line,7,2.333333333333,lanczos3_7tap_16phase,2.3389830508474576,2.3389830508474576,,canonical/zh_line_06/r_2p333333.png,c7c71f8226c4b6b465b43eab1f88bd560f7e7db229eeadf22d66eb3bf355a130,resized/lanczos3_7tap_16phase/zh_line_06/r_2p333333.png,aa8b65e5e7da6f1f2634a1f30837a92b7749701e341028252be724d83442840d,/home/karan/ocr_study/fonts/microsoft-jhenghei.ttf,0,42,16,37.333333333328,38,0.6666666666720005,18,True,日月盈昃辰宿列張,"日月盈晨辰宿列張
",日月盈昃辰宿列張,日月盈晨辰宿列張,1,8,0.125,0.1004953330002536,ok,
zh_line_06,zh_tra,single_line,7,2.466666666667,bin_floor,2.0,2.0,2,canonical/zh_line_06/r_2p466667.png,b52db7bd386b43eb3d07296a7bd1e677f36caeb92df85c6e8cc8a91e6b03a322,resized/bin_floor/zh_line_06/r_2p466667.png,deab38c519d6fc63a80044dd2e05e71a307e5788bf14b22c3433ecce81a144ee,/home/karan/ocr_study/fonts/microsoft-jhenghei.ttf,0,44,16,39.466666666672,39,-0.46666666667199763,20,False,日月盈昃辰宿列張,"日月盈晨辰宿列張
",日月盈昃辰宿列張,日月盈晨辰宿列張,1,8,0.125,0.10060905700083822,ok,
zh_line_06,zh_tra,single_line,7,2.466666666667,bin_ceil,3.0,3.0,3,canonical/zh_line_06/r_2p466667.png,b52db7bd386b43eb3d07296a7bd1e677f36caeb92df85c6e8cc8a91e6b03a322,resized/bin_ceil/zh_line_06/r_2p466667.png,7c11982dc0680d441c8391e87473972ed8fb2d15732682cc3859fc7b4a10d05d,/home/karan/ocr_study/fonts/microsoft-jhenghei.ttf,0,44,16,39.466666666672,39,-0.46666666667199763,14,False,日月盈昃辰宿列張,"日月盈晨辰宿列張
",日月盈昃辰宿列張,日月盈晨辰宿列張,1,8,0.125,0.10012260999974387,ok,
zh_line_06,zh_tra,single_line,7,2.466666666667,opencv_bilinear,2.4685714285714284,2.4685714285714284,,canonical/zh_line_06/r_2p466667.png,b52db7bd386b43eb3d07296a7bd1e677f36caeb92df85c6e8cc8a91e6b03a322,resized/opencv_bilinear/zh_line_06/r_2p466667.png,a0afc482048f607ff537cab7c4bbd7c58406cc7cd084968ddcfd269ac18f93e5,/home/karan/ocr_study/fonts/microsoft-jhenghei.ttf,0,44,16,39.466666666672,39,-0.46666666667199763,16,False,日月盈昃辰宿列張,"日月盈旻辰宿列張
",日月盈昃辰宿列張,日月盈旻辰宿列張,1,8,0.125,0.09515285099951143,ok,
zh_line_06,zh_tra,single_line,7,2.466666666667,lanczos2_7tap_16phase,2.4685714285714284,2.4685714285714284,,canonical/zh_line_06/r_2p466667.png,b52db7bd386b43eb3d07296a7bd1e677f36caeb92df85c6e8cc8a91e6b03a322,resized/lanczos2_7tap_16phase/zh_line_06/r_2p466667.png,8d9f6e95c0a31358c64d7404ee42d92f4e2903b78f7ed19eacea5ad75d576c59,/home/karan/ocr_study/fonts/microsoft-jhenghei.ttf,0,44,16,39.466666666672,39,-0.46666666667199763,17,False,日月盈昃辰宿列張,"日月盈晨辰宿列張
",日月盈昃辰宿列張,日月盈晨辰宿列張,1,8,0.125,0.09970533399973647,ok,
zh_line_06,zh_tra,single_line,7,2.466666666667,lanczos3_7tap_16phase,2.4685714285714284,2.4685714285714284,,canonical/zh_line_06/r_2p466667.png,b52db7bd386b43eb3d07296a7bd1e677f36caeb92df85c6e8cc8a91e6b03a322,resized/lanczos3_7tap_16phase/zh_line_06/r_2p466667.png,f238f7a36a7dcee9f2b88e6c7cbccdc6ad7792545099230f8148d0c90d50be2d,/home/karan/ocr_study/fonts/microsoft-jhenghei.ttf,0,44,16,39.466666666672,39,-0.46666666667199763,17,False,日月盈昃辰宿列張,"日月盈蚌辰宿列張
",日月盈昃辰宿列張,日月盈蚌辰宿列張,1,8,0.125,0.0985075210001014,ok,
zh_line_06,zh_tra,single_line,7,2.6,bin_floor,2.0,2.0,2,canonical/zh_line_06/r_2p600000.png,1d82a9cb67cf2c7c26b38e230cea541cf1681badd5c29aa7d8e97233b19e5b3b,resized/bin_floor/zh_line_06/r_2p600000.png,d9c73d2c4120f0a3f1e00b8411b0d5e8c0d65f554a2863e89c2c2a6f5a7c2da9,/home/karan/ocr_study/fonts/microsoft-jhenghei.ttf,0,47,16,41.6,42,0.3999999999999986,22,False,日月盈昃辰宿列張,"日月盈晨辰宿列張
",日月盈昃辰宿列張,日月盈晨辰宿列張,1,8,0.125,0.09749156399993808,ok,
zh_line_06,zh_tra,single_line,7,2.6,bin_ceil,3.0,3.0,3,canonical/zh_line_06/r_2p600000.png,1d82a9cb67cf2c7c26b38e230cea541cf1681badd5c29aa7d8e97233b19e5b3b,resized/bin_ceil/zh_line_06/r_2p600000.png,c2549b52fb448633c9506eec4859ac190635113f15d64f5a75e381a4e5adf7df,/home/karan/ocr_study/fonts/microsoft-jhenghei.ttf,0,47,16,41.6,42,0.3999999999999986,15,False,日月盈昃辰宿列張,"日月盈居辰宿列張
",日月盈昃辰宿列張,日月盈居辰宿列張,1,8,0.125,0.09738409500005218,ok,
zh_line_06,zh_tra,single_line,7,2.6,opencv_bilinear,2.595505617977528,2.595505617977528,,canonical/zh_line_06/r_2p600000.png,1d82a9cb67cf2c7c26b38e230cea541cf1681badd5c29aa7d8e97233b19e5b3b,resized/opencv_bilinear/zh_line_06/r_2p600000.png,7244e828b568d19bc5a4d2395f48843ee3a232e76b4e9fb5549f57867275e35e,/home/karan/ocr_study/fonts/microsoft-jhenghei.ttf,0,47,16,41.6,42,0.3999999999999986,17,False,日月盈昃辰宿列張,"日月盈旻辰宿列張
",日月盈昃辰宿列張,日月盈旻辰宿列張,1,8,0.125,0.09564016800050013,ok,
zh_line_06,zh_tra,single_line,7,2.6,lanczos2_7tap_16phase,2.595505617977528,2.595505617977528,,canonical/zh_line_06/r_2p600000.png,1d82a9cb67cf2c7c26b38e230cea541cf1681badd5c29aa7d8e97233b19e5b3b,resized/lanczos2_7tap_16phase/zh_line_06/r_2p600000.png,cc21c772e2d738f883431a2d8b8df8d256a6f387f63a1197a4559d2c02086bc2,/home/karan/ocr_study/fonts/microsoft-jhenghei.ttf,0,47,16,41.6,42,0.3999999999999986,17,False,日月盈昃辰宿列張,"日月盈晨辰宿列張
",日月盈昃辰宿列張,日月盈晨辰宿列張,1,8,0.125,0.0953501909998522,ok,
zh_line_06,zh_tra,single_line,7,2.6,lanczos3_7tap_16phase,2.595505617977528,2.595505617977528,,canonical/zh_line_06/r_2p600000.png,1d82a9cb67cf2c7c26b38e230cea541cf1681badd5c29aa7d8e97233b19e5b3b,resized/lanczos3_7tap_16phase/zh_line_06/r_2p600000.png,39a8155b9ec78126a27bd361d765c1ec4febb3d7c2406bdb478e762c8766aa73,/home/karan/ocr_study/fonts/microsoft-jhenghei.ttf,0,47,16,41.6,42,0.3999999999999986,17,False,日月盈昃辰宿列張,"日月盈晨辰宿列張
",日月盈昃辰宿列張,日月盈晨辰宿列張,1,8,0.125,0.09843288100000791,ok,
zh_line_06,zh_tra,single_line,7,2.625,bin_floor,2.0,2.0,2,canonical/zh_line_06/r_2p625000.png,1d82a9cb67cf2c7c26b38e230cea541cf1681badd5c29aa7d8e97233b19e5b3b,resized/bin_floor/zh_line_06/r_2p625000.png,d9c73d2c4120f0a3f1e00b8411b0d5e8c0d65f554a2863e89c2c2a6f5a7c2da9,/home/karan/ocr_study/fonts/microsoft-jhenghei.ttf,0,47,16,42.0,42,0.0,22,False,日月盈昃辰宿列張,"日月盈晨辰宿列張
",日月盈昃辰宿列張,日月盈晨辰宿列張,1,8,0.125,0.11457556599998497,ok,
zh_line_06,zh_tra,single_line,7,2.625,bin_ceil,3.0,3.0,3,canonical/zh_line_06/r_2p625000.png,1d82a9cb67cf2c7c26b38e230cea541cf1681badd5c29aa7d8e97233b19e5b3b,resized/bin_ceil/zh_line_06/r_2p625000.png,c2549b52fb448633c9506eec4859ac190635113f15d64f5a75e381a4e5adf7df,/home/karan/ocr_study/fonts/microsoft-jhenghei.ttf,0,47,16,42.0,42,0.0,15,False,日月盈昃辰宿列張,"日月盈居辰宿列張
",日月盈昃辰宿列張,日月盈居辰宿列張,1,8,0.125,0.09636767900065024,ok,
zh_line_06,zh_tra,single_line,7,2.625,opencv_bilinear,2.625,2.625,,canonical/zh_line_06/r_2p625000.png,1d82a9cb67cf2c7c26b38e230cea541cf1681badd5c29aa7d8e97233b19e5b3b,resized/opencv_bilinear/zh_line_06/r_2p625000.png,bb4f89c5d3811f6569a08d3e52a56a6a215469ebefed2a43e61eab015ad41214,/home/karan/ocr_study/fonts/microsoft-jhenghei.ttf,0,47,16,42.0,42,0.0,17,False,日月盈昃辰宿列張,"日月盈是辰窒列張
",日月盈昃辰宿列張,日月盈是辰窒列張,2,8,0.25,0.10056051300034596,ok,
zh_line_06,zh_tra,single_line,7,2.625,lanczos2_7tap_16phase,2.625,2.625,,canonical/zh_line_06/r_2p625000.png,1d82a9cb67cf2c7c26b38e230cea541cf1681badd5c29aa7d8e97233b19e5b3b,resized/lanczos2_7tap_16phase/zh_line_06/r_2p625000.png,89b9393691ac6e8c318e68ae5bc2480a981fc2becf970b9a43ee0a630092cc34,/home/karan/ocr_study/fonts/microsoft-jhenghei.ttf,0,47,16,42.0,42,0.0,17,False,日月盈昃辰宿列張,"日月盈蚌辰宿列張
",日月盈昃辰宿列張,日月盈蚌辰宿列張,1,8,0.125,0.09853781000037998,ok,
zh_line_06,zh_tra,single_line,7,2.625,lanczos3_7tap_16phase,2.625,2.625,,canonical/zh_line_06/r_2p625000.png,1d82a9cb67cf2c7c26b38e230cea541cf1681badd5c29aa7d8e97233b19e5b3b,resized/lanczos3_7tap_16phase/zh_line_06/r_2p625000.png,33d1c9be9fbeaa03bde773903dc334728a34bfa31275a9e293f7ad9b3cb27f63,/home/karan/ocr_study/fonts/microsoft-jhenghei.ttf,0,47,16,42.0,42,0.0,17,False,日月盈昃辰宿列張,"日月盈蚌辰宿列張
",日月盈昃辰宿列張,日月盈蚌辰宿列張,1,8,0.125,0.09837090000019089,ok,
zh_line_06,zh_tra,single_line,7,2.733333333333,bin_floor,2.0,2.0,2,canonical/zh_line_06/r_2p733333.png,2d22ab37b86c5933399328703aad2214f6712cffeace634f7d4e5ec880babf03,resized/bin_floor/zh_line_06/r_2p733333.png,950444f586878bddecda006f9018850ab3b89d138dee62ae09978c19a21fb377,/home/karan/ocr_study/fonts/microsoft-jhenghei.ttf,0,48,16,43.733333333328,43,-0.7333333333279981,22,False,日月盈昃辰宿列張,"日月盈晨辰宿列張
",日月盈昃辰宿列張,日月盈晨辰宿列張,1,8,0.125,0.1002363890002016,ok,
zh_line_06,zh_tra,single_line,7,2.733333333333,bin_ceil,3.0,3.0,3,canonical/zh_line_06/r_2p733333.png,2d22ab37b86c5933399328703aad2214f6712cffeace634f7d4e5ec880babf03,resized/bin_ceil/zh_line_06/r_2p733333.png,7d001403e801216a60cf1a4554a3798671ee16a020c0ebed765d118c2d414c80,/home/karan/ocr_study/fonts/microsoft-jhenghei.ttf,0,48,16,43.733333333328,43,-0.7333333333279981,15,False,日月盈昃辰宿列張,"日月盈晨辰宿列張
",日月盈昃辰宿列張,日月盈晨辰宿列張,1,8,0.125,0.09437941000032879,ok,
zh_line_06,zh_tra,single_line,7,2.733333333333,opencv_bilinear,2.739884393063584,2.739884393063584,,canonical/zh_line_06/r_2p733333.png,2d22ab37b86c5933399328703aad2214f6712cffeace634f7d4e5ec880babf03,resized/opencv_bilinear/zh_line_06/r_2p733333.png,7005cff8d70b8945154570f7622c5e1a05fe4dd94a1932b50cd5c8a411f112e7,/home/karan/ocr_study/fonts/microsoft-jhenghei.ttf,0,48,16,43.733333333328,43,-0.7333333333279981,16,False,日月盈昃辰宿列張,"日月盈蚌辰宿列張
",日月盈昃辰宿列張,日月盈蚌辰宿列張,1,8,0.125,0.09498544899997796,ok,
zh_line_06,zh_tra,single_line,7,2.733333333333,lanczos2_7tap_16phase,2.739884393063584,2.739884393063584,,canonical/zh_line_06/r_2p733333.png,2d22ab37b86c5933399328703aad2214f6712cffeace634f7d4e5ec880babf03,resized/lanczos2_7tap_16phase/zh_line_06/r_2p733333.png,516e5588ef812c80928dedc6b1dc6add4d22e90c3ae9711ffa9aa5506d3ad335,/home/karan/ocr_study/fonts/microsoft-jhenghei.ttf,0,48,16,43.733333333328,43,-0.7333333333279981,17,False,日月盈昃辰宿列張,"日月盈晨辰宿列張
",日月盈昃辰宿列張,日月盈晨辰宿列張,1,8,0.125,0.0948048589998507,ok,
zh_line_06,zh_tra,single_line,7,2.733333333333,lanczos3_7tap_16phase,2.739884393063584,2.739884393063584,,canonical/zh_line_06/r_2p733333.png,2d22ab37b86c5933399328703aad2214f6712cffeace634f7d4e5ec880babf03,resized/lanczos3_7tap_16phase/zh_line_06/r_2p733333.png,4018ff4345368d63e09cef452584b74e5a50fab32c9b2200e9a51e225a1c73f6,/home/karan/ocr_study/fonts/microsoft-jhenghei.ttf,0,48,16,43.733333333328,43,-0.7333333333279981,17,False,日月盈昃辰宿列張,"日月盈晨辰宿列張
",日月盈昃辰宿列張,日月盈晨辰宿列張,1,8,0.125,0.09830254900043656,ok,
zh_line_06,zh_tra,single_line,7,2.866666666667,bin_floor,2.0,2.0,2,canonical/zh_line_06/r_2p866667.png,262417b047daa4097714bfcba36d92c67744f5c22174a46d24e4d60a627117ba,resized/bin_floor/zh_line_06/r_2p866667.png,f8d04e56bad88922cb2d93f499cdfc55416d1fe3c68221ab337770d73b6abfea,/home/karan/ocr_study/fonts/microsoft-jhenghei.ttf,0,52,16,45.866666666672,46,0.13333333332799668,23,False,日月盈昃辰宿列張,"日月盈晨辰宿列張
",日月盈昃辰宿列張,日月盈晨辰宿列張,1,8,0.125,0.09531630400033464,ok,
zh_line_06,zh_tra,single_line,7,2.866666666667,bin_ceil,3.0,3.0,3,canonical/zh_line_06/r_2p866667.png,262417b047daa4097714bfcba36d92c67744f5c22174a46d24e4d60a627117ba,resized/bin_ceil/zh_line_06/r_2p866667.png,985f7922fef6b7004f9a5f3fb1e9e758ea2bccd85b836ee2d6c9542b4a25e624,/home/karan/ocr_study/fonts/microsoft-jhenghei.ttf,0,52,16,45.866666666672,46,0.13333333332799668,16,False,日月盈昃辰宿列張,"日月盈晨辰宿列張
",日月盈昃辰宿列張,日月盈晨辰宿列張,1,8,0.125,0.09655111600022792,ok,
zh_line_06,zh_tra,single_line,7,2.866666666667,opencv_bilinear,2.865168539325843,2.865168539325843,,canonical/zh_line_06/r_2p866667.png,262417b047daa4097714bfcba36d92c67744f5c22174a46d24e4d60a627117ba,resized/opencv_bilinear/zh_line_06/r_2p866667.png,74d33339a1ac1eed6b1e99aac6d0c7dd1f344710f8970ce02b8ca65e6ed65a19,/home/karan/ocr_study/fonts/microsoft-jhenghei.ttf,0,52,16,45.866666666672,46,0.13333333332799668,16,False,日月盈昃辰宿列張,"日月盈晨辰宿列張
",日月盈昃辰宿列張,日月盈晨辰宿列張,1,8,0.125,0.09914007599945762,ok,
zh_line_06,zh_tra,single_line,7,2.866666666667,lanczos2_7tap_16phase,2.865168539325843,2.865168539325843,,canonical/zh_line_06/r_2p866667.png,262417b047daa4097714bfcba36d92c67744f5c22174a46d24e4d60a627117ba,resized/lanczos2_7tap_16phase/zh_line_06/r_2p866667.png,fe02cbe5e3ff30e4c0472d1ddea745153bf1ba0f119f87d892c19f20917f8b5a,/home/karan/ocr_study/fonts/microsoft-jhenghei.ttf,0,52,16,45.866666666672,46,0.13333333332799668,16,False,日月盈昃辰宿列張,"日月盈星辰宿列張
",日月盈昃辰宿列張,日月盈星辰宿列張,1,8,0.125,0.09368617699965398,ok,
zh_line_06,zh_tra,single_line,7,2.866666666667,lanczos3_7tap_16phase,2.865168539325843,2.865168539325843,,canonical/zh_line_06/r_2p866667.png,262417b047daa4097714bfcba36d92c67744f5c22174a46d24e4d60a627117ba,resized/lanczos3_7tap_16phase/zh_line_06/r_2p866667.png,95e696799dafdef357459141e109a4262bf364cf0770773d849d91b64cc5dc26,/home/karan/ocr_study/fonts/microsoft-jhenghei.ttf,0,52,16,45.866666666672,46,0.13333333332799668,18,True,日月盈昃辰宿列張,"日月盈星辰宿列張
",日月盈昃辰宿列張,日月盈星辰宿列張,1,8,0.125,0.09647173799930897,ok,
zh_line_06,zh_tra,single_line,7,3.0,bin_floor,3.0,3.0,3,canonical/zh_line_06/r_3p000000.png,a63ced4111e2911792ed2ae3e908208934b59dc81bd9fda64cbf2821f7fa7290,resized/bin_floor/zh_line_06/r_3p000000.png,10303218f80002a1b8bf5daf5e10f3c1db8bee3fa29179d38e514cb4c43ddf1c,/home/karan/ocr_study/fonts/microsoft-jhenghei.ttf,0,53,16,48.0,48,0.0,16,False,日月盈昃辰宿列張,"日月盈蚌辰宿列張
",日月盈昃辰宿列張,日月盈蚌辰宿列張,1,8,0.125,0.0990513100005046,ok,
zh_line_06,zh_tra,single_line,7,3.0,bin_ceil,3.0,3.0,3,canonical/zh_line_06/r_3p000000.png,a63ced4111e2911792ed2ae3e908208934b59dc81bd9fda64cbf2821f7fa7290,resized/bin_ceil/zh_line_06/r_3p000000.png,10303218f80002a1b8bf5daf5e10f3c1db8bee3fa29179d38e514cb4c43ddf1c,/home/karan/ocr_study/fonts/microsoft-jhenghei.ttf,0,53,16,48.0,48,0.0,16,False,日月盈昃辰宿列張,"日月盈蚌辰宿列張
",日月盈昃辰宿列張,日月盈蚌辰宿列張,1,8,0.125,0.09749544199985394,ok,
zh_line_06,zh_tra,single_line,7,3.0,opencv_bilinear,3.0,3.0,,canonical/zh_line_06/r_3p000000.png,a63ced4111e2911792ed2ae3e908208934b59dc81bd9fda64cbf2821f7fa7290,resized/opencv_bilinear/zh_line_06/r_3p000000.png,ace31150643540fa97039247c2eb1e4be2332c52a9ac0c6629988f3e270c0534,/home/karan/ocr_study/fonts/microsoft-jhenghei.ttf,0,53,16,48.0,48,0.0,16,False,日月盈昃辰宿列張,"日月盈覓龐宿列張
",日月盈昃辰宿列張,日月盈覓龐宿列張,2,8,0.25,0.10059329300020181,ok,
zh_line_06,zh_tra,single_line,7,3.0,lanczos2_7tap_16phase,3.0,3.0,,canonical/zh_line_06/r_3p000000.png,a63ced4111e2911792ed2ae3e908208934b59dc81bd9fda64cbf2821f7fa7290,resized/lanczos2_7tap_16phase/zh_line_06/r_3p000000.png,9622f7952f0a2ca4ee209ee24105024ece4a81865091c517eb660b8f14dcace7,/home/karan/ocr_study/fonts/microsoft-jhenghei.ttf,0,53,16,48.0,48,0.0,16,False,日月盈昃辰宿列張,"日月盈還辰宿列張
",日月盈昃辰宿列張,日月盈還辰宿列張,1,8,0.125,0.09568225200018787,ok,
zh_line_06,zh_tra,single_line,7,3.0,lanczos3_7tap_16phase,3.0,3.0,,canonical/zh_line_06/r_3p000000.png,a63ced4111e2911792ed2ae3e908208934b59dc81bd9fda64cbf2821f7fa7290,resized/lanczos3_7tap_16phase/zh_line_06/r_3p000000.png,a1a252b7bed41a3843bb288bf8f5c62646e003647ba70b6c0fd7bbc78fd49234,/home/karan/ocr_study/fonts/microsoft-jhenghei.ttf,0,53,16,48.0,48,0.0,18,True,日月盈昃辰宿列張,"日月盈蚌辰宿列張
",日月盈昃辰宿列張,日月盈蚌辰宿列張,1,8,0.125,0.09812404199965385,ok,
zh_line_07,zh_tra,single_line,7,1.0,bin_floor,1.0,1.0,1,canonical/zh_line_07/r_1p000000.png,4b2084285ae9a01c96044dd275b9d1179bd14ee842a46a7fc29725bfd0a7b977,resized/bin_floor/zh_line_07/r_1p000000.png,4b2084285ae9a01c96044dd275b9d1179bd14ee842a46a7fc29725bfd0a7b977,/home/karan/ocr_study/fonts/microsoft-jhenghei.ttf,0,17,16,16.0,16,0.0,16,False,昔我往矣楊柳依依,"昔我往矣楊柳依依
",昔我往矣楊柳依依,昔我往矣楊柳依依,0,8,0.0,0.09549656300077913,ok,
zh_line_07,zh_tra,single_line,7,1.0,bin_ceil,1.0,1.0,1,canonical/zh_line_07/r_1p000000.png,4b2084285ae9a01c96044dd275b9d1179bd14ee842a46a7fc29725bfd0a7b977,resized/bin_ceil/zh_line_07/r_1p000000.png,4b2084285ae9a01c96044dd275b9d1179bd14ee842a46a7fc29725bfd0a7b977,/home/karan/ocr_study/fonts/microsoft-jhenghei.ttf,0,17,16,16.0,16,0.0,16,False,昔我往矣楊柳依依,"昔我往矣楊柳依依
",昔我往矣楊柳依依,昔我往矣楊柳依依,0,8,0.0,0.09583532400029071,ok,
zh_line_07,zh_tra,single_line,7,1.0,opencv_bilinear,1.0,1.0,,canonical/zh_line_07/r_1p000000.png,4b2084285ae9a01c96044dd275b9d1179bd14ee842a46a7fc29725bfd0a7b977,resized/opencv_bilinear/zh_line_07/r_1p000000.png,4b2084285ae9a01c96044dd275b9d1179bd14ee842a46a7fc29725bfd0a7b977,/home/karan/ocr_study/fonts/microsoft-jhenghei.ttf,0,17,16,16.0,16,0.0,16,False,昔我往矣楊柳依依,"昔我往矣楊柳依依
",昔我往矣楊柳依依,昔我往矣楊柳依依,0,8,0.0,0.0956841990000612,ok,
zh_line_07,zh_tra,single_line,7,1.0,lanczos2_7tap_16phase,1.0,1.0,,canonical/zh_line_07/r_1p000000.png,4b2084285ae9a01c96044dd275b9d1179bd14ee842a46a7fc29725bfd0a7b977,resized/lanczos2_7tap_16phase/zh_line_07/r_1p000000.png,4b2084285ae9a01c96044dd275b9d1179bd14ee842a46a7fc29725bfd0a7b977,/home/karan/ocr_study/fonts/microsoft-jhenghei.ttf,0,17,16,16.0,16,0.0,16,False,昔我往矣楊柳依依,"昔我往矣楊柳依依
",昔我往矣楊柳依依,昔我往矣楊柳依依,0,8,0.0,0.10015510999983235,ok,
zh_line_07,zh_tra,single_line,7,1.0,lanczos3_7tap_16phase,1.0,1.0,,canonical/zh_line_07/r_1p000000.png,4b2084285ae9a01c96044dd275b9d1179bd14ee842a46a7fc29725bfd0a7b977,resized/lanczos3_7tap_16phase/zh_line_07/r_1p000000.png,4b2084285ae9a01c96044dd275b9d1179bd14ee842a46a7fc29725bfd0a7b977,/home/karan/ocr_study/fonts/microsoft-jhenghei.ttf,0,17,16,16.0,16,0.0,16,False,昔我往矣楊柳依依,"昔我往矣楊柳依依
",昔我往矣楊柳依依,昔我往矣楊柳依依,0,8,0.0,0.09280570800001442,ok,
zh_line_07,zh_tra,single_line,7,1.133333333333,bin_floor,1.0,1.0,1,canonical/zh_line_07/r_1p133333.png,450e57fff38a154fb0d7a20fb25b6e31b9cd530958deb8695d7cf2dc662b471e,resized/bin_floor/zh_line_07/r_1p133333.png,450e57fff38a154fb0d7a20fb25b6e31b9cd530958deb8695d7cf2dc662b471e,/home/karan/ocr_study/fonts/microsoft-jhenghei.ttf,0,20,16,18.133333333328,18,-0.13333333332800024,18,False,昔我往矣楊柳依依,"昔我往疾楊柳依依
",昔我往矣楊柳依依,昔我往疾楊柳依依,1,8,0.125,0.10055116300009104,ok,
zh_line_07,zh_tra,single_line,7,1.133333333333,bin_ceil,2.0,2.0,2,canonical/zh_line_07/r_1p133333.png,450e57fff38a154fb0d7a20fb25b6e31b9cd530958deb8695d7cf2dc662b471e,resized/bin_ceil/zh_line_07/r_1p133333.png,f353c286250c359cccf7f1901eacd460d9e8e2f9c754b7c1ba0d26c494081acd,/home/karan/ocr_study/fonts/microsoft-jhenghei.ttf,0,20,16,18.133333333328,18,-0.13333333332800024,9,False,昔我往矣楊柳依依,"章我往盯榔樣信依
",昔我往矣楊柳依依,章我往盯榔樣信依,5,8,0.625,0.09773117500026274,ok,
zh_line_07,zh_tra,single_line,7,1.133333333333,opencv_bilinear,1.1314285714285715,1.1314285714285715,,canonical/zh_line_07/r_1p133333.png,450e57fff38a154fb0d7a20fb25b6e31b9cd530958deb8695d7cf2dc662b471e,resized/opencv_bilinear/zh_line_07/r_1p133333.png,0c03347c7f1694f02456f842bfb71f4c29bb452e8e8585934dbb0005984688b1,/home/karan/ocr_study/fonts/microsoft-jhenghei.ttf,0,20,16,18.133333333328,18,-0.13333333332800024,17,False,昔我往矣楊柳依依,"昔我往矣楊柳依依
",昔我往矣楊柳依依,昔我往矣楊柳依依,0,8,0.0,0.09666804800053796,ok,
zh_line_07,zh_tra,single_line,7,1.133333333333,lanczos2_7tap_16phase,1.1314285714285715,1.1314285714285715,,canonical/zh_line_07/r_1p133333.png,450e57fff38a154fb0d7a20fb25b6e31b9cd530958deb8695d7cf2dc662b471e,resized/lanczos2_7tap_16phase/zh_line_07/r_1p133333.png,bebaf37b9b1a69d4d0ae0b1bf8749e371ff31fcacf0d445c2b0eca84f7b02025,/home/karan/ocr_study/fonts/microsoft-jhenghei.ttf,0,20,16,18.133333333328,18,-0.13333333332800024,17,False,昔我往矣楊柳依依,"昔我往矣楊柳依依
",昔我往矣楊柳依依,昔我往矣楊柳依依,0,8,0.0,0.10067922899997939,ok,
zh_line_07,zh_tra,single_line,7,1.133333333333,lanczos3_7tap_16phase,1.1314285714285715,1.1314285714285715,,canonical/zh_line_07/r_1p133333.png,450e57fff38a154fb0d7a20fb25b6e31b9cd530958deb8695d7cf2dc662b471e,resized/lanczos3_7tap_16phase/zh_line_07/r_1p133333.png,bc253975ff0ebb3019e5667f18bcd080f77dd709632f8e984e5e49f299737050,/home/karan/ocr_study/fonts/microsoft-jhenghei.ttf,0,20,16,18.133333333328,18,-0.13333333332800024,17,False,昔我往矣楊柳依依,"昔我往矣楊柳依依
",昔我往矣楊柳依依,昔我往矣楊柳依依,0,8,0.0,0.09612319100051536,ok,
zh_line_07,zh_tra,single_line,7,1.266666666667,bin_floor,1.0,1.0,1,canonical/zh_line_07/r_1p266667.png,8ba3aea28bf829da1d5ee55d3594ef501c6defcf6bc9ae164166b3541bd480d3,resized/bin_floor/zh_line_07/r_1p266667.png,8ba3aea28bf829da1d5ee55d3594ef501c6defcf6bc9ae164166b3541bd480d3,/home/karan/ocr_study/fonts/microsoft-jhenghei.ttf,0,22,16,20.266666666672,20,-0.26666666667199834,20,False,昔我往矣楊柳依依,"昔我往矣楊柳依依
",昔我往矣楊柳依依,昔我往矣楊柳依依,0,8,0.0,0.09982232000038493,ok,
zh_line_07,zh_tra,single_line,7,1.266666666667,bin_ceil,2.0,2.0,2,canonical/zh_line_07/r_1p266667.png,8ba3aea28bf829da1d5ee55d3594ef501c6defcf6bc9ae164166b3541bd480d3,resized/bin_ceil/zh_line_07/r_1p266667.png,b280c7ffd85b9de98f5044ab315d158f80c138fdf312c7c842256acbee5b1238,/home/karan/ocr_study/fonts/microsoft-jhenghei.ttf,0,22,16,20.266666666672,20,-0.26666666667199834,10,False,昔我往矣楊柳依依,"昔我往灶相欄依依
",昔我往矣楊柳依依,昔我往灶相欄依依,3,8,0.375,0.09202040200034389,ok,
zh_line_07,zh_tra,single_line,7,1.266666666667,opencv_bilinear,1.263157894736842,1.263157894736842,,canonical/zh_line_07/r_1p266667.png,8ba3aea28bf829da1d5ee55d3594ef501c6defcf6bc9ae164166b3541bd480d3,resized/opencv_bilinear/zh_line_07/r_1p266667.png,49e86b9e5e85701b93b0898f85154bb7c4441a0094d640746e4edd7039ac41b5,/home/karan/ocr_study/fonts/microsoft-jhenghei.ttf,0,22,16,20.266666666672,20,-0.26666666667199834,17,False,昔我往矣楊柳依依,"昔我往矣楊柳依依
",昔我往矣楊柳依依,昔我往矣楊柳依依,0,8,0.0,0.09755214500000875,ok,
zh_line_07,zh_tra,single_line,7,1.266666666667,lanczos2_7tap_16phase,1.263157894736842,1.263157894736842,,canonical/zh_line_07/r_1p266667.png,8ba3aea28bf829da1d5ee55d3594ef501c6defcf6bc9ae164166b3541bd480d3,resized/lanczos2_7tap_16phase/zh_line_07/r_1p266667.png,e46b9c350d063c3034bfe16167ef8729964a9ac6b7214d6c5192a23b2f94bf3f,/home/karan/ocr_study/fonts/microsoft-jhenghei.ttf,0,22,16,20.266666666672,20,-0.26666666667199834,17,False,昔我往矣楊柳依依,"昔我往矣楊柳依依
",昔我往矣楊柳依依,昔我往矣楊柳依依,0,8,0.0,0.09655310600010125,ok,
zh_line_07,zh_tra,single_line,7,1.266666666667,lanczos3_7tap_16phase,1.263157894736842,1.263157894736842,,canonical/zh_line_07/r_1p266667.png,8ba3aea28bf829da1d5ee55d3594ef501c6defcf6bc9ae164166b3541bd480d3,resized/lanczos3_7tap_16phase/zh_line_07/r_1p266667.png,d989581b4922b773a150142fcaa2c646eed93cb3168d41ba413df87fce263c70,/home/karan/ocr_study/fonts/microsoft-jhenghei.ttf,0,22,16,20.266666666672,20,-0.26666666667199834,17,False,昔我往矣楊柳依依,"昔我往矣楊柳依依
",昔我往矣楊柳依依,昔我往矣楊柳依依,0,8,0.0,0.09948806000011245,ok,
zh_line_07,zh_tra,single_line,7,1.4,bin_floor,1.0,1.0,1,canonical/zh_line_07/r_1p400000.png,a77f4d37c25a1a9731e023afdf46f2bbe773e6212b1a11c7ec99c3ef5b449671,resized/bin_floor/zh_line_07/r_1p400000.png,a77f4d37c25a1a9731e023afdf46f2bbe773e6212b1a11c7ec99c3ef5b449671,/home/karan/ocr_study/fonts/microsoft-jhenghei.ttf,0,24,16,22.4,22,-0.3999999999999986,22,False,昔我往矣楊柳依依,"昔我往矣楊柳依依
",昔我往矣楊柳依依,昔我往矣楊柳依依,0,8,0.0,0.09663576599996304,ok,
zh_line_07,zh_tra,single_line,7,1.4,bin_ceil,2.0,2.0,2,canonical/zh_line_07/r_1p400000.png,a77f4d37c25a1a9731e023afdf46f2bbe773e6212b1a11c7ec99c3ef5b449671,resized/bin_ceil/zh_line_07/r_1p400000.png,750f06ce239a06f103db9970bf629ab038aeb2b906d3735a668c8c08587bf5e5,/home/karan/ocr_study/fonts/microsoft-jhenghei.ttf,0,24,16,22.4,22,-0.3999999999999986,12,False,昔我往矣楊柳依依,"音我往矣榻柳依依
",昔我往矣楊柳依依,音我往矣榻柳依依,2,8,0.25,0.09247994699944684,ok,
zh_line_07,zh_tra,single_line,7,1.4,opencv_bilinear,1.4035087719298245,1.4035087719298245,,canonical/zh_line_07/r_1p400000.png,a77f4d37c25a1a9731e023afdf46f2bbe773e6212b1a11c7ec99c3ef5b449671,resized/opencv_bilinear/zh_line_07/r_1p400000.png,313a6d4c1d5a3ee76b4386f30ca5a930e57d26c699664dae93f6428a599beb50,/home/karan/ocr_study/fonts/microsoft-jhenghei.ttf,0,24,16,22.4,22,-0.3999999999999986,17,False,昔我往矣楊柳依依,"昔我往矣楊柳依依
",昔我往矣楊柳依依,昔我往矣楊柳依依,0,8,0.0,0.095165714000359,ok,
zh_line_07,zh_tra,single_line,7,1.4,lanczos2_7tap_16phase,1.4035087719298245,1.4035087719298245,,canonical/zh_line_07/r_1p400000.png,a77f4d37c25a1a9731e023afdf46f2bbe773e6212b1a11c7ec99c3ef5b449671,resized/lanczos2_7tap_16phase/zh_line_07/r_1p400000.png,95f239939e98059c2d0d05c4d4b0537a91aa21624214de47ca36fccbabe6f8bc,/home/karan/ocr_study/fonts/microsoft-jhenghei.ttf,0,24,16,22.4,22,-0.3999999999999986,17,False,昔我往矣楊柳依依,"昔我往矣楊柳依依
",昔我往矣楊柳依依,昔我往矣楊柳依依,0,8,0.0,0.09885616000065056,ok,
zh_line_07,zh_tra,single_line,7,1.4,lanczos3_7tap_16phase,1.4035087719298245,1.4035087719298245,,canonical/zh_line_07/r_1p400000.png,a77f4d37c25a1a9731e023afdf46f2bbe773e6212b1a11c7ec99c3ef5b449671,resized/lanczos3_7tap_16phase/zh_line_07/r_1p400000.png,9f7131d36191eea80e0679b6e26153ee48d3c99b0ab9409d43e6f8e31caf2e59,/home/karan/ocr_study/fonts/microsoft-jhenghei.ttf,0,24,16,22.4,22,-0.3999999999999986,17,False,昔我往矣楊柳依依,"昔我往矣楊柳依依
",昔我往矣楊柳依依,昔我往矣楊柳依依,0,8,0.0,0.09948449899911793,ok,
zh_line_07,zh_tra,single_line,7,1.533333333333,bin_floor,1.0,1.0,1,canonical/zh_line_07/r_1p533333.png,8a28d6cc22d0d2f5f5b09b68be5cbcae4872037355e099cfa7bee229d30d4765,resized/bin_floor/zh_line_07/r_1p533333.png,8a28d6cc22d0d2f5f5b09b68be5cbcae4872037355e099cfa7bee229d30d4765,/home/karan/ocr_study/fonts/microsoft-jhenghei.ttf,0,27,16,24.533333333328,25,0.4666666666720012,25,False,昔我往矣楊柳依依,"昔我往矣楊柳依依
",昔我往矣楊柳依依,昔我往矣楊柳依依,0,8,0.0,0.09622313999989274,ok,
zh_line_07,zh_tra,single_line,7,1.533333333333,bin_ceil,2.0,2.0,2,canonical/zh_line_07/r_1p533333.png,8a28d6cc22d0d2f5f5b09b68be5cbcae4872037355e099cfa7bee229d30d4765,resized/bin_ceil/zh_line_07/r_1p533333.png,d24de77e8f6ec7fd1fb91afd7dec2193d9c55893a12ac5982ec3ab2039b9f255,/home/karan/ocr_study/fonts/microsoft-jhenghei.ttf,0,27,16,24.533333333328,25,0.4666666666720012,13,False,昔我往矣楊柳依依,"昔我往矣楊柳依依
",昔我往矣楊柳依依,昔我往矣楊柳依依,0,8,0.0,0.09897554599956493,ok,
zh_line_07,zh_tra,single_line,7,1.533333333333,opencv_bilinear,1.5340909090909092,1.5340909090909092,,canonical/zh_line_07/r_1p533333.png,8a28d6cc22d0d2f5f5b09b68be5cbcae4872037355e099cfa7bee229d30d4765,resized/opencv_bilinear/zh_line_07/r_1p533333.png,41cbb356fa914747b30b6f9992b38205883693c6c3f8fa9553014856cb27baf8,/home/karan/ocr_study/fonts/microsoft-jhenghei.ttf,0,27,16,24.533333333328,25,0.4666666666720012,17,False,昔我往矣楊柳依依,"昔我往導楊柳依依
",昔我往矣楊柳依依,昔我往導楊柳依依,1,8,0.125,0.10004452100019989,ok,
zh_line_07,zh_tra,single_line,7,1.533333333333,lanczos2_7tap_16phase,1.5340909090909092,1.5340909090909092,,canonical/zh_line_07/r_1p533333.png,8a28d6cc22d0d2f5f5b09b68be5cbcae4872037355e099cfa7bee229d30d4765,resized/lanczos2_7tap_16phase/zh_line_07/r_1p533333.png,adbcf740342fa0cda4e807f2773205b139f350a3a18118ebf7b36057cc7791be,/home/karan/ocr_study/fonts/microsoft-jhenghei.ttf,0,27,16,24.533333333328,25,0.4666666666720012,17,False,昔我往矣楊柳依依,"昔我往矣楊柳依依
",昔我往矣楊柳依依,昔我往矣楊柳依依,0,8,0.0,0.0983716809996622,ok,
zh_line_07,zh_tra,single_line,7,1.533333333333,lanczos3_7tap_16phase,1.5340909090909092,1.5340909090909092,,canonical/zh_line_07/r_1p533333.png,8a28d6cc22d0d2f5f5b09b68be5cbcae4872037355e099cfa7bee229d30d4765,resized/lanczos3_7tap_16phase/zh_line_07/r_1p533333.png,d134452861bc21540e1a3c329abe7c04414b356ae03c39ae4bf8e9407c283ca8,/home/karan/ocr_study/fonts/microsoft-jhenghei.ttf,0,27,16,24.533333333328,25,0.4666666666720012,17,False,昔我往矣楊柳依依,"昔我往矣楊柳依依
",昔我往矣楊柳依依,昔我往矣楊柳依依,0,8,0.0,0.09858114700000442,ok,
zh_line_07,zh_tra,single_line,7,1.666666666667,bin_floor,1.0,1.0,1,canonical/zh_line_07/r_1p666667.png,fda2e59a19af2ab8430e4c31b16e3c3c6d8bc09409205862edc457bd3bf4eba4,resized/bin_floor/zh_line_07/r_1p666667.png,fda2e59a19af2ab8430e4c31b16e3c3c6d8bc09409205862edc457bd3bf4eba4,/home/karan/ocr_study/fonts/microsoft-jhenghei.ttf,0,30,16,26.666666666672,27,0.3333333333279995,27,False,昔我往矣楊柳依依,"昔我往矣楊柳依依
",昔我往矣楊柳依依,昔我往矣楊柳依依,0,8,0.0,0.1026503920002142,ok,
zh_line_07,zh_tra,single_line,7,1.666666666667,bin_ceil,2.0,2.0,2,canonical/zh_line_07/r_1p666667.png,fda2e59a19af2ab8430e4c31b16e3c3c6d8bc09409205862edc457bd3bf4eba4,resized/bin_ceil/zh_line_07/r_1p666667.png,95ed61ac6a0ac5977d7bd68510503d81a04508ecb30c9d23aa15077c4c4024af,/home/karan/ocr_study/fonts/microsoft-jhenghei.ttf,0,30,16,26.666666666672,27,0.3333333333279995,14,False,昔我往矣楊柳依依,"昔我往疾楊柳依依
",昔我往矣楊柳依依,昔我往疾楊柳依依,1,8,0.125,0.09382768700015731,ok,
zh_line_07,zh_tra,single_line,7,1.666666666667,opencv_bilinear,1.6704545454545454,1.6704545454545454,,canonical/zh_line_07/r_1p666667.png,fda2e59a19af2ab8430e4c31b16e3c3c6d8bc09409205862edc457bd3bf4eba4,resized/opencv_bilinear/zh_line_07/r_1p666667.png,635586bac2be13d4f72d2ff0d0c2d638f1b1c86e5d87a24005b346e6f0735c76,/home/karan/ocr_study/fonts/microsoft-jhenghei.ttf,0,30,16,26.666666666672,27,0.3333333333279995,17,False,昔我往矣楊柳依依,"昔我往矣楊柳依依
",昔我往矣楊柳依依,昔我往矣楊柳依依,0,8,0.0,0.09914229300011357,ok,
zh_line_07,zh_tra,single_line,7,1.666666666667,lanczos2_7tap_16phase,1.6704545454545454,1.6704545454545454,,canonical/zh_line_07/r_1p666667.png,fda2e59a19af2ab8430e4c31b16e3c3c6d8bc09409205862edc457bd3bf4eba4,resized/lanczos2_7tap_16phase/zh_line_07/r_1p666667.png,865163098c6efd25f8a378ada7a9492bc5a2994fa4e19dace82f5591cfd340c2,/home/karan/ocr_study/fonts/microsoft-jhenghei.ttf,0,30,16,26.666666666672,27,0.3333333333279995,17,False,昔我往矣楊柳依依,"昔我往矣楊柳依依
",昔我往矣楊柳依依,昔我往矣楊柳依依,0,8,0.0,0.09884797899940168,ok,
zh_line_07,zh_tra,single_line,7,1.666666666667,lanczos3_7tap_16phase,1.6704545454545454,1.6704545454545454,,canonical/zh_line_07/r_1p666667.png,fda2e59a19af2ab8430e4c31b16e3c3c6d8bc09409205862edc457bd3bf4eba4,resized/lanczos3_7tap_16phase/zh_line_07/r_1p666667.png,4a01d8f5a0f7a6257e920c179d94e11850d9122f1dc4ce4ed796649352c69d80,/home/karan/ocr_study/fonts/microsoft-jhenghei.ttf,0,30,16,26.666666666672,27,0.3333333333279995,17,False,昔我往矣楊柳依依,"昔我往矣楊柳依依
",昔我往矣楊柳依依,昔我往矣楊柳依依,0,8,0.0,0.09936145400024543,ok,
zh_line_07,zh_tra,single_line,7,1.8,bin_floor,1.0,1.0,1,canonical/zh_line_07/r_1p800000.png,df38211d3b19031f95625b094c4ca239738b6ac490a1c87c9582397e0998b412,resized/bin_floor/zh_line_07/r_1p800000.png,df38211d3b19031f95625b094c4ca239738b6ac490a1c87c9582397e0998b412,/home/karan/ocr_study/fonts/microsoft-jhenghei.ttf,0,32,16,28.8,29,0.1999999999999993,29,False,昔我往矣楊柳依依,"昔我往矣楊柳依依
",昔我往矣楊柳依依,昔我往矣楊柳依依,0,8,0.0,0.09783071000038035,ok,
zh_line_07,zh_tra,single_line,7,1.8,bin_ceil,2.0,2.0,2,canonical/zh_line_07/r_1p800000.png,df38211d3b19031f95625b094c4ca239738b6ac490a1c87c9582397e0998b412,resized/bin_ceil/zh_line_07/r_1p800000.png,3857220f2e65b698d31b09d2bcee4984a245d791e64fb01f95642bd99497df25,/home/karan/ocr_study/fonts/microsoft-jhenghei.ttf,0,32,16,28.8,29,0.1999999999999993,15,False,昔我往矣楊柳依依,"昔我往矣楊柳依依
",昔我往矣楊柳依依,昔我往矣楊柳依依,0,8,0.0,0.10009167899988825,ok,
zh_line_07,zh_tra,single_line,7,1.8,opencv_bilinear,1.7966101694915255,1.7966101694915255,,canonical/zh_line_07/r_1p800000.png,df38211d3b19031f95625b094c4ca239738b6ac490a1c87c9582397e0998b412,resized/opencv_bilinear/zh_line_07/r_1p800000.png,53f4b186812ca1f8dc63cef2ba621568a26a5ec880fd6f3742a8088f9c07e3e7,/home/karan/ocr_study/fonts/microsoft-jhenghei.ttf,0,32,16,28.8,29,0.1999999999999993,17,False,昔我往矣楊柳依依,"昔我往矣楊柳依依
",昔我往矣楊柳依依,昔我往矣楊柳依依,0,8,0.0,0.09564433300056407,ok,
zh_line_07,zh_tra,single_line,7,1.8,lanczos2_7tap_16phase,1.7966101694915255,1.7966101694915255,,canonical/zh_line_07/r_1p800000.png,df38211d3b19031f95625b094c4ca239738b6ac490a1c87c9582397e0998b412,resized/lanczos2_7tap_16phase/zh_line_07/r_1p800000.png,e957bc1413c3efb065ddaeda3af52a0e05460daa4b36dd604da2d400becabf88,/home/karan/ocr_study/fonts/microsoft-jhenghei.ttf,0,32,16,28.8,29,0.1999999999999993,17,False,昔我往矣楊柳依依,"昔我往矣楊柳依依
",昔我往矣楊柳依依,昔我往矣楊柳依依,0,8,0.0,0.09962744200038287,ok,
zh_line_07,zh_tra,single_line,7,1.8,lanczos3_7tap_16phase,1.7966101694915255,1.7966101694915255,,canonical/zh_line_07/r_1p800000.png,df38211d3b19031f95625b094c4ca239738b6ac490a1c87c9582397e0998b412,resized/lanczos3_7tap_16phase/zh_line_07/r_1p800000.png,ea77d40c11834ffc8d27926a5f5bdd0e650966284b94b6d2d6a42be6beb8fb5b,/home/karan/ocr_study/fonts/microsoft-jhenghei.ttf,0,32,16,28.8,29,0.1999999999999993,17,False,昔我往矣楊柳依依,"昔我往矣楊柳依依
",昔我往矣楊柳依依,昔我往矣楊柳依依,0,8,0.0,0.09841157899973041,ok,
zh_line_07,zh_tra,single_line,7,1.933333333333,bin_floor,1.0,1.0,1,canonical/zh_line_07/r_1p933333.png,9d42d6620be84476b1889d02acabb0c62855a87b4ceba26c06c25472cbfff73d,resized/bin_floor/zh_line_07/r_1p933333.png,9d42d6620be84476b1889d02acabb0c62855a87b4ceba26c06c25472cbfff73d,/home/karan/ocr_study/fonts/microsoft-jhenghei.ttf,0,35,16,30.933333333328,31,0.06666666667199905,31,False,昔我往矣楊柳依依,"昔我往矣楊柳依依
",昔我往矣楊柳依依,昔我往矣楊柳依依,0,8,0.0,0.09804754099968704,ok,
zh_line_07,zh_tra,single_line,7,1.933333333333,bin_ceil,2.0,2.0,2,canonical/zh_line_07/r_1p933333.png,9d42d6620be84476b1889d02acabb0c62855a87b4ceba26c06c25472cbfff73d,resized/bin_ceil/zh_line_07/r_1p933333.png,464391d4dc247d3f0bd08d1fdf3db21fe021466b1d82b3a9f214a732361d62cd,/home/karan/ocr_study/fonts/microsoft-jhenghei.ttf,0,35,16,30.933333333328,31,0.06666666667199905,16,False,昔我往矣楊柳依依,"昔我往矣楊柳依依
",昔我往矣楊柳依依,昔我往矣楊柳依依,0,8,0.0,0.09525896499962982,ok,
zh_line_07,zh_tra,single_line,7,1.933333333333,opencv_bilinear,1.9322033898305084,1.9322033898305084,,canonical/zh_line_07/r_1p933333.png,9d42d6620be84476b1889d02acabb0c62855a87b4ceba26c06c25472cbfff73d,resized/opencv_bilinear/zh_line_07/r_1p933333.png,556f33b75e3f7800323504531afc0c012f93f43fab66585e3e5592ba89e35aa3,/home/karan/ocr_study/fonts/microsoft-jhenghei.ttf,0,35,16,30.933333333328,31,0.06666666667199905,17,False,昔我往矣楊柳依依,"昔我往矣楊柳依依
",昔我往矣楊柳依依,昔我往矣楊柳依依,0,8,0.0,0.09569558800012601,ok,
zh_line_07,zh_tra,single_line,7,1.933333333333,lanczos2_7tap_16phase,1.9322033898305084,1.9322033898305084,,canonical/zh_line_07/r_1p933333.png,9d42d6620be84476b1889d02acabb0c62855a87b4ceba26c06c25472cbfff73d,resized/lanczos2_7tap_16phase/zh_line_07/r_1p933333.png,c6eb07dfab2a84438d8f68d430a1918160ae6db9be9b8207026783a5550aafaa,/home/karan/ocr_study/fonts/microsoft-jhenghei.ttf,0,35,16,30.933333333328,31,0.06666666667199905,17,False,昔我往矣楊柳依依,"昔我往矣楊柳依依
",昔我往矣楊柳依依,昔我往矣楊柳依依,0,8,0.0,0.092916673000218,ok,
zh_line_07,zh_tra,single_line,7,1.933333333333,lanczos3_7tap_16phase,1.9322033898305084,1.9322033898305084,,canonical/zh_line_07/r_1p933333.png,9d42d6620be84476b1889d02acabb0c62855a87b4ceba26c06c25472cbfff73d,resized/lanczos3_7tap_16phase/zh_line_07/r_1p933333.png,e89158df4c4d065306b6b93bf003e43d7002fc69aafdb36399be645b932d2f81,/home/karan/ocr_study/fonts/microsoft-jhenghei.ttf,0,35,16,30.933333333328,31,0.06666666667199905,17,False,昔我往矣楊柳依依,"昔我往矣楊柳依依
",昔我往矣楊柳依依,昔我往矣楊柳依依,0,8,0.0,0.099621868000213,ok,
zh_line_07,zh_tra,single_line,7,2.066666666667,bin_floor,2.0,2.0,2,canonical/zh_line_07/r_2p066667.png,94b5b3995733f7e5388cddc72919e2a6a3941cbc6e8cb1d4ca61a73048eb5f72,resized/bin_floor/zh_line_07/r_2p066667.png,2a6342cf9ce057203e35195ec18ff3f02abbf3f0eadd624345d3eea416169e13,/home/karan/ocr_study/fonts/microsoft-jhenghei.ttf,0,37,16,33.066666666672,33,-0.06666666667199905,17,False,昔我往矣楊柳依依,"昔我往矣楊柳依依
",昔我往矣楊柳依依,昔我往矣楊柳依依,0,8,0.0,0.10098377499980415,ok,
zh_line_07,zh_tra,single_line,7,2.066666666667,bin_ceil,3.0,3.0,3,canonical/zh_line_07/r_2p066667.png,94b5b3995733f7e5388cddc72919e2a6a3941cbc6e8cb1d4ca61a73048eb5f72,resized/bin_ceil/zh_line_07/r_2p066667.png,bfd7679f80cb381e4d2830a13436e798584b95af90570ab67aa2759d6ac93e40,/home/karan/ocr_study/fonts/microsoft-jhenghei.ttf,0,37,16,33.066666666672,33,-0.06666666667199905,12,False,昔我往矣楊柳依依,"昔我往休楊柳依依
",昔我往矣楊柳依依,昔我往休楊柳依依,1,8,0.125,0.0978709560004063,ok,
zh_line_07,zh_tra,single_line,7,2.066666666667,opencv_bilinear,2.0677966101694913,2.0677966101694913,,canonical/zh_line_07/r_2p066667.png,94b5b3995733f7e5388cddc72919e2a6a3941cbc6e8cb1d4ca61a73048eb5f72,resized/opencv_bilinear/zh_line_07/r_2p066667.png,aa18d78a58a5889d0b0cd7e24f44cd016c78575e30514f01db4a45a4694e9550,/home/karan/ocr_study/fonts/microsoft-jhenghei.ttf,0,37,16,33.066666666672,33,-0.06666666667199905,16,False,昔我往矣楊柳依依,"昔我往矣楊柳依依
",昔我往矣楊柳依依,昔我往矣楊柳依依,0,8,0.0,0.09579157000007399,ok,
zh_line_07,zh_tra,single_line,7,2.066666666667,lanczos2_7tap_16phase,2.0677966101694913,2.0677966101694913,,canonical/zh_line_07/r_2p066667.png,94b5b3995733f7e5388cddc72919e2a6a3941cbc6e8cb1d4ca61a73048eb5f72,resized/lanczos2_7tap_16phase/zh_line_07/r_2p066667.png,4518c1d079d29c8696f9c7fe5eb22ec7562d7d6fd08a7df9e37e5d6cb03c0c3d,/home/karan/ocr_study/fonts/microsoft-jhenghei.ttf,0,37,16,33.066666666672,33,-0.06666666667199905,17,False,昔我往矣楊柳依依,"昔我往矣楊柳依依
",昔我往矣楊柳依依,昔我往矣楊柳依依,0,8,0.0,0.0990143100007117,ok,
zh_line_07,zh_tra,single_line,7,2.066666666667,lanczos3_7tap_16phase,2.0677966101694913,2.0677966101694913,,canonical/zh_line_07/r_2p066667.png,94b5b3995733f7e5388cddc72919e2a6a3941cbc6e8cb1d4ca61a73048eb5f72,resized/lanczos3_7tap_16phase/zh_line_07/r_2p066667.png,ecfe6939b4502c39df60cdea87256fc21a8ea19cd708c7f48fd7315afabde9a0,/home/karan/ocr_study/fonts/microsoft-jhenghei.ttf,0,37,16,33.066666666672,33,-0.06666666667199905,17,False,昔我往矣楊柳依依,"昔我往矣楊柳依依
",昔我往矣楊柳依依,昔我往矣楊柳依依,0,8,0.0,0.09848080299980211,ok,
zh_line_07,zh_tra,single_line,7,2.2,bin_floor,2.0,2.0,2,canonical/zh_line_07/r_2p200000.png,205725df13a1ae64c948b547809f7808b284827802a73420f9f5439b56096b94,resized/bin_floor/zh_line_07/r_2p200000.png,e65f07543873106fb88f8454ffe316edf3ecdbca41935eebd1617c21c907281b,/home/karan/ocr_study/fonts/microsoft-jhenghei.ttf,0,39,16,35.2,35,-0.20000000000000284,18,False,昔我往矣楊柳依依,"昔我往矣楊柳依依
",昔我往矣楊柳依依,昔我往矣楊柳依依,0,8,0.0,0.09660353099934582,ok,
zh_line_07,zh_tra,single_line,7,2.2,bin_ceil,3.0,3.0,3,canonical/zh_line_07/r_2p200000.png,205725df13a1ae64c948b547809f7808b284827802a73420f9f5439b56096b94,resized/bin_ceil/zh_line_07/r_2p200000.png,49a226329ea94ab0c8525464b2a916648eebf54d3f960d0f1ae2b7fc83fe402b,/home/karan/ocr_study/fonts/microsoft-jhenghei.ttf,0,39,16,35.2,35,-0.20000000000000284,12,False,昔我往矣楊柳依依,"昔我往矣楊柳依依
",昔我往矣楊柳依依,昔我往矣楊柳依依,0,8,0.0,0.09389970699976402,ok,
zh_line_07,zh_tra,single_line,7,2.2,opencv_bilinear,2.1942857142857144,2.1942857142857144,,canonical/zh_line_07/r_2p200000.png,205725df13a1ae64c948b547809f7808b284827802a73420f9f5439b56096b94,resized/opencv_bilinear/zh_line_07/r_2p200000.png,674631de8bb3d06f85945f080e825b0ed1ae54cbe7c09356fbe1ea85304d336a,/home/karan/ocr_study/fonts/microsoft-jhenghei.ttf,0,39,16,35.2,35,-0.20000000000000284,16,False,昔我往矣楊柳依依,"昔我往矣楊柳依依
",昔我往矣楊柳依依,昔我往矣楊柳依依,0,8,0.0,0.09172135800054093,ok,
zh_line_07,zh_tra,single_line,7,2.2,lanczos2_7tap_16phase,2.1942857142857144,2.1942857142857144,,canonical/zh_line_07/r_2p200000.png,205725df13a1ae64c948b547809f7808b284827802a73420f9f5439b56096b94,resized/lanczos2_7tap_16phase/zh_line_07/r_2p200000.png,6aa4dd8dad703913e588c0dc7e0e22a519e75d9a3ab9ec8cbefb42691ad24383,/home/karan/ocr_study/fonts/microsoft-jhenghei.ttf,0,39,16,35.2,35,-0.20000000000000284,17,False,昔我往矣楊柳依依,"昔我往矣楊柳依依
",昔我往矣楊柳依依,昔我往矣楊柳依依,0,8,0.0,0.0980886659999669,ok,
zh_line_07,zh_tra,single_line,7,2.2,lanczos3_7tap_16phase,2.1942857142857144,2.1942857142857144,,canonical/zh_line_07/r_2p200000.png,205725df13a1ae64c948b547809f7808b284827802a73420f9f5439b56096b94,resized/lanczos3_7tap_16phase/zh_line_07/r_2p200000.png,96e0f2e96655a6a8c930dabb57bc040abbcc62d07e4a87ce3190cf3acad69e45,/home/karan/ocr_study/fonts/microsoft-jhenghei.ttf,0,39,16,35.2,35,-0.20000000000000284,17,False,昔我往矣楊柳依依,"昔我往矣楊柳依依
",昔我往矣楊柳依依,昔我往矣楊柳依依,0,8,0.0,0.09948711300057766,ok,
zh_line_07,zh_tra,single_line,7,2.333333333333,bin_floor,2.0,2.0,2,canonical/zh_line_07/r_2p333333.png,8fd381791f3b3f7039ec3fe3347236a60161d44da5d671b1b1017438be8bb9cd,resized/bin_floor/zh_line_07/r_2p333333.png,1732a64a339614f1fb4e861468e36aa4a309c79e4bc174e0f2af385497324f33,/home/karan/ocr_study/fonts/microsoft-jhenghei.ttf,0,42,16,37.333333333328,37,-0.3333333333279995,19,False,昔我往矣楊柳依依,"昔我往矣楊柳依依
",昔我往矣楊柳依依,昔我往矣楊柳依依,0,8,0.0,0.10116353000012168,ok,
zh_line_07,zh_tra,single_line,7,2.333333333333,bin_ceil,3.0,3.0,3,canonical/zh_line_07/r_2p333333.png,8fd381791f3b3f7039ec3fe3347236a60161d44da5d671b1b1017438be8bb9cd,resized/bin_ceil/zh_line_07/r_2p333333.png,8d26239f4cb7d0893201df56657d3a8c57d4cc70b60832d34daed56ac1deaac6,/home/karan/ocr_study/fonts/microsoft-jhenghei.ttf,0,42,16,37.333333333328,37,-0.3333333333279995,13,False,昔我往矣楊柳依依,"昔我往矣楊柳依依
",昔我往矣楊柳依依,昔我往矣楊柳依依,0,8,0.0,0.10061052899982315,ok,
zh_line_07,zh_tra,single_line,7,2.333333333333,opencv_bilinear,2.3389830508474576,2.3389830508474576,,canonical/zh_line_07/r_2p333333.png,8fd381791f3b3f7039ec3fe3347236a60161d44da5d671b1b1017438be8bb9cd,resized/opencv_bilinear/zh_line_07/r_2p333333.png,ee12e118e412b2e3152ebb86c7b3426ef38f161e360c65a685229178dc093f96,/home/karan/ocr_study/fonts/microsoft-jhenghei.ttf,0,42,16,37.333333333328,37,-0.3333333333279995,16,False,昔我往矣楊柳依依,"昔我往矣楊柳依依
",昔我往矣楊柳依依,昔我往矣楊柳依依,0,8,0.0,0.09560714800045389,ok,
zh_line_07,zh_tra,single_line,7,2.333333333333,lanczos2_7tap_16phase,2.3389830508474576,2.3389830508474576,,canonical/zh_line_07/r_2p333333.png,8fd381791f3b3f7039ec3fe3347236a60161d44da5d671b1b1017438be8bb9cd,resized/lanczos2_7tap_16phase/zh_line_07/r_2p333333.png,48ab9d0d4ca428ab24c6f199866b2b15e5f6c1bcca1bb75ec24e0bba5d87fe21,/home/karan/ocr_study/fonts/microsoft-jhenghei.ttf,0,42,16,37.333333333328,37,-0.3333333333279995,17,False,昔我往矣楊柳依依,"昔我往矣楊柳依依
",昔我往矣楊柳依依,昔我往矣楊柳依依,0,8,0.0,0.10034230099972774,ok,
zh_line_07,zh_tra,single_line,7,2.333333333333,lanczos3_7tap_16phase,2.3389830508474576,2.3389830508474576,,canonical/zh_line_07/r_2p333333.png,8fd381791f3b3f7039ec3fe3347236a60161d44da5d671b1b1017438be8bb9cd,resized/lanczos3_7tap_16phase/zh_line_07/r_2p333333.png,5298096d919201a0b994d60526148980dfe5b3852b84208c277be180aaf02df2,/home/karan/ocr_study/fonts/microsoft-jhenghei.ttf,0,42,16,37.333333333328,37,-0.3333333333279995,17,False,昔我往矣楊柳依依,"昔我往矣楊柳依依
",昔我往矣楊柳依依,昔我往矣楊柳依依,0,8,0.0,0.10065847799978656,ok,
zh_line_07,zh_tra,single_line,7,2.466666666667,bin_floor,2.0,2.0,2,canonical/zh_line_07/r_2p466667.png,1bd4104a92a23b076f4e35aedc33391c19fb1454fe15060df8d4df2fe0caec57,resized/bin_floor/zh_line_07/r_2p466667.png,cef46c9da8a6efb32fad86a7e0d8f6ba77f36fa0c894752b171d71e247acd991,/home/karan/ocr_study/fonts/microsoft-jhenghei.ttf,0,44,16,39.466666666672,40,0.5333333333280024,20,False,昔我往矣楊柳依依,"昔我往疾楊柳依依
",昔我往矣楊柳依依,昔我往疾楊柳依依,1,8,0.125,0.09573152600023604,ok,
zh_line_07,zh_tra,single_line,7,2.466666666667,bin_ceil,3.0,3.0,3,canonical/zh_line_07/r_2p466667.png,1bd4104a92a23b076f4e35aedc33391c19fb1454fe15060df8d4df2fe0caec57,resized/bin_ceil/zh_line_07/r_2p466667.png,5134ec22a260a2b4a70a28e2bbfae74c92984e625ab2b35acf9e5673a1d5bb08,/home/karan/ocr_study/fonts/microsoft-jhenghei.ttf,0,44,16,39.466666666672,40,0.5333333333280024,14,False,昔我往矣楊柳依依,"昔我往矣楊柳依依
",昔我往矣楊柳依依,昔我往矣楊柳依依,0,8,0.0,0.09548018399982539,ok,
zh_line_07,zh_tra,single_line,7,2.466666666667,opencv_bilinear,2.4685714285714284,2.4685714285714284,,canonical/zh_line_07/r_2p466667.png,1bd4104a92a23b076f4e35aedc33391c19fb1454fe15060df8d4df2fe0caec57,resized/opencv_bilinear/zh_line_07/r_2p466667.png,e8ca3025f1345267eb837b699dab4c5ceefe2fef92ea5ec75feaa4d13f1b0661,/home/karan/ocr_study/fonts/microsoft-jhenghei.ttf,0,44,16,39.466666666672,40,0.5333333333280024,17,False,昔我往矣楊柳依依,"昔我往僑楊柳依依
",昔我往矣楊柳依依,昔我往僑楊柳依依,1,8,0.125,0.09523548099969048,ok,
zh_line_07,zh_tra,single_line,7,2.466666666667,lanczos2_7tap_16phase,2.4685714285714284,2.4685714285714284,,canonical/zh_line_07/r_2p466667.png,1bd4104a92a23b076f4e35aedc33391c19fb1454fe15060df8d4df2fe0caec57,resized/lanczos2_7tap_16phase/zh_line_07/r_2p466667.png,2b9c2f77a475cd193a7498fdff2a41e93b48be856ebec57b847b1db11d59b2bf,/home/karan/ocr_study/fonts/microsoft-jhenghei.ttf,0,44,16,39.466666666672,40,0.5333333333280024,17,False,昔我往矣楊柳依依,"昔我往矣楊柳依依
",昔我往矣楊柳依依,昔我往矣楊柳依依,0,8,0.0,0.09969755400015856,ok,
zh_line_07,zh_tra,single_line,7,2.466666666667,lanczos3_7tap_16phase,2.4685714285714284,2.4685714285714284,,canonical/zh_line_07/r_2p466667.png,1bd4104a92a23b076f4e35aedc33391c19fb1454fe15060df8d4df2fe0caec57,resized/lanczos3_7tap_16phase/zh_line_07/r_2p466667.png,d29387dcc429c6160910ad44e847951a55fbe3260aa0b15469d5ba84cbff5141,/home/karan/ocr_study/fonts/microsoft-jhenghei.ttf,0,44,16,39.466666666672,40,0.5333333333280024,17,False,昔我往矣楊柳依依,"昔我往矣楊柳依依
",昔我往矣楊柳依依,昔我往矣楊柳依依,0,8,0.0,0.09891277600036119,ok,
zh_line_07,zh_tra,single_line,7,2.6,bin_floor,2.0,2.0,2,canonical/zh_line_07/r_2p600000.png,9b17e620f7f0e44bdea19205d53e463ee08f5f17fa1b022f777a1b3adada00cc,resized/bin_floor/zh_line_07/r_2p600000.png,9180e3414639306da045ac565321fb1218ef17976e407db54b5e9f3236601676,/home/karan/ocr_study/fonts/microsoft-jhenghei.ttf,0,46,16,41.6,41,-0.6000000000000014,21,False,昔我往矣楊柳依依,"昔我往矣楊柳依依
",昔我往矣楊柳依依,昔我往矣楊柳依依,0,8,0.0,0.10040882299927034,ok,
zh_line_07,zh_tra,single_line,7,2.6,bin_ceil,3.0,3.0,3,canonical/zh_line_07/r_2p600000.png,9b17e620f7f0e44bdea19205d53e463ee08f5f17fa1b022f777a1b3adada00cc,resized/bin_ceil/zh_line_07/r_2p600000.png,67822d049b432205f087537882e425760ca2b94566a0961be0f3f3eb3f455400,/home/karan/ocr_study/fonts/microsoft-jhenghei.ttf,0,46,16,41.6,41,-0.6000000000000014,14,False,昔我往矣楊柳依依,"昔我往矣楊柳依依
",昔我往矣楊柳依依,昔我往矣楊柳依依,0,8,0.0,0.09216032499989524,ok,
zh_line_07,zh_tra,single_line,7,2.6,opencv_bilinear,2.605714285714286,2.605714285714286,,canonical/zh_line_07/r_2p600000.png,9b17e620f7f0e44bdea19205d53e463ee08f5f17fa1b022f777a1b3adada00cc,resized/opencv_bilinear/zh_line_07/r_2p600000.png,6f138cc5b9b293dc3c93200200cf8a33bd988e0ab93dfc0412ff09bb71ca9f63,/home/karan/ocr_study/fonts/microsoft-jhenghei.ttf,0,46,16,41.6,41,-0.6000000000000014,16,False,昔我往矣楊柳依依,"昔我往疾楊柳依依
",昔我往矣楊柳依依,昔我往疾楊柳依依,1,8,0.125,0.09657112200056872,ok,
zh_line_07,zh_tra,single_line,7,2.6,lanczos2_7tap_16phase,2.605714285714286,2.605714285714286,,canonical/zh_line_07/r_2p600000.png,9b17e620f7f0e44bdea19205d53e463ee08f5f17fa1b022f777a1b3adada00cc,resized/lanczos2_7tap_16phase/zh_line_07/r_2p600000.png,a8087fc52b98948c776891d092f925efc555baa3ad72802e5b4af72d4bf754c4,/home/karan/ocr_study/fonts/microsoft-jhenghei.ttf,0,46,16,41.6,41,-0.6000000000000014,17,False,昔我往矣楊柳依依,"昔我往矣楊柳依依
",昔我往矣楊柳依依,昔我往矣楊柳依依,0,8,0.0,0.09303335599997808,ok,
zh_line_07,zh_tra,single_line,7,2.6,lanczos3_7tap_16phase,2.605714285714286,2.605714285714286,,canonical/zh_line_07/r_2p600000.png,9b17e620f7f0e44bdea19205d53e463ee08f5f17fa1b022f777a1b3adada00cc,resized/lanczos3_7tap_16phase/zh_line_07/r_2p600000.png,370a451067a84e0f32b3a53b9b9989795cbf96af434c9782c31fe3da117f962a,/home/karan/ocr_study/fonts/microsoft-jhenghei.ttf,0,46,16,41.6,41,-0.6000000000000014,17,False,昔我往矣楊柳依依,"昔我往矣楊柳依依
",昔我往矣楊柳依依,昔我往矣楊柳依依,0,8,0.0,0.09924016399963875,ok,
zh_line_07,zh_tra,single_line,7,2.625,bin_floor,2.0,2.0,2,canonical/zh_line_07/r_2p625000.png,9b17e620f7f0e44bdea19205d53e463ee08f5f17fa1b022f777a1b3adada00cc,resized/bin_floor/zh_line_07/r_2p625000.png,9180e3414639306da045ac565321fb1218ef17976e407db54b5e9f3236601676,/home/karan/ocr_study/fonts/microsoft-jhenghei.ttf,0,46,16,42.0,41,-1.0,21,False,昔我往矣楊柳依依,"昔我往矣楊柳依依
",昔我往矣楊柳依依,昔我往矣楊柳依依,0,8,0.0,0.10115228599988768,ok,
zh_line_07,zh_tra,single_line,7,2.625,bin_ceil,3.0,3.0,3,canonical/zh_line_07/r_2p625000.png,9b17e620f7f0e44bdea19205d53e463ee08f5f17fa1b022f777a1b3adada00cc,resized/bin_ceil/zh_line_07/r_2p625000.png,67822d049b432205f087537882e425760ca2b94566a0961be0f3f3eb3f455400,/home/karan/ocr_study/fonts/microsoft-jhenghei.ttf,0,46,16,42.0,41,-1.0,14,False,昔我往矣楊柳依依,"昔我往矣楊柳依依
",昔我往矣楊柳依依,昔我往矣楊柳依依,0,8,0.0,0.09960491299989371,ok,
zh_line_07,zh_tra,single_line,7,2.625,opencv_bilinear,2.6206896551724137,2.6206896551724137,,canonical/zh_line_07/r_2p625000.png,9b17e620f7f0e44bdea19205d53e463ee08f5f17fa1b022f777a1b3adada00cc,resized/opencv_bilinear/zh_line_07/r_2p625000.png,0cd7e43ce532159d8f3ebe68e52d364d899b60de81205b4d5a81a39f5d894821,/home/karan/ocr_study/fonts/microsoft-jhenghei.ttf,0,46,16,42.0,41,-1.0,16,False,昔我往矣楊柳依依,"昔我往導楊柳依依
",昔我往矣楊柳依依,昔我往導楊柳依依,1,8,0.125,0.09697469599996111,ok,
zh_line_07,zh_tra,single_line,7,2.625,lanczos2_7tap_16phase,2.6206896551724137,2.6206896551724137,,canonical/zh_line_07/r_2p625000.png,9b17e620f7f0e44bdea19205d53e463ee08f5f17fa1b022f777a1b3adada00cc,resized/lanczos2_7tap_16phase/zh_line_07/r_2p625000.png,0535e687632bac9a7af7c44a1e884e4fa48e64defcbbb5437e296a7ab84e4b04,/home/karan/ocr_study/fonts/microsoft-jhenghei.ttf,0,46,16,42.0,41,-1.0,17,False,昔我往矣楊柳依依,"昔我往矣楊柳依依
",昔我往矣楊柳依依,昔我往矣楊柳依依,0,8,0.0,0.10008032399946387,ok,
zh_line_07,zh_tra,single_line,7,2.625,lanczos3_7tap_16phase,2.6206896551724137,2.6206896551724137,,canonical/zh_line_07/r_2p625000.png,9b17e620f7f0e44bdea19205d53e463ee08f5f17fa1b022f777a1b3adada00cc,resized/lanczos3_7tap_16phase/zh_line_07/r_2p625000.png,2eaa7136028463b7c47e14d12b3734debfcaa4e59977786fa2d8c052ceb55ca5,/home/karan/ocr_study/fonts/microsoft-jhenghei.ttf,0,46,16,42.0,41,-1.0,17,False,昔我往矣楊柳依依,"昔我往矣楊柳依依
",昔我往矣楊柳依依,昔我往矣楊柳依依,0,8,0.0,0.09319253699959518,ok,
zh_line_07,zh_tra,single_line,7,2.733333333333,bin_floor,2.0,2.0,2,canonical/zh_line_07/r_2p733333.png,249d1fdbbfc3a8a1f32b0e7ec10cbc4cb6b89cdc28873b9eb3255765d5f4145f,resized/bin_floor/zh_line_07/r_2p733333.png,670650f26bc5c7a9f425e6e48dfd83689808fd9943741abfd28f4e717113a30c,/home/karan/ocr_study/fonts/microsoft-jhenghei.ttf,0,48,16,43.733333333328,44,0.2666666666720019,23,False,昔我往矣楊柳依依,"昔我往疾楊柳依依
",昔我往矣楊柳依依,昔我往疾楊柳依依,1,8,0.125,0.09689570400041703,ok,
zh_line_07,zh_tra,single_line,7,2.733333333333,bin_ceil,3.0,3.0,3,canonical/zh_line_07/r_2p733333.png,249d1fdbbfc3a8a1f32b0e7ec10cbc4cb6b89cdc28873b9eb3255765d5f4145f,resized/bin_ceil/zh_line_07/r_2p733333.png,526c64c208310698640bd2169f83ffb4dd65b4dfdeefc13887f55c980751932f,/home/karan/ocr_study/fonts/microsoft-jhenghei.ttf,0,48,16,43.733333333328,44,0.2666666666720019,16,False,昔我往矣楊柳依依,"昔我往矣楊柳依依
",昔我往矣楊柳依依,昔我往矣楊柳依依,0,8,0.0,0.10778717800076265,ok,
zh_line_07,zh_tra,single_line,7,2.733333333333,opencv_bilinear,2.739884393063584,2.739884393063584,,canonical/zh_line_07/r_2p733333.png,249d1fdbbfc3a8a1f32b0e7ec10cbc4cb6b89cdc28873b9eb3255765d5f4145f,resized/opencv_bilinear/zh_line_07/r_2p733333.png,7d3424ef62448acbc942863a4c863a0f6bb5c7684d0c51b15617fbb2da59abf2,/home/karan/ocr_study/fonts/microsoft-jhenghei.ttf,0,48,16,43.733333333328,44,0.2666666666720019,17,False,昔我往矣楊柳依依,"昔我往矣楊柳依依
",昔我往矣楊柳依依,昔我往矣楊柳依依,0,8,0.0,0.0935389309997845,ok,
zh_line_07,zh_tra,single_line,7,2.733333333333,lanczos2_7tap_16phase,2.739884393063584,2.739884393063584,,canonical/zh_line_07/r_2p733333.png,249d1fdbbfc3a8a1f32b0e7ec10cbc4cb6b89cdc28873b9eb3255765d5f4145f,resized/lanczos2_7tap_16phase/zh_line_07/r_2p733333.png,ac166057aabb79cf0d59ca2a64ef4d14bc4dbd27010c781e4d2ab4445a615963,/home/karan/ocr_study/fonts/microsoft-jhenghei.ttf,0,48,16,43.733333333328,44,0.2666666666720019,17,False,昔我往矣楊柳依依,"昔我往矣楊柳依依
",昔我往矣楊柳依依,昔我往矣楊柳依依,0,8,0.0,0.09465791399998125,ok,
zh_line_07,zh_tra,single_line,7,2.733333333333,lanczos3_7tap_16phase,2.739884393063584,2.739884393063584,,canonical/zh_line_07/r_2p733333.png,249d1fdbbfc3a8a1f32b0e7ec10cbc4cb6b89cdc28873b9eb3255765d5f4145f,resized/lanczos3_7tap_16phase/zh_line_07/r_2p733333.png,820aaebce213c3d6455a98174f8b3755cf2d0a750854a598ff180862086a5a77,/home/karan/ocr_study/fonts/microsoft-jhenghei.ttf,0,48,16,43.733333333328,44,0.2666666666720019,17,False,昔我往矣楊柳依依,"昔我往矣楊柳依依
",昔我往矣楊柳依依,昔我往矣楊柳依依,0,8,0.0,0.09895434999998542,ok,
zh_line_07,zh_tra,single_line,7,2.866666666667,bin_floor,2.0,2.0,2,canonical/zh_line_07/r_2p866667.png,204d4f01f0c68b4d1cf0b38018c47c3a77f808fbabeb39b4701aab0d58944eef,resized/bin_floor/zh_line_07/r_2p866667.png,c7f962e35f0e0e791c6bde6e34c5cb7e02f96a6ec1300aed392da4150e69f0c3,/home/karan/ocr_study/fonts/microsoft-jhenghei.ttf,0,50,16,45.866666666672,46,0.13333333332799668,24,False,昔我往矣楊柳依依,"昔我往矣楊柳依依
",昔我往矣楊柳依依,昔我往矣楊柳依依,0,8,0.0,0.1005595140004516,ok,
zh_line_07,zh_tra,single_line,7,2.866666666667,bin_ceil,3.0,3.0,3,canonical/zh_line_07/r_2p866667.png,204d4f01f0c68b4d1cf0b38018c47c3a77f808fbabeb39b4701aab0d58944eef,resized/bin_ceil/zh_line_07/r_2p866667.png,7fca5a1da28a229fd68589a09b66df2a9d9fbb50d255150d16b6146d56af6bb3,/home/karan/ocr_study/fonts/microsoft-jhenghei.ttf,0,50,16,45.866666666672,46,0.13333333332799668,16,False,昔我往矣楊柳依依,"昔我往矣楊柳依依
",昔我往矣楊柳依依,昔我往矣楊柳依依,0,8,0.0,0.10083606399985001,ok,
zh_line_07,zh_tra,single_line,7,2.866666666667,opencv_bilinear,2.86046511627907,2.86046511627907,,canonical/zh_line_07/r_2p866667.png,204d4f01f0c68b4d1cf0b38018c47c3a77f808fbabeb39b4701aab0d58944eef,resized/opencv_bilinear/zh_line_07/r_2p866667.png,240af444907f8e846025bdabf5fa54fd32c2e527561fccb464bf1e8e96fa7bf3,/home/karan/ocr_study/fonts/microsoft-jhenghei.ttf,0,50,16,45.866666666672,46,0.13333333332799668,16,False,昔我往矣楊柳依依,"昔我往疾楊柳依依
",昔我往矣楊柳依依,昔我往疾楊柳依依,1,8,0.125,0.09752534400013246,ok,
zh_line_07,zh_tra,single_line,7,2.866666666667,lanczos2_7tap_16phase,2.86046511627907,2.86046511627907,,canonical/zh_line_07/r_2p866667.png,204d4f01f0c68b4d1cf0b38018c47c3a77f808fbabeb39b4701aab0d58944eef,resized/lanczos2_7tap_16phase/zh_line_07/r_2p866667.png,ea2114ac7a2c7758a33e2e5953236fa764a986c54d2b698acba169ea965fad4c,/home/karan/ocr_study/fonts/microsoft-jhenghei.ttf,0,50,16,45.866666666672,46,0.13333333332799668,16,False,昔我往矣楊柳依依,"昔我往疾楊柳依依
",昔我往矣楊柳依依,昔我往疾楊柳依依,1,8,0.125,0.09575286800009053,ok,
zh_line_07,zh_tra,single_line,7,2.866666666667,lanczos3_7tap_16phase,2.86046511627907,2.86046511627907,,canonical/zh_line_07/r_2p866667.png,204d4f01f0c68b4d1cf0b38018c47c3a77f808fbabeb39b4701aab0d58944eef,resized/lanczos3_7tap_16phase/zh_line_07/r_2p866667.png,72fed71b433010aada34c972263fefd7945281cce0a68c3275c2f7442f5eb5de,/home/karan/ocr_study/fonts/microsoft-jhenghei.ttf,0,50,16,45.866666666672,46,0.13333333332799668,18,True,昔我往矣楊柳依依,"昔我往矣楊柳依依
",昔我往矣楊柳依依,昔我往矣楊柳依依,0,8,0.0,0.10004752300028485,ok,
zh_line_07,zh_tra,single_line,7,3.0,bin_floor,3.0,3.0,3,canonical/zh_line_07/r_3p000000.png,d210129d9e23928db345c33014e71ed3c423dfdf0f805a07deba9a784007920e,resized/bin_floor/zh_line_07/r_3p000000.png,35c6df696c3ba9953c8c20eb1040eb2108528fd64cdc7c219ca565430d8ff417,/home/karan/ocr_study/fonts/microsoft-jhenghei.ttf,0,53,16,48.0,48,0.0,16,False,昔我往矣楊柳依依,"昔我往矣楊柳依依
",昔我往矣楊柳依依,昔我往矣楊柳依依,0,8,0.0,0.10025675399992906,ok,
zh_line_07,zh_tra,single_line,7,3.0,bin_ceil,3.0,3.0,3,canonical/zh_line_07/r_3p000000.png,d210129d9e23928db345c33014e71ed3c423dfdf0f805a07deba9a784007920e,resized/bin_ceil/zh_line_07/r_3p000000.png,35c6df696c3ba9953c8c20eb1040eb2108528fd64cdc7c219ca565430d8ff417,/home/karan/ocr_study/fonts/microsoft-jhenghei.ttf,0,53,16,48.0,48,0.0,16,False,昔我往矣楊柳依依,"昔我往矣楊柳依依
",昔我往矣楊柳依依,昔我往矣楊柳依依,0,8,0.0,0.10046684000008099,ok,
zh_line_07,zh_tra,single_line,7,3.0,opencv_bilinear,3.0,3.0,,canonical/zh_line_07/r_3p000000.png,d210129d9e23928db345c33014e71ed3c423dfdf0f805a07deba9a784007920e,resized/opencv_bilinear/zh_line_07/r_3p000000.png,a1404d188396241d791bcd63829815f5c2e1af61f3102b5f290a91869df7912e,/home/karan/ocr_study/fonts/microsoft-jhenghei.ttf,0,53,16,48.0,48,0.0,16,False,昔我往矣楊柳依依,"昔我往導楊柳依依
",昔我往矣楊柳依依,昔我往導楊柳依依,1,8,0.125,0.10083637800016731,ok,
zh_line_07,zh_tra,single_line,7,3.0,lanczos2_7tap_16phase,3.0,3.0,,canonical/zh_line_07/r_3p000000.png,d210129d9e23928db345c33014e71ed3c423dfdf0f805a07deba9a784007920e,resized/lanczos2_7tap_16phase/zh_line_07/r_3p000000.png,bb9ade290cbd7e7905de48097493cd7829227c94ac59a47910e2d2a145bb5ecc,/home/karan/ocr_study/fonts/microsoft-jhenghei.ttf,0,53,16,48.0,48,0.0,16,False,昔我往矣楊柳依依,"昔我往矣楊柳依依
",昔我往矣楊柳依依,昔我往矣楊柳依依,0,8,0.0,0.09846343300068838,ok,
zh_line_07,zh_tra,single_line,7,3.0,lanczos3_7tap_16phase,3.0,3.0,,canonical/zh_line_07/r_3p000000.png,d210129d9e23928db345c33014e71ed3c423dfdf0f805a07deba9a784007920e,resized/lanczos3_7tap_16phase/zh_line_07/r_3p000000.png,78213937c5d49301f554eae920d31d61aae2f028c2af93665ef78a8cdcfb8671,/home/karan/ocr_study/fonts/microsoft-jhenghei.ttf,0,53,16,48.0,48,0.0,18,True,昔我往矣楊柳依依,"昔我往矣楊柳依依
",昔我往矣楊柳依依,昔我往矣楊柳依依,0,8,0.0,0.09763712199946895,ok,
zh_line_08,zh_tra,single_line,7,1.0,bin_floor,1.0,1.0,1,canonical/zh_line_08/r_1p000000.png,d0b524c8ea8031c3b71e7e36a61615d99af1cda87f5ae3d0e93202d798038f0c,resized/bin_floor/zh_line_08/r_1p000000.png,d0b524c8ea8031c3b71e7e36a61615d99af1cda87f5ae3d0e93202d798038f0c,/home/karan/ocr_study/fonts/microsoft-jhenghei.ttf,0,17,16,16.0,16,0.0,16,False,今我來思雨雪霏霏,,今我來思雨雪霏霏,,8,8,1.0,0.08328493699991668,ok,
zh_line_08,zh_tra,single_line,7,1.0,bin_ceil,1.0,1.0,1,canonical/zh_line_08/r_1p000000.png,d0b524c8ea8031c3b71e7e36a61615d99af1cda87f5ae3d0e93202d798038f0c,resized/bin_ceil/zh_line_08/r_1p000000.png,d0b524c8ea8031c3b71e7e36a61615d99af1cda87f5ae3d0e93202d798038f0c,/home/karan/ocr_study/fonts/microsoft-jhenghei.ttf,0,17,16,16.0,16,0.0,16,False,今我來思雨雪霏霏,,今我來思雨雪霏霏,,8,8,1.0,0.1106651520003652,ok,
zh_line_08,zh_tra,single_line,7,1.0,opencv_bilinear,1.0,1.0,,canonical/zh_line_08/r_1p000000.png,d0b524c8ea8031c3b71e7e36a61615d99af1cda87f5ae3d0e93202d798038f0c,resized/opencv_bilinear/zh_line_08/r_1p000000.png,d0b524c8ea8031c3b71e7e36a61615d99af1cda87f5ae3d0e93202d798038f0c,/home/karan/ocr_study/fonts/microsoft-jhenghei.ttf,0,17,16,16.0,16,0.0,16,False,今我來思雨雪霏霏,,今我來思雨雪霏霏,,8,8,1.0,0.08646286000021064,ok,
zh_line_08,zh_tra,single_line,7,1.0,lanczos2_7tap_16phase,1.0,1.0,,canonical/zh_line_08/r_1p000000.png,d0b524c8ea8031c3b71e7e36a61615d99af1cda87f5ae3d0e93202d798038f0c,resized/lanczos2_7tap_16phase/zh_line_08/r_1p000000.png,d0b524c8ea8031c3b71e7e36a61615d99af1cda87f5ae3d0e93202d798038f0c,/home/karan/ocr_study/fonts/microsoft-jhenghei.ttf,0,17,16,16.0,16,0.0,16,False,今我來思雨雪霏霏,,今我來思雨雪霏霏,,8,8,1.0,0.0837226859994189,ok,
zh_line_08,zh_tra,single_line,7,1.0,lanczos3_7tap_16phase,1.0,1.0,,canonical/zh_line_08/r_1p000000.png,d0b524c8ea8031c3b71e7e36a61615d99af1cda87f5ae3d0e93202d798038f0c,resized/lanczos3_7tap_16phase/zh_line_08/r_1p000000.png,d0b524c8ea8031c3b71e7e36a61615d99af1cda87f5ae3d0e93202d798038f0c,/home/karan/ocr_study/fonts/microsoft-jhenghei.ttf,0,17,16,16.0,16,0.0,16,False,今我來思雨雪霏霏,,今我來思雨雪霏霏,,8,8,1.0,0.08391652499994962,ok,
zh_line_08,zh_tra,single_line,7,1.133333333333,bin_floor,1.0,1.0,1,canonical/zh_line_08/r_1p133333.png,5ed98b7edd39bb7b9e8b1723ec406b4029966fa5b1cf34a968800d120b65ab65,resized/bin_floor/zh_line_08/r_1p133333.png,5ed98b7edd39bb7b9e8b1723ec406b4029966fa5b1cf34a968800d120b65ab65,/home/karan/ocr_study/fonts/microsoft-jhenghei.ttf,0,20,16,18.133333333328,18,-0.13333333332800024,18,False,今我來思雨雪霏霏,,今我來思雨雪霏霏,,8,8,1.0,0.08720063700002356,ok,
zh_line_08,zh_tra,single_line,7,1.133333333333,bin_ceil,2.0,2.0,2,canonical/zh_line_08/r_1p133333.png,5ed98b7edd39bb7b9e8b1723ec406b4029966fa5b1cf34a968800d120b65ab65,resized/bin_ceil/zh_line_08/r_1p133333.png,4321f7772fdae2e918010ccce23eb12a170d892a0dd727581c3a2884eb9d0d68,/home/karan/ocr_study/fonts/microsoft-jhenghei.ttf,0,20,16,18.133333333328,18,-0.13333333332800024,10,False,今我來思雨雪霏霏,"我來用兩雪踢四
",今我來思雨雪霏霏,我來用兩雪踢四,5,8,0.625,0.09737508700072794,ok,
zh_line_08,zh_tra,single_line,7,1.133333333333,opencv_bilinear,1.1314285714285715,1.1314285714285715,,canonical/zh_line_08/r_1p133333.png,5ed98b7edd39bb7b9e8b1723ec406b4029966fa5b1cf34a968800d120b65ab65,resized/opencv_bilinear/zh_line_08/r_1p133333.png,39219aac167bddb20c4cab7ebd3417a0181a74ea901534f30caed52080f83f29,/home/karan/ocr_study/fonts/microsoft-jhenghei.ttf,0,20,16,18.133333333328,18,-0.13333333332800024,17,False,今我來思雨雪霏霏,"今我來思兩雪霏罪
",今我來思雨雪霏霏,今我來思兩雪霏罪,2,8,0.25,0.0973952559997997,ok,
zh_line_08,zh_tra,single_line,7,1.133333333333,lanczos2_7tap_16phase,1.1314285714285715,1.1314285714285715,,canonical/zh_line_08/r_1p133333.png,5ed98b7edd39bb7b9e8b1723ec406b4029966fa5b1cf34a968800d120b65ab65,resized/lanczos2_7tap_16phase/zh_line_08/r_1p133333.png,36096ecfb95016599a9e072c5004852f44d5047cb92b8461699b1588fa63eaa2,/home/karan/ocr_study/fonts/microsoft-jhenghei.ttf,0,20,16,18.133333333328,18,-0.13333333332800024,17,False,今我來思雨雪霏霏,"今我來思雨雪霏罪
",今我來思雨雪霏霏,今我來思雨雪霏罪,1,8,0.125,0.09623596100027498,ok,
zh_line_08,zh_tra,single_line,7,1.133333333333,lanczos3_7tap_16phase,1.1314285714285715,1.1314285714285715,,canonical/zh_line_08/r_1p133333.png,5ed98b7edd39bb7b9e8b1723ec406b4029966fa5b1cf34a968800d120b65ab65,resized/lanczos3_7tap_16phase/zh_line_08/r_1p133333.png,00bea1af3f247491633f385917575bc8a2a3fdb385c13dc0912184312d84492e,/home/karan/ocr_study/fonts/microsoft-jhenghei.ttf,0,20,16,18.133333333328,18,-0.13333333332800024,17,False,今我來思雨雪霏霏,"今我來思雨雪罪罪
",今我來思雨雪霏霏,今我來思雨雪罪罪,2,8,0.25,0.09463939099987329,ok,
zh_line_08,zh_tra,single_line,7,1.266666666667,bin_floor,1.0,1.0,1,canonical/zh_line_08/r_1p266667.png,c6c944e34dda55ee95cb11320b7ca3296fa7dc273c009e69960889a0256ec5c8,resized/bin_floor/zh_line_08/r_1p266667.png,c6c944e34dda55ee95cb11320b7ca3296fa7dc273c009e69960889a0256ec5c8,/home/karan/ocr_study/fonts/microsoft-jhenghei.ttf,0,22,16,20.266666666672,20,-0.26666666667199834,20,False,今我來思雨雪霏霏,"今我來思兩理菲點
",今我來思雨雪霏霏,今我來思兩理菲點,4,8,0.5,0.09183666999979323,ok,
zh_line_08,zh_tra,single_line,7,1.266666666667,bin_ceil,2.0,2.0,2,canonical/zh_line_08/r_1p266667.png,c6c944e34dda55ee95cb11320b7ca3296fa7dc273c009e69960889a0256ec5c8,resized/bin_ceil/zh_line_08/r_1p266667.png,b8e681dabeed03929140fadb8d590cc4cd249d989e6c171a169bfca8589225fc,/home/karan/ocr_study/fonts/microsoft-jhenghei.ttf,0,22,16,20.266666666672,20,-0.26666666667199834,11,False,今我來思雨雪霏霏,"久我來思雨點四
",今我來思雨雪霏霏,久我來思雨點四,4,8,0.5,0.0923137300005692,ok,
zh_line_08,zh_tra,single_line,7,1.266666666667,opencv_bilinear,1.263157894736842,1.263157894736842,,canonical/zh_line_08/r_1p266667.png,c6c944e34dda55ee95cb11320b7ca3296fa7dc273c009e69960889a0256ec5c8,resized/opencv_bilinear/zh_line_08/r_1p266667.png,397d68ed1594f722ea54143726acb13972f8f624bc6d91ba67a51ddbd3defcc9,/home/karan/ocr_study/fonts/microsoft-jhenghei.ttf,0,22,16,20.266666666672,20,-0.26666666667199834,17,False,今我來思雨雪霏霏,"今我來思雨雪罪罪
",今我來思雨雪霏霏,今我來思雨雪罪罪,2,8,0.25,0.09799621399997704,ok,
zh_line_08,zh_tra,single_line,7,1.266666666667,lanczos2_7tap_16phase,1.263157894736842,1.263157894736842,,canonical/zh_line_08/r_1p266667.png,c6c944e34dda55ee95cb11320b7ca3296fa7dc273c009e69960889a0256ec5c8,resized/lanczos2_7tap_16phase/zh_line_08/r_1p266667.png,309669f04ac77ab51ee353bd45c12d5aa18dac2e04bdef5e08752d9e5e0996e0,/home/karan/ocr_study/fonts/microsoft-jhenghei.ttf,0,22,16,20.266666666672,20,-0.26666666667199834,17,False,今我來思雨雪霏霏,"今我來思雨雪菲罪
",今我來思雨雪霏霏,今我來思雨雪菲罪,2,8,0.25,0.09613924199948087,ok,
zh_line_08,zh_tra,single_line,7,1.266666666667,lanczos3_7tap_16phase,1.263157894736842,1.263157894736842,,canonical/zh_line_08/r_1p266667.png,c6c944e34dda55ee95cb11320b7ca3296fa7dc273c009e69960889a0256ec5c8,resized/lanczos3_7tap_16phase/zh_line_08/r_1p266667.png,808863bd130af3049cbe4f51ff26c27b8ae71459eea41973b655b0382feafd9b,/home/karan/ocr_study/fonts/microsoft-jhenghei.ttf,0,22,16,20.266666666672,20,-0.26666666667199834,17,False,今我來思雨雪霏霏,"今我來思雨雪菲罪
",今我來思雨雪霏霏,今我來思雨雪菲罪,2,8,0.25,0.09474667399990722,ok,
zh_line_08,zh_tra,single_line,7,1.4,bin_floor,1.0,1.0,1,canonical/zh_line_08/r_1p400000.png,66e89815b2bd02ff5aeae4d5b7ffba119f0fb882a6b23c4639cc920845a648a2,resized/bin_floor/zh_line_08/r_1p400000.png,66e89815b2bd02ff5aeae4d5b7ffba119f0fb882a6b23c4639cc920845a648a2,/home/karan/ocr_study/fonts/microsoft-jhenghei.ttf,0,25,16,22.4,23,0.6000000000000014,23,False,今我來思雨雪霏霏,"今我來思雨數罪因
",今我來思雨雪霏霏,今我來思雨數罪因,3,8,0.375,0.09579164100068738,ok,
zh_line_08,zh_tra,single_line,7,1.4,bin_ceil,2.0,2.0,2,canonical/zh_line_08/r_1p400000.png,66e89815b2bd02ff5aeae4d5b7ffba119f0fb882a6b23c4639cc920845a648a2,resized/bin_ceil/zh_line_08/r_1p400000.png,336a47f24054fd64457542d08c9d8f524af18b4453b4a3e6bac01f7ddb834d04,/home/karan/ocr_study/fonts/microsoft-jhenghei.ttf,0,25,16,22.4,23,0.6000000000000014,12,False,今我來思雨雪霏霏,"今我來思十雪徘徘
",今我來思雨雪霏霏,今我來思十雪徘徘,3,8,0.375,0.09531864000018686,ok,
zh_line_08,zh_tra,single_line,7,1.4,opencv_bilinear,1.3977272727272727,1.3977272727272727,,canonical/zh_line_08/r_1p400000.png,66e89815b2bd02ff5aeae4d5b7ffba119f0fb882a6b23c4639cc920845a648a2,resized/opencv_bilinear/zh_line_08/r_1p400000.png,5543c9abd78aea324f3624f4cd0fca9c847d36f6827dbfbeed8c47ed8c23546a,/home/karan/ocr_study/fonts/microsoft-jhenghei.ttf,0,25,16,22.4,23,0.6000000000000014,17,False,今我來思雨雪霏霏,,今我來思雨雪霏霏,,8,8,1.0,0.08720932800042647,ok,
zh_line_08,zh_tra,single_line,7,1.4,lanczos2_7tap_16phase,1.3977272727272727,1.3977272727272727,,canonical/zh_line_08/r_1p400000.png,66e89815b2bd02ff5aeae4d5b7ffba119f0fb882a6b23c4639cc920845a648a2,resized/lanczos2_7tap_16phase/zh_line_08/r_1p400000.png,1034051c782720cc49ed3757523fc0cc6abaa0a4148a6c5be27da60ac0038728,/home/karan/ocr_study/fonts/microsoft-jhenghei.ttf,0,25,16,22.4,23,0.6000000000000014,17,False,今我來思雨雪霏霏,"今我來思雨雪罪霏
",今我來思雨雪霏霏,今我來思雨雪罪霏,1,8,0.125,0.09703566200005298,ok,
zh_line_08,zh_tra,single_line,7,1.4,lanczos3_7tap_16phase,1.3977272727272727,1.3977272727272727,,canonical/zh_line_08/r_1p400000.png,66e89815b2bd02ff5aeae4d5b7ffba119f0fb882a6b23c4639cc920845a648a2,resized/lanczos3_7tap_16phase/zh_line_08/r_1p400000.png,29190b10d5b090dc35649f61d7e2da8c64df31e1c40eed5a10527afec8aeae84,/home/karan/ocr_study/fonts/microsoft-jhenghei.ttf,0,25,16,22.4,23,0.6000000000000014,17,False,今我來思雨雪霏霏,"今我來思雨雪罪霏
",今我來思雨雪霏霏,今我來思雨雪罪霏,1,8,0.125,0.09602239899959386,ok,
zh_line_08,zh_tra,single_line,7,1.533333333333,bin_floor,1.0,1.0,1,canonical/zh_line_08/r_1p533333.png,a2c59d3028f184d6483995d15a25c099b8288c56c0ca8ae5173345834ffb95fe,resized/bin_floor/zh_line_08/r_1p533333.png,a2c59d3028f184d6483995d15a25c099b8288c56c0ca8ae5173345834ffb95fe,/home/karan/ocr_study/fonts/microsoft-jhenghei.ttf,0,27,16,24.533333333328,25,0.4666666666720012,25,False,今我來思雨雪霏霏,,今我來思雨雪霏霏,,8,8,1.0,0.08414703200014628,ok,
zh_line_08,zh_tra,single_line,7,1.533333333333,bin_ceil,2.0,2.0,2,canonical/zh_line_08/r_1p533333.png,a2c59d3028f184d6483995d15a25c099b8288c56c0ca8ae5173345834ffb95fe,resized/bin_ceil/zh_line_08/r_1p533333.png,4b53993656198cc65b989a591bda60e78111f511ccb8ef68f937ab2a50f0b90e,/home/karan/ocr_study/fonts/microsoft-jhenghei.ttf,0,27,16,24.533333333328,25,0.4666666666720012,13,False,今我來思雨雪霏霏,"今我來思雨雪罪罪
",今我來思雨雪霏霏,今我來思雨雪罪罪,2,8,0.25,0.09572423800000252,ok,
zh_line_08,zh_tra,single_line,7,1.533333333333,opencv_bilinear,1.5340909090909092,1.5340909090909092,,canonical/zh_line_08/r_1p533333.png,a2c59d3028f184d6483995d15a25c099b8288c56c0ca8ae5173345834ffb95fe,resized/opencv_bilinear/zh_line_08/r_1p533333.png,eb897972c704976c8cae59d24aaabe4d80662c17ace06a28b3299eddc92e13a8,/home/karan/ocr_study/fonts/microsoft-jhenghei.ttf,0,27,16,24.533333333328,25,0.4666666666720012,17,False,今我來思雨雪霏霏,"今我來思雨雪罪霏
",今我來思雨雪霏霏,今我來思雨雪罪霏,1,8,0.125,0.09653826500016294,ok,
zh_line_08,zh_tra,single_line,7,1.533333333333,lanczos2_7tap_16phase,1.5340909090909092,1.5340909090909092,,canonical/zh_line_08/r_1p533333.png,a2c59d3028f184d6483995d15a25c099b8288c56c0ca8ae5173345834ffb95fe,resized/lanczos2_7tap_16phase/zh_line_08/r_1p533333.png,ab55af15a614827e93035bcf10e5f8b0842a6d822b9fe542e4a08759849fc714,/home/karan/ocr_study/fonts/microsoft-jhenghei.ttf,0,27,16,24.533333333328,25,0.4666666666720012,17,False,今我來思雨雪霏霏,"今我來思雨雪霏罪
",今我來思雨雪霏霏,今我來思雨雪霏罪,1,8,0.125,0.09521534000032261,ok,
zh_line_08,zh_tra,single_line,7,1.533333333333,lanczos3_7tap_16phase,1.5340909090909092,1.5340909090909092,,canonical/zh_line_08/r_1p533333.png,a2c59d3028f184d6483995d15a25c099b8288c56c0ca8ae5173345834ffb95fe,resized/lanczos3_7tap_16phase/zh_line_08/r_1p533333.png,4d76be7e43dd77e1702710af17ce16d4f203a9e9dc23065b4453e98d7badeee3,/home/karan/ocr_study/fonts/microsoft-jhenghei.ttf,0,27,16,24.533333333328,25,0.4666666666720012,17,False,今我來思雨雪霏霏,"今我來思雨雪霏罪
",今我來思雨雪霏霏,今我來思雨雪霏罪,1,8,0.125,0.09578460600005201,ok,
zh_line_08,zh_tra,single_line,7,1.666666666667,bin_floor,1.0,1.0,1,canonical/zh_line_08/r_1p666667.png,a9a133fdfe72032105568f461538f8946784864ac22c7c5e176dccf8687b3946,resized/bin_floor/zh_line_08/r_1p666667.png,a9a133fdfe72032105568f461538f8946784864ac22c7c5e176dccf8687b3946,/home/karan/ocr_study/fonts/microsoft-jhenghei.ttf,0,30,16,26.666666666672,27,0.3333333333279995,27,False,今我來思雨雪霏霏,"今我來思十要罪點
",今我來思雨雪霏霏,今我來思十要罪點,4,8,0.5,0.09000651499991363,ok,
zh_line_08,zh_tra,single_line,7,1.666666666667,bin_ceil,2.0,2.0,2,canonical/zh_line_08/r_1p666667.png,a9a133fdfe72032105568f461538f8946784864ac22c7c5e176dccf8687b3946,resized/bin_ceil/zh_line_08/r_1p666667.png,c42b2f454622c7c9e4671c5519bfc93ae7d8d25ef3af3585c0ccb1c3c1540d36,/home/karan/ocr_study/fonts/microsoft-jhenghei.ttf,0,30,16,26.666666666672,27,0.3333333333279995,14,False,今我來思雨雪霏霏,"今我來思雨殼罪罪
",今我來思雨雪霏霏,今我來思雨殼罪罪,3,8,0.375,0.09692516499944759,ok,
zh_line_08,zh_tra,single_line,7,1.666666666667,opencv_bilinear,1.6704545454545454,1.6704545454545454,,canonical/zh_line_08/r_1p666667.png,a9a133fdfe72032105568f461538f8946784864ac22c7c5e176dccf8687b3946,resized/opencv_bilinear/zh_line_08/r_1p666667.png,dd4faf22d84a63717ad94bfd596c68e459743da0dec1c0148e34bc4607ca2fb9,/home/karan/ocr_study/fonts/microsoft-jhenghei.ttf,0,30,16,26.666666666672,27,0.3333333333279995,17,False,今我來思雨雪霏霏,"今我來思兩雪霏霏
",今我來思雨雪霏霏,今我來思兩雪霏霏,1,8,0.125,0.09746209100012493,ok,
zh_line_08,zh_tra,single_line,7,1.666666666667,lanczos2_7tap_16phase,1.6704545454545454,1.6704545454545454,,canonical/zh_line_08/r_1p666667.png,a9a133fdfe72032105568f461538f8946784864ac22c7c5e176dccf8687b3946,resized/lanczos2_7tap_16phase/zh_line_08/r_1p666667.png,8ffacb68889eed192f7dd2140e2f535c3a06dd5b59b93f00f0b4d038fc566097,/home/karan/ocr_study/fonts/microsoft-jhenghei.ttf,0,30,16,26.666666666672,27,0.3333333333279995,17,False,今我來思雨雪霏霏,"今我來思雨雪霏霏
",今我來思雨雪霏霏,今我來思雨雪霏霏,0,8,0.0,0.09572873300021456,ok,
zh_line_08,zh_tra,single_line,7,1.666666666667,lanczos3_7tap_16phase,1.6704545454545454,1.6704545454545454,,canonical/zh_line_08/r_1p666667.png,a9a133fdfe72032105568f461538f8946784864ac22c7c5e176dccf8687b3946,resized/lanczos3_7tap_16phase/zh_line_08/r_1p666667.png,9febee62ec8ff84ed98bc7cf50319a40ddda6be90465d400dbc79210ca9a2fd5,/home/karan/ocr_study/fonts/microsoft-jhenghei.ttf,0,30,16,26.666666666672,27,0.3333333333279995,17,False,今我來思雨雪霏霏,"今我來思雨雪霏霏
",今我來思雨雪霏霏,今我來思雨雪霏霏,0,8,0.0,0.09487091299979511,ok,
zh_line_08,zh_tra,single_line,7,1.8,bin_floor,1.0,1.0,1,canonical/zh_line_08/r_1p800000.png,5761b97acc6b3e15d3a7ae65aba5944b04f467ac18dce897110b3b6e0bdfeab4,resized/bin_floor/zh_line_08/r_1p800000.png,5761b97acc6b3e15d3a7ae65aba5944b04f467ac18dce897110b3b6e0bdfeab4,/home/karan/ocr_study/fonts/microsoft-jhenghei.ttf,0,32,16,28.8,29,0.1999999999999993,29,False,今我來思雨雪霏霏,,今我來思雨雪霏霏,,8,8,1.0,0.09249109600023075,ok,
zh_line_08,zh_tra,single_line,7,1.8,bin_ceil,2.0,2.0,2,canonical/zh_line_08/r_1p800000.png,5761b97acc6b3e15d3a7ae65aba5944b04f467ac18dce897110b3b6e0bdfeab4,resized/bin_ceil/zh_line_08/r_1p800000.png,3594f9bdbd033016f738b32bfbbacb9b4c31d750b655678bfcaf283f191077dc,/home/karan/ocr_study/fonts/microsoft-jhenghei.ttf,0,32,16,28.8,29,0.1999999999999993,15,False,今我來思雨雪霏霏,"今我來思雨雪若若
",今我來思雨雪霏霏,今我來思雨雪若若,2,8,0.25,0.0963552700004584,ok,
zh_line_08,zh_tra,single_line,7,1.8,opencv_bilinear,1.7966101694915255,1.7966101694915255,,canonical/zh_line_08/r_1p800000.png,5761b97acc6b3e15d3a7ae65aba5944b04f467ac18dce897110b3b6e0bdfeab4,resized/opencv_bilinear/zh_line_08/r_1p800000.png,20ec7ece3e5c97784ad05f84661ca8929624c3656edba4379dce53a6a63ef086,/home/karan/ocr_study/fonts/microsoft-jhenghei.ttf,0,32,16,28.8,29,0.1999999999999993,17,False,今我來思雨雪霏霏,,今我來思雨雪霏霏,,8,8,1.0,0.08743506900009379,ok,
zh_line_08,zh_tra,single_line,7,1.8,lanczos2_7tap_16phase,1.7966101694915255,1.7966101694915255,,canonical/zh_line_08/r_1p800000.png,5761b97acc6b3e15d3a7ae65aba5944b04f467ac18dce897110b3b6e0bdfeab4,resized/lanczos2_7tap_16phase/zh_line_08/r_1p800000.png,0bf9053d567cdddf49fe1a07d3ce0053da2d0f2982c26212fe23feef9c604d75,/home/karan/ocr_study/fonts/microsoft-jhenghei.ttf,0,32,16,28.8,29,0.1999999999999993,17,False,今我來思雨雪霏霏,,今我來思雨雪霏霏,,8,8,1.0,0.08559854400027689,ok,
zh_line_08,zh_tra,single_line,7,1.8,lanczos3_7tap_16phase,1.7966101694915255,1.7966101694915255,,canonical/zh_line_08/r_1p800000.png,5761b97acc6b3e15d3a7ae65aba5944b04f467ac18dce897110b3b6e0bdfeab4,resized/lanczos3_7tap_16phase/zh_line_08/r_1p800000.png,39f78cbaf4773fb19184b2329d2ffa7b3a43a8204b7cc242193f2659fa788240,/home/karan/ocr_study/fonts/microsoft-jhenghei.ttf,0,32,16,28.8,29,0.1999999999999993,17,False,今我來思雨雪霏霏,"今我來思兩雪罪霏
",今我來思雨雪霏霏,今我來思兩雪罪霏,2,8,0.25,0.09576067400030297,ok,
zh_line_08,zh_tra,single_line,7,1.933333333333,bin_floor,1.0,1.0,1,canonical/zh_line_08/r_1p933333.png,aec6efceca8b3a9684956e9c1571bea99565e73390ef3cf20ca63a3a38e3a86b,resized/bin_floor/zh_line_08/r_1p933333.png,aec6efceca8b3a9684956e9c1571bea99565e73390ef3cf20ca63a3a38e3a86b,/home/karan/ocr_study/fonts/microsoft-jhenghei.ttf,0,35,16,30.933333333328,31,0.06666666667199905,31,False,今我來思雨雪霏霏,,今我來思雨雪霏霏,,8,8,1.0,0.08817457999975886,ok,
zh_line_08,zh_tra,single_line,7,1.933333333333,bin_ceil,2.0,2.0,2,canonical/zh_line_08/r_1p933333.png,aec6efceca8b3a9684956e9c1571bea99565e73390ef3cf20ca63a3a38e3a86b,resized/bin_ceil/zh_line_08/r_1p933333.png,15a2e18ec135ff4e0d42bf388f7befeab1f03930f8bd880eee47e7bdfeec6c27,/home/karan/ocr_study/fonts/microsoft-jhenghei.ttf,0,35,16,30.933333333328,31,0.06666666667199905,16,False,今我來思雨雪霏霏,,今我來思雨雪霏霏,,8,8,1.0,0.08648984400042536,ok,
zh_line_08,zh_tra,single_line,7,1.933333333333,opencv_bilinear,1.9322033898305084,1.9322033898305084,,canonical/zh_line_08/r_1p933333.png,aec6efceca8b3a9684956e9c1571bea99565e73390ef3cf20ca63a3a38e3a86b,resized/opencv_bilinear/zh_line_08/r_1p933333.png,ce20ab55b8bbd422b99427e7b1009a732d8455ef5da14f548f4b65255383dad6,/home/karan/ocr_study/fonts/microsoft-jhenghei.ttf,0,35,16,30.933333333328,31,0.06666666667199905,17,False,今我來思雨雪霏霏,,今我來思雨雪霏霏,,8,8,1.0,0.08995549399969605,ok,
zh_line_08,zh_tra,single_line,7,1.933333333333,lanczos2_7tap_16phase,1.9322033898305084,1.9322033898305084,,canonical/zh_line_08/r_1p933333.png,aec6efceca8b3a9684956e9c1571bea99565e73390ef3cf20ca63a3a38e3a86b,resized/lanczos2_7tap_16phase/zh_line_08/r_1p933333.png,641a77fde70bfd86b12cacbc600f2ae7503354fc24b40b5e07c5cf5245a6cdd0,/home/karan/ocr_study/fonts/microsoft-jhenghei.ttf,0,35,16,30.933333333328,31,0.06666666667199905,17,False,今我來思雨雪霏霏,,今我來思雨雪霏霏,,8,8,1.0,0.08545915800004877,ok,
zh_line_08,zh_tra,single_line,7,1.933333333333,lanczos3_7tap_16phase,1.9322033898305084,1.9322033898305084,,canonical/zh_line_08/r_1p933333.png,aec6efceca8b3a9684956e9c1571bea99565e73390ef3cf20ca63a3a38e3a86b,resized/lanczos3_7tap_16phase/zh_line_08/r_1p933333.png,f29e658e3eaad4556c40c3131140fdd55ea0d60ccf9c21771ec68807ab37a547,/home/karan/ocr_study/fonts/microsoft-jhenghei.ttf,0,35,16,30.933333333328,31,0.06666666667199905,17,False,今我來思雨雪霏霏,"今我來思兩雪霏霏
",今我來思雨雪霏霏,今我來思兩雪霏霏,1,8,0.125,0.09592220400008955,ok,
zh_line_08,zh_tra,single_line,7,2.066666666667,bin_floor,2.0,2.0,2,canonical/zh_line_08/r_2p066667.png,58769837f3c7f6df1f1085c2092c83e0e9eeddc0bd81e0e3f9e53fe02e06af32,resized/bin_floor/zh_line_08/r_2p066667.png,8fc7eeae04d950594af886edd49155fc89ae696d1f7b7ea18bde85ccbd534618,/home/karan/ocr_study/fonts/microsoft-jhenghei.ttf,0,36,16,33.066666666672,33,-0.06666666667199905,16,False,今我來思雨雪霏霏,"今我來思兩雪罪罪
",今我來思雨雪霏霏,今我來思兩雪罪罪,3,8,0.375,0.09693600900027377,ok,
zh_line_08,zh_tra,single_line,7,2.066666666667,bin_ceil,3.0,3.0,3,canonical/zh_line_08/r_2p066667.png,58769837f3c7f6df1f1085c2092c83e0e9eeddc0bd81e0e3f9e53fe02e06af32,resized/bin_ceil/zh_line_08/r_2p066667.png,f3fc8542777b8432353f1533bc3034f06c87b9905b1b5938bb8ca3cb18bd9c5c,/home/karan/ocr_study/fonts/microsoft-jhenghei.ttf,0,36,16,33.066666666672,33,-0.06666666667199905,11,False,今我來思雨雪霏霏,"今我來軋而雪完共
",今我來思雨雪霏霏,今我來軋而雪完共,4,8,0.5,0.09451448100026028,ok,
zh_line_08,zh_tra,single_line,7,2.066666666667,opencv_bilinear,2.0701754385964914,2.0701754385964914,,canonical/zh_line_08/r_2p066667.png,58769837f3c7f6df1f1085c2092c83e0e9eeddc0bd81e0e3f9e53fe02e06af32,resized/opencv_bilinear/zh_line_08/r_2p066667.png,cda87939810534578321edafe54e1d81f0ab94cfa5b068febdbceba9d0487ae9,/home/karan/ocr_study/fonts/microsoft-jhenghei.ttf,0,36,16,33.066666666672,33,-0.06666666667199905,16,False,今我來思雨雪霏霏,"今我來恩兩雪罪罪
",今我來思雨雪霏霏,今我來恩兩雪罪罪,4,8,0.5,0.09779312999944523,ok,
zh_line_08,zh_tra,single_line,7,2.066666666667,lanczos2_7tap_16phase,2.0701754385964914,2.0701754385964914,,canonical/zh_line_08/r_2p066667.png,58769837f3c7f6df1f1085c2092c83e0e9eeddc0bd81e0e3f9e53fe02e06af32,resized/lanczos2_7tap_16phase/zh_line_08/r_2p066667.png,7d8ff65a54cd09625cee1ca200c625c0dc52bacabda30cec255292c4509bca35,/home/karan/ocr_study/fonts/microsoft-jhenghei.ttf,0,36,16,33.066666666672,33,-0.06666666667199905,16,False,今我來思雨雪霏霏,,今我來思雨雪霏霏,,8,8,1.0,0.08464067200020509,ok,
zh_line_08,zh_tra,single_line,7,2.066666666667,lanczos3_7tap_16phase,2.0701754385964914,2.0701754385964914,,canonical/zh_line_08/r_2p066667.png,58769837f3c7f6df1f1085c2092c83e0e9eeddc0bd81e0e3f9e53fe02e06af32,resized/lanczos3_7tap_16phase/zh_line_08/r_2p066667.png,ee5d3d6739d95f4dfbdd51298c864e688545ef62ca191ce83161980fe444e74e,/home/karan/ocr_study/fonts/microsoft-jhenghei.ttf,0,36,16,33.066666666672,33,-0.06666666667199905,16,False,今我來思雨雪霏霏,"今我來思雨雪霏霏
",今我來思雨雪霏霏,今我來思雨雪霏霏,0,8,0.0,0.09598603300037212,ok,
zh_line_08,zh_tra,single_line,7,2.2,bin_floor,2.0,2.0,2,canonical/zh_line_08/r_2p200000.png,7cfd7ea1a196587242ca734c98287cab03947a579f857ba7c480d4cddd44b64e,resized/bin_floor/zh_line_08/r_2p200000.png,269bc08f94887f19a00a1d4d97f5f728585a705529a5e5194a882f60382a7e0e,/home/karan/ocr_study/fonts/microsoft-jhenghei.ttf,0,38,16,35.2,35,-0.20000000000000284,18,False,今我來思雨雪霏霏,"今我來思兩雪罪霏
",今我來思雨雪霏霏,今我來思兩雪罪霏,2,8,0.25,0.09662796999964485,ok,
zh_line_08,zh_tra,single_line,7,2.2,bin_ceil,3.0,3.0,3,canonical/zh_line_08/r_2p200000.png,7cfd7ea1a196587242ca734c98287cab03947a579f857ba7c480d4cddd44b64e,resized/bin_ceil/zh_line_08/r_2p200000.png,86414c2515c767cf690112a3a414acfb92ecebc4f2e133dc850aeac3b2907ebc,/home/karan/ocr_study/fonts/microsoft-jhenghei.ttf,0,38,16,35.2,35,-0.20000000000000284,12,False,今我來思雨雪霏霏,"今我來思十理罪四
",今我來思雨雪霏霏,今我來思十理罪四,4,8,0.5,0.09383144299954438,ok,
zh_line_08,zh_tra,single_line,7,2.2,opencv_bilinear,2.197674418604651,2.197674418604651,,canonical/zh_line_08/r_2p200000.png,7cfd7ea1a196587242ca734c98287cab03947a579f857ba7c480d4cddd44b64e,resized/opencv_bilinear/zh_line_08/r_2p200000.png,23b6a7acad1691bcd227ae4bbf4daed60ad015c66a077b728a2f5a85f0bd851c,/home/karan/ocr_study/fonts/microsoft-jhenghei.ttf,0,38,16,35.2,35,-0.20000000000000284,16,False,今我來思雨雪霏霏,,今我來思雨雪霏霏,,8,8,1.0,0.08583671600081288,ok,
zh_line_08,zh_tra,single_line,7,2.2,lanczos2_7tap_16phase,2.197674418604651,2.197674418604651,,canonical/zh_line_08/r_2p200000.png,7cfd7ea1a196587242ca734c98287cab03947a579f857ba7c480d4cddd44b64e,resized/lanczos2_7tap_16phase/zh_line_08/r_2p200000.png,4106d38aecf24facb3a2fd498ec2047c7106046b650d7bd54dbe3e5d25717a73,/home/karan/ocr_study/fonts/microsoft-jhenghei.ttf,0,38,16,35.2,35,-0.20000000000000284,17,False,今我來思雨雪霏霏,"今我來思兩雪罪罪
",今我來思雨雪霏霏,今我來思兩雪罪罪,3,8,0.375,0.09495998700003838,ok,
zh_line_08,zh_tra,single_line,7,2.2,lanczos3_7tap_16phase,2.197674418604651,2.197674418604651,,canonical/zh_line_08/r_2p200000.png,7cfd7ea1a196587242ca734c98287cab03947a579f857ba7c480d4cddd44b64e,resized/lanczos3_7tap_16phase/zh_line_08/r_2p200000.png,3871b0881f2411650fc7c9cb6bb43237d0c2e9fe2bc090c0e65a9715525b6b6f,/home/karan/ocr_study/fonts/microsoft-jhenghei.ttf,0,38,16,35.2,35,-0.20000000000000284,17,False,今我來思雨雪霏霏,"今我來思兩雪罪罪
",今我來思雨雪霏霏,今我來思兩雪罪罪,3,8,0.375,0.09560863500064443,ok,
zh_line_08,zh_tra,single_line,7,2.333333333333,bin_floor,2.0,2.0,2,canonical/zh_line_08/r_2p333333.png,be52c4bd8a2835884ae9510315cf09cf476e72005da4dad51a7f20b2b69f9bac,resized/bin_floor/zh_line_08/r_2p333333.png,46513a345a45b5778d211f0193589ee4331eed0c6019763e823fc0a3ad7ac4a3,/home/karan/ocr_study/fonts/microsoft-jhenghei.ttf,0,42,16,37.333333333328,37,-0.3333333333279995,18,False,今我來思雨雪霏霏,,今我來思雨雪霏霏,,8,8,1.0,0.08531953800047631,ok,
zh_line_08,zh_tra,single_line,7,2.333333333333,bin_ceil,3.0,3.0,3,canonical/zh_line_08/r_2p333333.png,be52c4bd8a2835884ae9510315cf09cf476e72005da4dad51a7f20b2b69f9bac,resized/bin_ceil/zh_line_08/r_2p333333.png,49a1cbc84b1570166e31793dc1a195258c3effdac6ce1bfafcdbedfe20ba06c4,/home/karan/ocr_study/fonts/microsoft-jhenghei.ttf,0,42,16,37.333333333328,37,-0.3333333333279995,13,False,今我來思雨雪霏霏,"今我來思雨雪霏霏
",今我來思雨雪霏霏,今我來思雨雪霏霏,0,8,0.0,0.09793939300016063,ok,
zh_line_08,zh_tra,single_line,7,2.333333333333,opencv_bilinear,2.3389830508474576,2.3389830508474576,,canonical/zh_line_08/r_2p333333.png,be52c4bd8a2835884ae9510315cf09cf476e72005da4dad51a7f20b2b69f9bac,resized/opencv_bilinear/zh_line_08/r_2p333333.png,14671f3fcd4618f618e24b2e7da93498f9fd231c324fd2d1dc9a7334cd6e33de,/home/karan/ocr_study/fonts/microsoft-jhenghei.ttf,0,42,16,37.333333333328,37,-0.3333333333279995,16,False,今我來思雨雪霏霏,,今我來思雨雪霏霏,,8,8,1.0,0.09258176599996659,ok,
zh_line_08,zh_tra,single_line,7,2.333333333333,lanczos2_7tap_16phase,2.3389830508474576,2.3389830508474576,,canonical/zh_line_08/r_2p333333.png,be52c4bd8a2835884ae9510315cf09cf476e72005da4dad51a7f20b2b69f9bac,resized/lanczos2_7tap_16phase/zh_line_08/r_2p333333.png,72a4f040f64967c6b136111deb1966a2df4127b57b3fd3c2f9297227364cf18a,/home/karan/ocr_study/fonts/microsoft-jhenghei.ttf,0,42,16,37.333333333328,37,-0.3333333333279995,16,False,今我來思雨雪霏霏,,今我來思雨雪霏霏,,8,8,1.0,0.08442711699990468,ok,
zh_line_08,zh_tra,single_line,7,2.333333333333,lanczos3_7tap_16phase,2.3389830508474576,2.3389830508474576,,canonical/zh_line_08/r_2p333333.png,be52c4bd8a2835884ae9510315cf09cf476e72005da4dad51a7f20b2b69f9bac,resized/lanczos3_7tap_16phase/zh_line_08/r_2p333333.png,133af2fd8f188bd65cc06a3710982d98319c7bedfa6140eefe57a2539b9730ad,/home/karan/ocr_study/fonts/microsoft-jhenghei.ttf,0,42,16,37.333333333328,37,-0.3333333333279995,16,False,今我來思雨雪霏霏,"今我來思兩雪罪罪
",今我來思雨雪霏霏,今我來思兩雪罪罪,3,8,0.375,0.096495564000179,ok,
zh_line_08,zh_tra,single_line,7,2.466666666667,bin_floor,2.0,2.0,2,canonical/zh_line_08/r_2p466667.png,5a216113d3d605443b49d08cc997d11ec0b3a12756b34f087836a241674ba462,resized/bin_floor/zh_line_08/r_2p466667.png,29aa26eda722c65c000c7243f487a8e229f8bfe05ca7058464f64376227d0866,/home/karan/ocr_study/fonts/microsoft-jhenghei.ttf,0,44,16,39.466666666672,40,0.5333333333280024,20,False,今我來思雨雪霏霏,,今我來思雨雪霏霏,,8,8,1.0,0.08533053399969504,ok,
zh_line_08,zh_tra,single_line,7,2.466666666667,bin_ceil,3.0,3.0,3,canonical/zh_line_08/r_2p466667.png,5a216113d3d605443b49d08cc997d11ec0b3a12756b34f087836a241674ba462,resized/bin_ceil/zh_line_08/r_2p466667.png,23bf832df3ae4e4ac2e51baefb78377d4418a617f2c66281b8c95cc19cf4e44f,/home/karan/ocr_study/fonts/microsoft-jhenghei.ttf,0,44,16,39.466666666672,40,0.5333333333280024,14,False,今我來思雨雪霏霏,"今我來思雨雪霏霏
",今我來思雨雪霏霏,今我來思雨雪霏霏,0,8,0.0,0.09647989299992332,ok,
zh_line_08,zh_tra,single_line,7,2.466666666667,opencv_bilinear,2.4685714285714284,2.4685714285714284,,canonical/zh_line_08/r_2p466667.png,5a216113d3d605443b49d08cc997d11ec0b3a12756b34f087836a241674ba462,resized/opencv_bilinear/zh_line_08/r_2p466667.png,1c6ec064af65c2470986ad071eb118024c5fe37d36852ae5563178239fc2950b,/home/karan/ocr_study/fonts/microsoft-jhenghei.ttf,0,44,16,39.466666666672,40,0.5333333333280024,17,False,今我來思雨雪霏霏,"今我來思雨要罪霹
",今我來思雨雪霏霏,今我來思雨要罪霹,3,8,0.375,0.09501906799960125,ok,
zh_line_08,zh_tra,single_line,7,2.466666666667,lanczos2_7tap_16phase,2.4685714285714284,2.4685714285714284,,canonical/zh_line_08/r_2p466667.png,5a216113d3d605443b49d08cc997d11ec0b3a12756b34f087836a241674ba462,resized/lanczos2_7tap_16phase/zh_line_08/r_2p466667.png,cb6f3f85529ec5a34e371e2023583d1a147a4b308ff559f8f686611f49e4adab,/home/karan/ocr_study/fonts/microsoft-jhenghei.ttf,0,44,16,39.466666666672,40,0.5333333333280024,17,False,今我來思雨雪霏霏,"今我來思雨雪罪霏
",今我來思雨雪霏霏,今我來思雨雪罪霏,1,8,0.125,0.09528955199948541,ok,
zh_line_08,zh_tra,single_line,7,2.466666666667,lanczos3_7tap_16phase,2.4685714285714284,2.4685714285714284,,canonical/zh_line_08/r_2p466667.png,5a216113d3d605443b49d08cc997d11ec0b3a12756b34f087836a241674ba462,resized/lanczos3_7tap_16phase/zh_line_08/r_2p466667.png,5563867d2b2a336bf986bb39136b9ddbd9a910f1eadff2627250d4a5a96af760,/home/karan/ocr_study/fonts/microsoft-jhenghei.ttf,0,44,16,39.466666666672,40,0.5333333333280024,17,False,今我來思雨雪霏霏,"今我來思雨雪霏霏
",今我來思雨雪霏霏,今我來思雨雪霏霏,0,8,0.0,0.09550900499925774,ok,
zh_line_08,zh_tra,single_line,7,2.6,bin_floor,2.0,2.0,2,canonical/zh_line_08/r_2p600000.png,810e7c9dbfbe4933f99b230296528b71c37f2a3c993dc8f230d38c9b324c86ec,resized/bin_floor/zh_line_08/r_2p600000.png,f529ca5fc80622af49eab49b8907f4ac5a454c60123a2e547547a424434ec94b,/home/karan/ocr_study/fonts/microsoft-jhenghei.ttf,0,45,16,41.6,41,-0.6000000000000014,21,False,今我來思雨雪霏霏,,今我來思雨雪霏霏,,8,8,1.0,0.08348601700072322,ok,
zh_line_08,zh_tra,single_line,7,2.6,bin_ceil,3.0,3.0,3,canonical/zh_line_08/r_2p600000.png,810e7c9dbfbe4933f99b230296528b71c37f2a3c993dc8f230d38c9b324c86ec,resized/bin_ceil/zh_line_08/r_2p600000.png,d00aa0d944843b987816855907d7bba2adab637dd346de5f671c476cf86e3265,/home/karan/ocr_study/fonts/microsoft-jhenghei.ttf,0,45,16,41.6,41,-0.6000000000000014,14,False,今我來思雨雪霏霏,"今我來思雨雪霏霏
",今我來思雨雪霏霏,今我來思雨雪霏霏,0,8,0.0,0.09558955600004992,ok,
zh_line_08,zh_tra,single_line,7,2.6,opencv_bilinear,2.5964912280701755,2.5964912280701755,,canonical/zh_line_08/r_2p600000.png,810e7c9dbfbe4933f99b230296528b71c37f2a3c993dc8f230d38c9b324c86ec,resized/opencv_bilinear/zh_line_08/r_2p600000.png,8769333a45dff100c8be9d668a9b439c5e47f0f9b3a320d5e45b782bf11c17eb,/home/karan/ocr_study/fonts/microsoft-jhenghei.ttf,0,45,16,41.6,41,-0.6000000000000014,16,False,今我來思雨雪霏霏,"今我來軋兩雪罪罪
",今我來思雨雪霏霏,今我來軋兩雪罪罪,4,8,0.5,0.09680753300017386,ok,
zh_line_08,zh_tra,single_line,7,2.6,lanczos2_7tap_16phase,2.5964912280701755,2.5964912280701755,,canonical/zh_line_08/r_2p600000.png,810e7c9dbfbe4933f99b230296528b71c37f2a3c993dc8f230d38c9b324c86ec,resized/lanczos2_7tap_16phase/zh_line_08/r_2p600000.png,2bc0023cb72514a1de4d322a71c6d323161338425995334ea470334548478587,/home/karan/ocr_study/fonts/microsoft-jhenghei.ttf,0,45,16,41.6,41,-0.6000000000000014,17,False,今我來思雨雪霏霏,,今我來思雨雪霏霏,,8,8,1.0,0.08393048100060696,ok,
zh_line_08,zh_tra,single_line,7,2.6,lanczos3_7tap_16phase,2.5964912280701755,2.5964912280701755,,canonical/zh_line_08/r_2p600000.png,810e7c9dbfbe4933f99b230296528b71c37f2a3c993dc8f230d38c9b324c86ec,resized/lanczos3_7tap_16phase/zh_line_08/r_2p600000.png,1e4baefe1beabc6f80acd0543b3665528d3d7682a0c7d38c5d223a3e965f298e,/home/karan/ocr_study/fonts/microsoft-jhenghei.ttf,0,45,16,41.6,41,-0.6000000000000014,17,False,今我來思雨雪霏霏,"今我來思雨雪罪罪
",今我來思雨雪霏霏,今我來思雨雪罪罪,2,8,0.25,0.0948994260006657,ok,
zh_line_08,zh_tra,single_line,7,2.625,bin_floor,2.0,2.0,2,canonical/zh_line_08/r_2p625000.png,810e7c9dbfbe4933f99b230296528b71c37f2a3c993dc8f230d38c9b324c86ec,resized/bin_floor/zh_line_08/r_2p625000.png,f529ca5fc80622af49eab49b8907f4ac5a454c60123a2e547547a424434ec94b,/home/karan/ocr_study/fonts/microsoft-jhenghei.ttf,0,45,16,42.0,41,-1.0,21,False,今我來思雨雪霏霏,,今我來思雨雪霏霏,,8,8,1.0,0.08332488599990029,ok,
zh_line_08,zh_tra,single_line,7,2.625,bin_ceil,3.0,3.0,3,canonical/zh_line_08/r_2p625000.png,810e7c9dbfbe4933f99b230296528b71c37f2a3c993dc8f230d38c9b324c86ec,resized/bin_ceil/zh_line_08/r_2p625000.png,d00aa0d944843b987816855907d7bba2adab637dd346de5f671c476cf86e3265,/home/karan/ocr_study/fonts/microsoft-jhenghei.ttf,0,45,16,42.0,41,-1.0,14,False,今我來思雨雪霏霏,"今我來思雨雪霏霏
",今我來思雨雪霏霏,今我來思雨雪霏霏,0,8,0.0,0.09506365600009303,ok,
zh_line_08,zh_tra,single_line,7,2.625,opencv_bilinear,2.6272189349112427,2.6272189349112427,,canonical/zh_line_08/r_2p625000.png,810e7c9dbfbe4933f99b230296528b71c37f2a3c993dc8f230d38c9b324c86ec,resized/opencv_bilinear/zh_line_08/r_2p625000.png,9215cc78c16e89f76447eeeef75e236e9fa1e1b2f83dac4cdd37cfc348625282,/home/karan/ocr_study/fonts/microsoft-jhenghei.ttf,0,45,16,42.0,41,-1.0,16,False,今我來思雨雪霏霏,"今我來恩雨雪霏霏
",今我來思雨雪霏霏,今我來恩雨雪霏霏,1,8,0.125,0.0961010040000474,ok,
zh_line_08,zh_tra,single_line,7,2.625,lanczos2_7tap_16phase,2.6272189349112427,2.6272189349112427,,canonical/zh_line_08/r_2p625000.png,810e7c9dbfbe4933f99b230296528b71c37f2a3c993dc8f230d38c9b324c86ec,resized/lanczos2_7tap_16phase/zh_line_08/r_2p625000.png,eeda887dec08d3a51a342ccca8418c04ebf9b0609dc36ab0ff1c5d4632b4eb50,/home/karan/ocr_study/fonts/microsoft-jhenghei.ttf,0,45,16,42.0,41,-1.0,17,False,今我來思雨雪霏霏,"今我來思雨雪罪霏
",今我來思雨雪霏霏,今我來思雨雪罪霏,1,8,0.125,0.0940967050000836,ok,
zh_line_08,zh_tra,single_line,7,2.625,lanczos3_7tap_16phase,2.6272189349112427,2.6272189349112427,,canonical/zh_line_08/r_2p625000.png,810e7c9dbfbe4933f99b230296528b71c37f2a3c993dc8f230d38c9b324c86ec,resized/lanczos3_7tap_16phase/zh_line_08/r_2p625000.png,8ecba7f1ec6259dd3cda34acef444731ecfb1b4f491fe0379405e9ba1cb82e47,/home/karan/ocr_study/fonts/microsoft-jhenghei.ttf,0,45,16,42.0,41,-1.0,17,False,今我來思雨雪霏霏,"今我來思雨雪霏霏
",今我來思雨雪霏霏,今我來思雨雪霏霏,0,8,0.0,0.09425288800048293,ok,
zh_line_08,zh_tra,single_line,7,2.733333333333,bin_floor,2.0,2.0,2,canonical/zh_line_08/r_2p733333.png,f91820b1062a0d5993219c5de2672af4187ba29f712ab54ccbd4567603227e40,resized/bin_floor/zh_line_08/r_2p733333.png,8b05ee57da25e754cd87ca02f2a6d10fa8b311e878920dff973024736c5144c3,/home/karan/ocr_study/fonts/microsoft-jhenghei.ttf,0,48,16,43.733333333328,44,0.2666666666720019,23,False,今我來思雨雪霏霏,,今我來思雨雪霏霏,,8,8,1.0,0.08738474199981283,ok,
zh_line_08,zh_tra,single_line,7,2.733333333333,bin_ceil,3.0,3.0,3,canonical/zh_line_08/r_2p733333.png,f91820b1062a0d5993219c5de2672af4187ba29f712ab54ccbd4567603227e40,resized/bin_ceil/zh_line_08/r_2p733333.png,2d12582eac8144f951b056fe3b26d487205d088a54c372e3924e3f00c16b9f65,/home/karan/ocr_study/fonts/microsoft-jhenghei.ttf,0,48,16,43.733333333328,44,0.2666666666720019,16,False,今我來思雨雪霏霏,"今我來思責雪霏霏
",今我來思雨雪霏霏,今我來思責雪霏霏,1,8,0.125,0.0959502320001775,ok,
zh_line_08,zh_tra,single_line,7,2.733333333333,opencv_bilinear,2.739884393063584,2.739884393063584,,canonical/zh_line_08/r_2p733333.png,f91820b1062a0d5993219c5de2672af4187ba29f712ab54ccbd4567603227e40,resized/opencv_bilinear/zh_line_08/r_2p733333.png,4303754d341b4b018472b6e34a22143ebddcda9ffd4e932f76d3dd08ecdd4cfe,/home/karan/ocr_study/fonts/microsoft-jhenghei.ttf,0,48,16,43.733333333328,44,0.2666666666720019,17,False,今我來思雨雪霏霏,"今我來思雨雪罪罪
",今我來思雨雪霏霏,今我來思雨雪罪罪,2,8,0.25,0.0965451709998888,ok,
zh_line_08,zh_tra,single_line,7,2.733333333333,lanczos2_7tap_16phase,2.739884393063584,2.739884393063584,,canonical/zh_line_08/r_2p733333.png,f91820b1062a0d5993219c5de2672af4187ba29f712ab54ccbd4567603227e40,resized/lanczos2_7tap_16phase/zh_line_08/r_2p733333.png,28e8c210d328aa5f8e29dc78eccdfe97198dceb89d9b864f2d91f14a0e9a160a,/home/karan/ocr_study/fonts/microsoft-jhenghei.ttf,0,48,16,43.733333333328,44,0.2666666666720019,17,False,今我來思雨雪霏霏,"今我來思雨雪罪罪
",今我來思雨雪霏霏,今我來思雨雪罪罪,2,8,0.25,0.09422339499997179,ok,
zh_line_08,zh_tra,single_line,7,2.733333333333,lanczos3_7tap_16phase,2.739884393063584,2.739884393063584,,canonical/zh_line_08/r_2p733333.png,f91820b1062a0d5993219c5de2672af4187ba29f712ab54ccbd4567603227e40,resized/lanczos3_7tap_16phase/zh_line_08/r_2p733333.png,6911847ea17af8d64bdcf18e86a864559090c37e8e379332160f5833de7cc0f8,/home/karan/ocr_study/fonts/microsoft-jhenghei.ttf,0,48,16,43.733333333328,44,0.2666666666720019,17,False,今我來思雨雪霏霏,"今我來思雨雪罪霏
",今我來思雨雪霏霏,今我來思雨雪罪霏,1,8,0.125,0.09438907200001267,ok,
zh_line_08,zh_tra,single_line,7,2.866666666667,bin_floor,2.0,2.0,2,canonical/zh_line_08/r_2p866667.png,f51eaf149f5ba44290c96543cebfcef14cfebb838e83970ac4bd435c33737aa5,resized/bin_floor/zh_line_08/r_2p866667.png,5d9c2086687e7df2528bc08e5a012360530a91c496aca623525704c76a65189b,/home/karan/ocr_study/fonts/microsoft-jhenghei.ttf,0,50,16,45.866666666672,46,0.13333333332799668,24,False,今我來思雨雪霏霏,,今我來思雨雪霏霏,,8,8,1.0,0.08648109600017051,ok,
zh_line_08,zh_tra,single_line,7,2.866666666667,bin_ceil,3.0,3.0,3,canonical/zh_line_08/r_2p866667.png,f51eaf149f5ba44290c96543cebfcef14cfebb838e83970ac4bd435c33737aa5,resized/bin_ceil/zh_line_08/r_2p866667.png,5c8cf4750c70502e5857bf7b929ab4316a5252a020d96b70b2343ce3bb84a46a,/home/karan/ocr_study/fonts/microsoft-jhenghei.ttf,0,50,16,45.866666666672,46,0.13333333332799668,16,False,今我來思雨雪霏霏,,今我來思雨雪霏霏,,8,8,1.0,0.08500047599954996,ok,
zh_line_08,zh_tra,single_line,7,2.866666666667,opencv_bilinear,2.86046511627907,2.86046511627907,,canonical/zh_line_08/r_2p866667.png,f51eaf149f5ba44290c96543cebfcef14cfebb838e83970ac4bd435c33737aa5,resized/opencv_bilinear/zh_line_08/r_2p866667.png,2fb2bd28fc54efe8a1db68a58e32a51192ed2320e8d90d332323d83da61ffe35,/home/karan/ocr_study/fonts/microsoft-jhenghei.ttf,0,50,16,45.866666666672,46,0.13333333332799668,16,False,今我來思雨雪霏霏,,今我來思雨雪霏霏,,8,8,1.0,0.0851106019999861,ok,
zh_line_08,zh_tra,single_line,7,2.866666666667,lanczos2_7tap_16phase,2.86046511627907,2.86046511627907,,canonical/zh_line_08/r_2p866667.png,f51eaf149f5ba44290c96543cebfcef14cfebb838e83970ac4bd435c33737aa5,resized/lanczos2_7tap_16phase/zh_line_08/r_2p866667.png,0091d027fedd7068159bf1340297c5b8d2516ce53d8de9c7384f1c9bd15f2447,/home/karan/ocr_study/fonts/microsoft-jhenghei.ttf,0,50,16,45.866666666672,46,0.13333333332799668,16,False,今我來思雨雪霏霏,,今我來思雨雪霏霏,,8,8,1.0,0.08390424800018081,ok,
zh_line_08,zh_tra,single_line,7,2.866666666667,lanczos3_7tap_16phase,2.86046511627907,2.86046511627907,,canonical/zh_line_08/r_2p866667.png,f51eaf149f5ba44290c96543cebfcef14cfebb838e83970ac4bd435c33737aa5,resized/lanczos3_7tap_16phase/zh_line_08/r_2p866667.png,62ad4a822ba58c98e344fa3b7a0d1cdbb77129ec51fb8678cbef7c82759efe23,/home/karan/ocr_study/fonts/microsoft-jhenghei.ttf,0,50,16,45.866666666672,46,0.13333333332799668,18,True,今我來思雨雪霏霏,"今我來思雨雪霏霏
",今我來思雨雪霏霏,今我來思雨雪霏霏,0,8,0.0,0.09426575399993453,ok,
zh_line_08,zh_tra,single_line,7,3.0,bin_floor,3.0,3.0,3,canonical/zh_line_08/r_3p000000.png,706b06c6968c9e6f46f877e6442619d7ff324853c74b7e6ba3f81299920ac587,resized/bin_floor/zh_line_08/r_3p000000.png,aaf79686a96992b2cb9018dda9fc77e3ec6aaa00b14558cabc3124197e41ae77,/home/karan/ocr_study/fonts/microsoft-jhenghei.ttf,0,53,16,48.0,48,0.0,16,False,今我來思雨雪霏霏,,今我來思雨雪霏霏,,8,8,1.0,0.08545632099958311,ok,
zh_line_08,zh_tra,single_line,7,3.0,bin_ceil,3.0,3.0,3,canonical/zh_line_08/r_3p000000.png,706b06c6968c9e6f46f877e6442619d7ff324853c74b7e6ba3f81299920ac587,resized/bin_ceil/zh_line_08/r_3p000000.png,aaf79686a96992b2cb9018dda9fc77e3ec6aaa00b14558cabc3124197e41ae77,/home/karan/ocr_study/fonts/microsoft-jhenghei.ttf,0,53,16,48.0,48,0.0,16,False,今我來思雨雪霏霏,,今我來思雨雪霏霏,,8,8,1.0,0.08581724200030294,ok,
zh_line_08,zh_tra,single_line,7,3.0,opencv_bilinear,3.0,3.0,,canonical/zh_line_08/r_3p000000.png,706b06c6968c9e6f46f877e6442619d7ff324853c74b7e6ba3f81299920ac587,resized/opencv_bilinear/zh_line_08/r_3p000000.png,2caa31a7c7e2e9aabbd6249c7c9c4cc31c3b5cd372ac47b1e7812b04efd19316,/home/karan/ocr_study/fonts/microsoft-jhenghei.ttf,0,53,16,48.0,48,0.0,16,False,今我來思雨雪霏霏,,今我來思雨雪霏霏,,8,8,1.0,0.08527339000011125,ok,
zh_line_08,zh_tra,single_line,7,3.0,lanczos2_7tap_16phase,3.0,3.0,,canonical/zh_line_08/r_3p000000.png,706b06c6968c9e6f46f877e6442619d7ff324853c74b7e6ba3f81299920ac587,resized/lanczos2_7tap_16phase/zh_line_08/r_3p000000.png,fb59c9f807eef9345b9002115f510790ca7223fcd03a885d1a1ab41f9edca9aa,/home/karan/ocr_study/fonts/microsoft-jhenghei.ttf,0,53,16,48.0,48,0.0,16,False,今我來思雨雪霏霏,,今我來思雨雪霏霏,,8,8,1.0,0.08367927600011171,ok,
zh_line_08,zh_tra,single_line,7,3.0,lanczos3_7tap_16phase,3.0,3.0,,canonical/zh_line_08/r_3p000000.png,706b06c6968c9e6f46f877e6442619d7ff324853c74b7e6ba3f81299920ac587,resized/lanczos3_7tap_16phase/zh_line_08/r_3p000000.png,cdb33ebd68420b036346f8f04f404d4eb44014f4b4a7805a07d2d68c5bb4fd59,/home/karan/ocr_study/fonts/microsoft-jhenghei.ttf,0,53,16,48.0,48,0.0,18,True,今我來思雨雪霏霏,,今我來思雨雪霏霏,,8,8,1.0,0.08361571299974457,ok,
zh_line_09,zh_tra,single_line,7,1.0,bin_floor,1.0,1.0,1,canonical/zh_line_09/r_1p000000.png,8e0f47497ebb3c8ba0a2d5e2c683487d357f9cc4d190420c990fedb78512c05a,resized/bin_floor/zh_line_09/r_1p000000.png,8e0f47497ebb3c8ba0a2d5e2c683487d357f9cc4d190420c990fedb78512c05a,/home/karan/ocr_study/fonts/microsoft-jhenghei.ttf,0,17,16,16.0,16,0.0,16,False,測試文字,"測試文字
",測試文字,測試文字,0,4,0.0,0.08998474500003795,ok,
zh_line_09,zh_tra,single_line,7,1.0,bin_ceil,1.0,1.0,1,canonical/zh_line_09/r_1p000000.png,8e0f47497ebb3c8ba0a2d5e2c683487d357f9cc4d190420c990fedb78512c05a,resized/bin_ceil/zh_line_09/r_1p000000.png,8e0f47497ebb3c8ba0a2d5e2c683487d357f9cc4d190420c990fedb78512c05a,/home/karan/ocr_study/fonts/microsoft-jhenghei.ttf,0,17,16,16.0,16,0.0,16,False,測試文字,"測試文字
",測試文字,測試文字,0,4,0.0,0.08722925399979431,ok,
zh_line_09,zh_tra,single_line,7,1.0,opencv_bilinear,1.0,1.0,,canonical/zh_line_09/r_1p000000.png,8e0f47497ebb3c8ba0a2d5e2c683487d357f9cc4d190420c990fedb78512c05a,resized/opencv_bilinear/zh_line_09/r_1p000000.png,8e0f47497ebb3c8ba0a2d5e2c683487d357f9cc4d190420c990fedb78512c05a,/home/karan/ocr_study/fonts/microsoft-jhenghei.ttf,0,17,16,16.0,16,0.0,16,False,測試文字,"測試文字
",測試文字,測試文字,0,4,0.0,0.08821282999997493,ok,
zh_line_09,zh_tra,single_line,7,1.0,lanczos2_7tap_16phase,1.0,1.0,,canonical/zh_line_09/r_1p000000.png,8e0f47497ebb3c8ba0a2d5e2c683487d357f9cc4d190420c990fedb78512c05a,resized/lanczos2_7tap_16phase/zh_line_09/r_1p000000.png,8e0f47497ebb3c8ba0a2d5e2c683487d357f9cc4d190420c990fedb78512c05a,/home/karan/ocr_study/fonts/microsoft-jhenghei.ttf,0,17,16,16.0,16,0.0,16,False,測試文字,"測試文字
",測試文字,測試文字,0,4,0.0,0.09045750600034808,ok,
zh_line_09,zh_tra,single_line,7,1.0,lanczos3_7tap_16phase,1.0,1.0,,canonical/zh_line_09/r_1p000000.png,8e0f47497ebb3c8ba0a2d5e2c683487d357f9cc4d190420c990fedb78512c05a,resized/lanczos3_7tap_16phase/zh_line_09/r_1p000000.png,8e0f47497ebb3c8ba0a2d5e2c683487d357f9cc4d190420c990fedb78512c05a,/home/karan/ocr_study/fonts/microsoft-jhenghei.ttf,0,17,16,16.0,16,0.0,16,False,測試文字,"測試文字
",測試文字,測試文字,0,4,0.0,0.09000271100012469,ok,
zh_line_09,zh_tra,single_line,7,1.133333333333,bin_floor,1.0,1.0,1,canonical/zh_line_09/r_1p133333.png,c7af1b4ed82b58c4408e11f54140ee754463335937b24da7020a834b5e4e7bd9,resized/bin_floor/zh_line_09/r_1p133333.png,c7af1b4ed82b58c4408e11f54140ee754463335937b24da7020a834b5e4e7bd9,/home/karan/ocr_study/fonts/microsoft-jhenghei.ttf,0,20,16,18.133333333328,18,-0.13333333332800024,18,False,測試文字,"測試文字
",測試文字,測試文字,0,4,0.0,0.0910598589998699,ok,
zh_line_09,zh_tra,single_line,7,1.133333333333,bin_ceil,2.0,2.0,2,canonical/zh_line_09/r_1p133333.png,c7af1b4ed82b58c4408e11f54140ee754463335937b24da7020a834b5e4e7bd9,resized/bin_ceil/zh_line_09/r_1p133333.png,1b0afbb9586f48a94ca76fdcdaab36eaf46634c006e71520cc087f7290c66350,/home/karan/ocr_study/fonts/microsoft-jhenghei.ttf,0,20,16,18.133333333328,18,-0.13333333332800024,10,False,測試文字,"測記文字
",測試文字,測記文字,1,4,0.25,0.08863199499955954,ok,
zh_line_09,zh_tra,single_line,7,1.133333333333,opencv_bilinear,1.1320754716981132,1.1320754716981132,,canonical/zh_line_09/r_1p133333.png,c7af1b4ed82b58c4408e11f54140ee754463335937b24da7020a834b5e4e7bd9,resized/opencv_bilinear/zh_line_09/r_1p133333.png,c2bb7836a165de53c2bc7951e4de1392cc5f0d73d293987b80a1de0ef6166a5e,/home/karan/ocr_study/fonts/microsoft-jhenghei.ttf,0,20,16,18.133333333328,18,-0.13333333332800024,16,False,測試文字,"測試文字
",測試文字,測試文字,0,4,0.0,0.09487843100032478,ok,
zh_line_09,zh_tra,single_line,7,1.133333333333,lanczos2_7tap_16phase,1.1320754716981132,1.1320754716981132,,canonical/zh_line_09/r_1p133333.png,c7af1b4ed82b58c4408e11f54140ee754463335937b24da7020a834b5e4e7bd9,resized/lanczos2_7tap_16phase/zh_line_09/r_1p133333.png,3c16e1208c9180f859796cc2ec464748e2c0c7b149111188f527cfe49ed922c4,/home/karan/ocr_study/fonts/microsoft-jhenghei.ttf,0,20,16,18.133333333328,18,-0.13333333332800024,16,False,測試文字,"測試文字
",測試文字,測試文字,0,4,0.0,0.09027100000002974,ok,
zh_line_09,zh_tra,single_line,7,1.133333333333,lanczos3_7tap_16phase,1.1320754716981132,1.1320754716981132,,canonical/zh_line_09/r_1p133333.png,c7af1b4ed82b58c4408e11f54140ee754463335937b24da7020a834b5e4e7bd9,resized/lanczos3_7tap_16phase/zh_line_09/r_1p133333.png,f169a829062e46cb0a06903b002cb6eaa08cd89012c4f69fa73ba7f97246ae89,/home/karan/ocr_study/fonts/microsoft-jhenghei.ttf,0,20,16,18.133333333328,18,-0.13333333332800024,16,False,測試文字,"測試文字
",測試文字,測試文字,0,4,0.0,0.09072185399963928,ok,
zh_line_09,zh_tra,single_line,7,1.266666666667,bin_floor,1.0,1.0,1,canonical/zh_line_09/r_1p266667.png,0b4f9cae1be8366fd382da12eef2810b7efe096b6c52b28b90cc28a09178abdf,resized/bin_floor/zh_line_09/r_1p266667.png,0b4f9cae1be8366fd382da12eef2810b7efe096b6c52b28b90cc28a09178abdf,/home/karan/ocr_study/fonts/microsoft-jhenghei.ttf,0,22,16,20.266666666672,20,-0.26666666667199834,20,False,測試文字,"測試文字
",測試文字,測試文字,0,4,0.0,0.0912255749999531,ok,
zh_line_09,zh_tra,single_line,7,1.266666666667,bin_ceil,2.0,2.0,2,canonical/zh_line_09/r_1p266667.png,0b4f9cae1be8366fd382da12eef2810b7efe096b6c52b28b90cc28a09178abdf,resized/bin_ceil/zh_line_09/r_1p266667.png,ee707fec70baf78efca51d4b1371c10987b70f18eab2daa14f7488d55cc2c9df,/home/karan/ocr_study/fonts/microsoft-jhenghei.ttf,0,22,16,20.266666666672,20,-0.26666666667199834,10,False,測試文字,"測試文字
",測試文字,測試文字,0,4,0.0,0.09269361200040294,ok,
zh_line_09,zh_tra,single_line,7,1.266666666667,opencv_bilinear,1.2692307692307692,1.2692307692307692,,canonical/zh_line_09/r_1p266667.png,0b4f9cae1be8366fd382da12eef2810b7efe096b6c52b28b90cc28a09178abdf,resized/opencv_bilinear/zh_line_09/r_1p266667.png,483c2f9f8616b216d2e815404a6d4e2674d47cc9ed504b88438c0b6f04351b8f,/home/karan/ocr_study/fonts/microsoft-jhenghei.ttf,0,22,16,20.266666666672,20,-0.26666666667199834,16,False,測試文字,"測試文字
",測試文字,測試文字,0,4,0.0,0.09130828399975144,ok,
zh_line_09,zh_tra,single_line,7,1.266666666667,lanczos2_7tap_16phase,1.2692307692307692,1.2692307692307692,,canonical/zh_line_09/r_1p266667.png,0b4f9cae1be8366fd382da12eef2810b7efe096b6c52b28b90cc28a09178abdf,resized/lanczos2_7tap_16phase/zh_line_09/r_1p266667.png,3f6f8f11f9dac5c6a32a7b166e728198caf45b890690d6003e38b784aa4cb48e,/home/karan/ocr_study/fonts/microsoft-jhenghei.ttf,0,22,16,20.266666666672,20,-0.26666666667199834,16,False,測試文字,"測試文字
",測試文字,測試文字,0,4,0.0,0.09019205599997804,ok,
zh_line_09,zh_tra,single_line,7,1.266666666667,lanczos3_7tap_16phase,1.2692307692307692,1.2692307692307692,,canonical/zh_line_09/r_1p266667.png,0b4f9cae1be8366fd382da12eef2810b7efe096b6c52b28b90cc28a09178abdf,resized/lanczos3_7tap_16phase/zh_line_09/r_1p266667.png,cf26f59c4a9091cdea313f99351e61bb92c5130d7779001898934082cdda0a4e,/home/karan/ocr_study/fonts/microsoft-jhenghei.ttf,0,22,16,20.266666666672,20,-0.26666666667199834,16,False,測試文字,"測試文字
",測試文字,測試文字,0,4,0.0,0.09489444399969216,ok,
zh_line_09,zh_tra,single_line,7,1.4,bin_floor,1.0,1.0,1,canonical/zh_line_09/r_1p400000.png,9e2f5fb451feae18c122ad9ba120dcfa9592b45f6644d4a4f2a813c0ac52f2f5,resized/bin_floor/zh_line_09/r_1p400000.png,9e2f5fb451feae18c122ad9ba120dcfa9592b45f6644d4a4f2a813c0ac52f2f5,/home/karan/ocr_study/fonts/microsoft-jhenghei.ttf,0,24,16,22.4,22,-0.3999999999999986,22,False,測試文字,"測試文字
",測試文字,測試文字,0,4,0.0,0.09166567000011128,ok,
zh_line_09,zh_tra,single_line,7,1.4,bin_ceil,2.0,2.0,2,canonical/zh_line_09/r_1p400000.png,9e2f5fb451feae18c122ad9ba120dcfa9592b45f6644d4a4f2a813c0ac52f2f5,resized/bin_ceil/zh_line_09/r_1p400000.png,417bc983debaf35c41a7cf2756ec19d4b2ab3f4c3986146d4ee374602962d7a7,/home/karan/ocr_study/fonts/microsoft-jhenghei.ttf,0,24,16,22.4,22,-0.3999999999999986,12,False,測試文字,"測試文字
",測試文字,測試文字,0,4,0.0,0.08997802199974103,ok,
zh_line_09,zh_tra,single_line,7,1.4,opencv_bilinear,1.3980582524271845,1.3980582524271845,,canonical/zh_line_09/r_1p400000.png,9e2f5fb451feae18c122ad9ba120dcfa9592b45f6644d4a4f2a813c0ac52f2f5,resized/opencv_bilinear/zh_line_09/r_1p400000.png,82fd58a33a4c6f9cf26a6349ce07538f01e8dc6db9ff0d0b1ca0019b985cd7ee,/home/karan/ocr_study/fonts/microsoft-jhenghei.ttf,0,24,16,22.4,22,-0.3999999999999986,17,False,測試文字,"測試文字
",測試文字,測試文字,0,4,0.0,0.0884983320001993,ok,
zh_line_09,zh_tra,single_line,7,1.4,lanczos2_7tap_16phase,1.3980582524271845,1.3980582524271845,,canonical/zh_line_09/r_1p400000.png,9e2f5fb451feae18c122ad9ba120dcfa9592b45f6644d4a4f2a813c0ac52f2f5,resized/lanczos2_7tap_16phase/zh_line_09/r_1p400000.png,23057d13fc6e2325da9b2db3cee1c4727c042b58c0e24398379c63e0acd3889c,/home/karan/ocr_study/fonts/microsoft-jhenghei.ttf,0,24,16,22.4,22,-0.3999999999999986,17,False,測試文字,"測試文字
",測試文字,測試文字,0,4,0.0,0.0899819939995723,ok,
zh_line_09,zh_tra,single_line,7,1.4,lanczos3_7tap_16phase,1.3980582524271845,1.3980582524271845,,canonical/zh_line_09/r_1p400000.png,9e2f5fb451feae18c122ad9ba120dcfa9592b45f6644d4a4f2a813c0ac52f2f5,resized/lanczos3_7tap_16phase/zh_line_09/r_1p400000.png,1c1a97e16810cbbd5a796f135ec0c865dc716f56891acf3310f8cb17257858c6,/home/karan/ocr_study/fonts/microsoft-jhenghei.ttf,0,24,16,22.4,22,-0.3999999999999986,17,False,測試文字,"測試文字
",測試文字,測試文字,0,4,0.0,0.0977222379997329,ok,
zh_line_09,zh_tra,single_line,7,1.533333333333,bin_floor,1.0,1.0,1,canonical/zh_line_09/r_1p533333.png,46c54eea6b0961207379411f3b439f0c60716c4915bb9e252ac83585faddca3a,resized/bin_floor/zh_line_09/r_1p533333.png,46c54eea6b0961207379411f3b439f0c60716c4915bb9e252ac83585faddca3a,/home/karan/ocr_study/fonts/microsoft-jhenghei.ttf,0,27,16,24.533333333328,25,0.4666666666720012,25,False,測試文字,"測試文字
",測試文字,測試文字,0,4,0.0,0.09266955499970209,ok,
zh_line_09,zh_tra,single_line,7,1.533333333333,bin_ceil,2.0,2.0,2,canonical/zh_line_09/r_1p533333.png,46c54eea6b0961207379411f3b439f0c60716c4915bb9e252ac83585faddca3a,resized/bin_ceil/zh_line_09/r_1p533333.png,5f5cb8dd9ea0c60edaa036e2d7ca3941b48077bffb1cb38a3201e626e205b0c7,/home/karan/ocr_study/fonts/microsoft-jhenghei.ttf,0,27,16,24.533333333328,25,0.4666666666720012,13,False,測試文字,"測試文字
",測試文字,測試文字,0,4,0.0,0.09776075599984324,ok,
zh_line_09,zh_tra,single_line,7,1.533333333333,opencv_bilinear,1.528301886792453,1.528301886792453,,canonical/zh_line_09/r_1p533333.png,46c54eea6b0961207379411f3b439f0c60716c4915bb9e252ac83585faddca3a,resized/opencv_bilinear/zh_line_09/r_1p533333.png,00ee698cc7f4bc9ab72aed2a799158960c3084fe7a3518b4561f5b64b7f87f67,/home/karan/ocr_study/fonts/microsoft-jhenghei.ttf,0,27,16,24.533333333328,25,0.4666666666720012,17,False,測試文字,"測試文字
",測試文字,測試文字,0,4,0.0,0.09160584299934271,ok,
zh_line_09,zh_tra,single_line,7,1.533333333333,lanczos2_7tap_16phase,1.528301886792453,1.528301886792453,,canonical/zh_line_09/r_1p533333.png,46c54eea6b0961207379411f3b439f0c60716c4915bb9e252ac83585faddca3a,resized/lanczos2_7tap_16phase/zh_line_09/r_1p533333.png,229177bb1d2b46fc1ea17585cebadcbcedfe7e260a6dd51fc5ff84187b7084f2,/home/karan/ocr_study/fonts/microsoft-jhenghei.ttf,0,27,16,24.533333333328,25,0.4666666666720012,17,False,測試文字,"測試文字
",測試文字,測試文字,0,4,0.0,0.0887380200001644,ok,
zh_line_09,zh_tra,single_line,7,1.533333333333,lanczos3_7tap_16phase,1.528301886792453,1.528301886792453,,canonical/zh_line_09/r_1p533333.png,46c54eea6b0961207379411f3b439f0c60716c4915bb9e252ac83585faddca3a,resized/lanczos3_7tap_16phase/zh_line_09/r_1p533333.png,1c9fdbd567269757fcd745f5ec55f14cfcb47995682fe1ede97bd91e11f8798d,/home/karan/ocr_study/fonts/microsoft-jhenghei.ttf,0,27,16,24.533333333328,25,0.4666666666720012,17,False,測試文字,"測試文字
",測試文字,測試文字,0,4,0.0,0.0882629289999386,ok,
zh_line_09,zh_tra,single_line,7,1.666666666667,bin_floor,1.0,1.0,1,canonical/zh_line_09/r_1p666667.png,9e049d25cc8f4771cfb5ff8b7c0881f9ca13a443cfda7c5d19f2cda34948b064,resized/bin_floor/zh_line_09/r_1p666667.png,9e049d25cc8f4771cfb5ff8b7c0881f9ca13a443cfda7c5d19f2cda34948b064,/home/karan/ocr_study/fonts/microsoft-jhenghei.ttf,0,30,16,26.666666666672,27,0.3333333333279995,27,False,測試文字,"測試文字
",測試文字,測試文字,0,4,0.0,0.0924418529994,ok,
zh_line_09,zh_tra,single_line,7,1.666666666667,bin_ceil,2.0,2.0,2,canonical/zh_line_09/r_1p666667.png,9e049d25cc8f4771cfb5ff8b7c0881f9ca13a443cfda7c5d19f2cda34948b064,resized/bin_ceil/zh_line_09/r_1p666667.png,8b146fc5a51099d70c4dc14ab3dedab5ca2193e769522fef9f899072a5c29c66,/home/karan/ocr_study/fonts/microsoft-jhenghei.ttf,0,30,16,26.666666666672,27,0.3333333333279995,15,False,測試文字,"測試文字
",測試文字,測試文字,0,4,0.0,0.0904522110004109,ok,
zh_line_09,zh_tra,single_line,7,1.666666666667,opencv_bilinear,1.6730769230769231,1.6730769230769231,,canonical/zh_line_09/r_1p666667.png,9e049d25cc8f4771cfb5ff8b7c0881f9ca13a443cfda7c5d19f2cda34948b064,resized/opencv_bilinear/zh_line_09/r_1p666667.png,07046ad018ad192f7c722e41f16e1a13e30dd5874edb045fd30a37582026faf4,/home/karan/ocr_study/fonts/microsoft-jhenghei.ttf,0,30,16,26.666666666672,27,0.3333333333279995,18,True,測試文字,"測試文字
",測試文字,測試文字,0,4,0.0,0.09239202000026125,ok,
zh_line_09,zh_tra,single_line,7,1.666666666667,lanczos2_7tap_16phase,1.6730769230769231,1.6730769230769231,,canonical/zh_line_09/r_1p666667.png,9e049d25cc8f4771cfb5ff8b7c0881f9ca13a443cfda7c5d19f2cda34948b064,resized/lanczos2_7tap_16phase/zh_line_09/r_1p666667.png,cf1ae934481dccf884e90f494136be8e67ffd162820fb40fbd42249a9e892250,/home/karan/ocr_study/fonts/microsoft-jhenghei.ttf,0,30,16,26.666666666672,27,0.3333333333279995,18,True,測試文字,"測試文字
",測試文字,測試文字,0,4,0.0,0.09195994600031554,ok,
zh_line_09,zh_tra,single_line,7,1.666666666667,lanczos3_7tap_16phase,1.6730769230769231,1.6730769230769231,,canonical/zh_line_09/r_1p666667.png,9e049d25cc8f4771cfb5ff8b7c0881f9ca13a443cfda7c5d19f2cda34948b064,resized/lanczos3_7tap_16phase/zh_line_09/r_1p666667.png,dff332d80fd547c7e86ac4bdde095f720fbeb75b481ada1a0979cb58b5c7763b,/home/karan/ocr_study/fonts/microsoft-jhenghei.ttf,0,30,16,26.666666666672,27,0.3333333333279995,18,True,測試文字,"測試文字
",測試文字,測試文字,0,4,0.0,0.09222632799992425,ok,
zh_line_09,zh_tra,single_line,7,1.8,bin_floor,1.0,1.0,1,canonical/zh_line_09/r_1p800000.png,8f277a0abf1b23e49c3f106e0fbfe9882179d3afa13137fb4b649ddc09a5f23b,resized/bin_floor/zh_line_09/r_1p800000.png,8f277a0abf1b23e49c3f106e0fbfe9882179d3afa13137fb4b649ddc09a5f23b,/home/karan/ocr_study/fonts/microsoft-jhenghei.ttf,0,32,16,28.8,29,0.1999999999999993,29,False,測試文字,"測試文字
",測試文字,測試文字,0,4,0.0,0.09239556700049434,ok,
zh_line_09,zh_tra,single_line,7,1.8,bin_ceil,2.0,2.0,2,canonical/zh_line_09/r_1p800000.png,8f277a0abf1b23e49c3f106e0fbfe9882179d3afa13137fb4b649ddc09a5f23b,resized/bin_ceil/zh_line_09/r_1p800000.png,1889c8919ce18ac4d67ffcb5c402c37c502a0c617993e8d471abe4cd9eecd00c,/home/karan/ocr_study/fonts/microsoft-jhenghei.ttf,0,32,16,28.8,29,0.1999999999999993,15,False,測試文字,"測試文字
",測試文字,測試文字,0,4,0.0,0.09156155299933744,ok,
zh_line_09,zh_tra,single_line,7,1.8,opencv_bilinear,1.8058252427184467,1.8058252427184467,,canonical/zh_line_09/r_1p800000.png,8f277a0abf1b23e49c3f106e0fbfe9882179d3afa13137fb4b649ddc09a5f23b,resized/opencv_bilinear/zh_line_09/r_1p800000.png,26609f54a5adc293f49b36eda8da09d113664e98ba8dde0b247ed3041c43e188,/home/karan/ocr_study/fonts/microsoft-jhenghei.ttf,0,32,16,28.8,29,0.1999999999999993,17,False,測試文字,"測試文字
",測試文字,測試文字,0,4,0.0,0.08727296500001103,ok,
zh_line_09,zh_tra,single_line,7,1.8,lanczos2_7tap_16phase,1.8058252427184467,1.8058252427184467,,canonical/zh_line_09/r_1p800000.png,8f277a0abf1b23e49c3f106e0fbfe9882179d3afa13137fb4b649ddc09a5f23b,resized/lanczos2_7tap_16phase/zh_line_09/r_1p800000.png,1a8caea96b21e2006d55bb9a3282ac416a13fe6c637a60ea5d0564e24db4f378,/home/karan/ocr_study/fonts/microsoft-jhenghei.ttf,0,32,16,28.8,29,0.1999999999999993,17,False,測試文字,"測試文字
",測試文字,測試文字,0,4,0.0,0.08818499599965435,ok,
zh_line_09,zh_tra,single_line,7,1.8,lanczos3_7tap_16phase,1.8058252427184467,1.8058252427184467,,canonical/zh_line_09/r_1p800000.png,8f277a0abf1b23e49c3f106e0fbfe9882179d3afa13137fb4b649ddc09a5f23b,resized/lanczos3_7tap_16phase/zh_line_09/r_1p800000.png,934dcb99b0b85ba0cb844a611b7de6183949a9a84ef59ab559b1430964c82c94,/home/karan/ocr_study/fonts/microsoft-jhenghei.ttf,0,32,16,28.8,29,0.1999999999999993,17,False,測試文字,"測試文字
",測試文字,測試文字,0,4,0.0,0.09103619699999399,ok,
zh_line_09,zh_tra,single_line,7,1.933333333333,bin_floor,1.0,1.0,1,canonical/zh_line_09/r_1p933333.png,5c63ca20fc5ac91c2c3acc5a87d96411ac05d3d48d8abba982ee7199fea75236,resized/bin_floor/zh_line_09/r_1p933333.png,5c63ca20fc5ac91c2c3acc5a87d96411ac05d3d48d8abba982ee7199fea75236,/home/karan/ocr_study/fonts/microsoft-jhenghei.ttf,0,35,16,30.933333333328,31,0.06666666667199905,31,False,測試文字,"測試文字
",測試文字,測試文字,0,4,0.0,0.09284856899921579,ok,
zh_line_09,zh_tra,single_line,7,1.933333333333,bin_ceil,2.0,2.0,2,canonical/zh_line_09/r_1p933333.png,5c63ca20fc5ac91c2c3acc5a87d96411ac05d3d48d8abba982ee7199fea75236,resized/bin_ceil/zh_line_09/r_1p933333.png,62812b4c59417c694f2e7658f471cc994a891b5c608e2a692e78a3d0dd840f0c,/home/karan/ocr_study/fonts/microsoft-jhenghei.ttf,0,35,16,30.933333333328,31,0.06666666667199905,16,False,測試文字,"測試文字
",測試文字,測試文字,0,4,0.0,0.09026853399973334,ok,
zh_line_09,zh_tra,single_line,7,1.933333333333,opencv_bilinear,1.9245283018867925,1.9245283018867925,,canonical/zh_line_09/r_1p933333.png,5c63ca20fc5ac91c2c3acc5a87d96411ac05d3d48d8abba982ee7199fea75236,resized/opencv_bilinear/zh_line_09/r_1p933333.png,5ff4e93617ab48b227d87f444db1766ca173b8fabac08f1a54c264571c45ac90,/home/karan/ocr_study/fonts/microsoft-jhenghei.ttf,0,35,16,30.933333333328,31,0.06666666667199905,17,False,測試文字,"測試文字
",測試文字,測試文字,0,4,0.0,0.08858968599997752,ok,
zh_line_09,zh_tra,single_line,7,1.933333333333,lanczos2_7tap_16phase,1.9245283018867925,1.9245283018867925,,canonical/zh_line_09/r_1p933333.png,5c63ca20fc5ac91c2c3acc5a87d96411ac05d3d48d8abba982ee7199fea75236,resized/lanczos2_7tap_16phase/zh_line_09/r_1p933333.png,9be7ad3302d90a5eb7d6dbd85cb70e2c80e3fc44cc32b8fdfd8b2d2b57e4330e,/home/karan/ocr_study/fonts/microsoft-jhenghei.ttf,0,35,16,30.933333333328,31,0.06666666667199905,17,False,測試文字,"測試文字
",測試文字,測試文字,0,4,0.0,0.08685975400021562,ok,
zh_line_09,zh_tra,single_line,7,1.933333333333,lanczos3_7tap_16phase,1.9245283018867925,1.9245283018867925,,canonical/zh_line_09/r_1p933333.png,5c63ca20fc5ac91c2c3acc5a87d96411ac05d3d48d8abba982ee7199fea75236,resized/lanczos3_7tap_16phase/zh_line_09/r_1p933333.png,0d6d76dd05caa280d7a6cb3e5985d57945c7e12c079cb65d04de654b63908d9b,/home/karan/ocr_study/fonts/microsoft-jhenghei.ttf,0,35,16,30.933333333328,31,0.06666666667199905,17,False,測試文字,"測試文字
",測試文字,測試文字,0,4,0.0,0.08830707600009191,ok,
zh_line_09,zh_tra,single_line,7,2.066666666667,bin_floor,2.0,2.0,2,canonical/zh_line_09/r_2p066667.png,439342093a5ffea41f1abc2dd9f60ca70dcd53c0e60e022f72e29f454794b1d5,resized/bin_floor/zh_line_09/r_2p066667.png,a6e05f1111665128b0c8a0ae3060c0a81ec0b0d2e759cb374b219e861064527a,/home/karan/ocr_study/fonts/microsoft-jhenghei.ttf,0,37,16,33.066666666672,33,-0.06666666667199905,17,False,測試文字,"測試文字
",測試文字,測試文字,0,4,0.0,0.08922129300026427,ok,
zh_line_09,zh_tra,single_line,7,2.066666666667,bin_ceil,3.0,3.0,3,canonical/zh_line_09/r_2p066667.png,439342093a5ffea41f1abc2dd9f60ca70dcd53c0e60e022f72e29f454794b1d5,resized/bin_ceil/zh_line_09/r_2p066667.png,6daba94bb733b6825aedc42491300499d3d5c3d1aa868f534708ceacf6478a1a,/home/karan/ocr_study/fonts/microsoft-jhenghei.ttf,0,37,16,33.066666666672,33,-0.06666666667199905,12,False,測試文字,"測試文字
",測試文字,測試文字,0,4,0.0,0.09170747900043352,ok,
zh_line_09,zh_tra,single_line,7,2.066666666667,opencv_bilinear,2.057142857142857,2.057142857142857,,canonical/zh_line_09/r_2p066667.png,439342093a5ffea41f1abc2dd9f60ca70dcd53c0e60e022f72e29f454794b1d5,resized/opencv_bilinear/zh_line_09/r_2p066667.png,d888e0e528383073057e320b7a6897b40f6499aebf0a7bfcafc503ce6e87e495,/home/karan/ocr_study/fonts/microsoft-jhenghei.ttf,0,37,16,33.066666666672,33,-0.06666666667199905,17,False,測試文字,"測試文字
",測試文字,測試文字,0,4,0.0,0.09029899800043495,ok,
zh_line_09,zh_tra,single_line,7,2.066666666667,lanczos2_7tap_16phase,2.057142857142857,2.057142857142857,,canonical/zh_line_09/r_2p066667.png,439342093a5ffea41f1abc2dd9f60ca70dcd53c0e60e022f72e29f454794b1d5,resized/lanczos2_7tap_16phase/zh_line_09/r_2p066667.png,566bda846bcff85eba8b6778a08fce9d451de11a6a461c85c9af9b4834699725,/home/karan/ocr_study/fonts/microsoft-jhenghei.ttf,0,37,16,33.066666666672,33,-0.06666666667199905,17,False,測試文字,"測試文字
",測試文字,測試文字,0,4,0.0,0.09136767499967391,ok,
zh_line_09,zh_tra,single_line,7,2.066666666667,lanczos3_7tap_16phase,2.057142857142857,2.057142857142857,,canonical/zh_line_09/r_2p066667.png,439342093a5ffea41f1abc2dd9f60ca70dcd53c0e60e022f72e29f454794b1d5,resized/lanczos3_7tap_16phase/zh_line_09/r_2p066667.png,608fc1a44d92c47724e938213c336e638f0d8e4b286da31510fa0b1b5d7086e4,/home/karan/ocr_study/fonts/microsoft-jhenghei.ttf,0,37,16,33.066666666672,33,-0.06666666667199905,17,False,測試文字,"測試文字
",測試文字,測試文字,0,4,0.0,0.09391125999991345,ok,
zh_line_09,zh_tra,single_line,7,2.2,bin_floor,2.0,2.0,2,canonical/zh_line_09/r_2p200000.png,2437179b320cb6f6c03e79f60f7c831b39b106d44b5dddb9f4f7e9da67f9377c,resized/bin_floor/zh_line_09/r_2p200000.png,421da29f5da1ee2d91a52c5d3e899cfa72106a7e0f5f6aee3e5710e7b362b7c3,/home/karan/ocr_study/fonts/microsoft-jhenghei.ttf,0,40,16,35.2,35,-0.20000000000000284,19,False,測試文字,"測試文字
",測試文字,測試文字,0,4,0.0,0.09277502100030688,ok,
zh_line_09,zh_tra,single_line,7,2.2,bin_ceil,3.0,3.0,3,canonical/zh_line_09/r_2p200000.png,2437179b320cb6f6c03e79f60f7c831b39b106d44b5dddb9f4f7e9da67f9377c,resized/bin_ceil/zh_line_09/r_2p200000.png,5d7e04829f7e1d7de50956ef43ef1c109ec79eb5bd1eeb740f3b989a30ded784,/home/karan/ocr_study/fonts/microsoft-jhenghei.ttf,0,40,16,35.2,35,-0.20000000000000284,12,False,測試文字,"測試文字
",測試文字,測試文字,0,4,0.0,0.08866254500026116,ok,
zh_line_09,zh_tra,single_line,7,2.2,opencv_bilinear,2.207547169811321,2.207547169811321,,canonical/zh_line_09/r_2p200000.png,2437179b320cb6f6c03e79f60f7c831b39b106d44b5dddb9f4f7e9da67f9377c,resized/opencv_bilinear/zh_line_09/r_2p200000.png,73cdbb203b62cb17d08f82670355081f2850ffd23e5bee93112b4468ae524cc6,/home/karan/ocr_study/fonts/microsoft-jhenghei.ttf,0,40,16,35.2,35,-0.20000000000000284,16,False,測試文字,"測試文字
",測試文字,測試文字,0,4,0.0,0.09174278199952823,ok,
zh_line_09,zh_tra,single_line,7,2.2,lanczos2_7tap_16phase,2.207547169811321,2.207547169811321,,canonical/zh_line_09/r_2p200000.png,2437179b320cb6f6c03e79f60f7c831b39b106d44b5dddb9f4f7e9da67f9377c,resized/lanczos2_7tap_16phase/zh_line_09/r_2p200000.png,c6d2720193caf1ebc993df9f2c6861deebc7e13ee7ab28c882960dc8593df7d0,/home/karan/ocr_study/fonts/microsoft-jhenghei.ttf,0,40,16,35.2,35,-0.20000000000000284,18,True,測試文字,"測試文字
",測試文字,測試文字,0,4,0.0,0.09129836000010982,ok,
zh_line_09,zh_tra,single_line,7,2.2,lanczos3_7tap_16phase,2.207547169811321,2.207547169811321,,canonical/zh_line_09/r_2p200000.png,2437179b320cb6f6c03e79f60f7c831b39b106d44b5dddb9f4f7e9da67f9377c,resized/lanczos3_7tap_16phase/zh_line_09/r_2p200000.png,1e03a2e3060d1c624f70b84df5d59d110feb2e48184a16e77ab64bc295377156,/home/karan/ocr_study/fonts/microsoft-jhenghei.ttf,0,40,16,35.2,35,-0.20000000000000284,18,True,測試文字,"測試文字
",測試文字,測試文字,0,4,0.0,0.0882283600003575,ok,
zh_line_09,zh_tra,single_line,7,2.333333333333,bin_floor,2.0,2.0,2,canonical/zh_line_09/r_2p333333.png,d7bfd1565e749dec6b709f376ce1faf5af6ff733f766878c0274c350da21e5df,resized/bin_floor/zh_line_09/r_2p333333.png,534ef704560c6ace7f0984a37a5cbb36fddc32fd6654d8368a223f6e42478a50,/home/karan/ocr_study/fonts/microsoft-jhenghei.ttf,0,42,16,37.333333333328,37,-0.3333333333279995,19,False,測試文字,"測試文字
",測試文字,測試文字,0,4,0.0,0.09211986200079991,ok,
zh_line_09,zh_tra,single_line,7,2.333333333333,bin_ceil,3.0,3.0,3,canonical/zh_line_09/r_2p333333.png,d7bfd1565e749dec6b709f376ce1faf5af6ff733f766878c0274c350da21e5df,resized/bin_ceil/zh_line_09/r_2p333333.png,c71d1926cd75c09782a27483b1c270a3ddab95d69d281030b07323a2d9eef67d,/home/karan/ocr_study/fonts/microsoft-jhenghei.ttf,0,42,16,37.333333333328,37,-0.3333333333279995,14,False,測試文字,"測試文字
",測試文字,測試文字,0,4,0.0,0.09064793400011695,ok,
zh_line_09,zh_tra,single_line,7,2.333333333333,opencv_bilinear,2.342857142857143,2.342857142857143,,canonical/zh_line_09/r_2p333333.png,d7bfd1565e749dec6b709f376ce1faf5af6ff733f766878c0274c350da21e5df,resized/opencv_bilinear/zh_line_09/r_2p333333.png,5c7b06f5daeab2f8cfab701c510bf39c8a789e3050df44abff93981619893e6c,/home/karan/ocr_study/fonts/microsoft-jhenghei.ttf,0,42,16,37.333333333328,37,-0.3333333333279995,17,False,測試文字,"測試文字
",測試文字,測試文字,0,4,0.0,0.08874876799927733,ok,
zh_line_09,zh_tra,single_line,7,2.333333333333,lanczos2_7tap_16phase,2.342857142857143,2.342857142857143,,canonical/zh_line_09/r_2p333333.png,d7bfd1565e749dec6b709f376ce1faf5af6ff733f766878c0274c350da21e5df,resized/lanczos2_7tap_16phase/zh_line_09/r_2p333333.png,cd55a26c67af5bd9bd698cab8bc44224a57313bdf973b020395214421c0a2427,/home/karan/ocr_study/fonts/microsoft-jhenghei.ttf,0,42,16,37.333333333328,37,-0.3333333333279995,17,False,測試文字,"測試文字
",測試文字,測試文字,0,4,0.0,0.09126079900033801,ok,
zh_line_09,zh_tra,single_line,7,2.333333333333,lanczos3_7tap_16phase,2.342857142857143,2.342857142857143,,canonical/zh_line_09/r_2p333333.png,d7bfd1565e749dec6b709f376ce1faf5af6ff733f766878c0274c350da21e5df,resized/lanczos3_7tap_16phase/zh_line_09/r_2p333333.png,aabf07b27e7e1f8956ecbf25c40616698c41d29ea4b4e673eed72ec2a08bb674,/home/karan/ocr_study/fonts/microsoft-jhenghei.ttf,0,42,16,37.333333333328,37,-0.3333333333279995,17,False,測試文字,"測試文字
",測試文字,測試文字,0,4,0.0,0.09170473900030629,ok,
zh_line_09,zh_tra,single_line,7,2.466666666667,bin_floor,2.0,2.0,2,canonical/zh_line_09/r_2p466667.png,122e1cec27bd967e4812bced983c3260101ed6e6afcf1fb9f28aedb1e4fced68,resized/bin_floor/zh_line_09/r_2p466667.png,a65526b12d4d1c9c69d0d6202052540bfbbc22cf26b04c995779e55c2737c6f0,/home/karan/ocr_study/fonts/microsoft-jhenghei.ttf,0,44,16,39.466666666672,39,-0.46666666667199763,21,False,測試文字,"測試文字
",測試文字,測試文字,0,4,0.0,0.09181263400023454,ok,
zh_line_09,zh_tra,single_line,7,2.466666666667,bin_ceil,3.0,3.0,3,canonical/zh_line_09/r_2p466667.png,122e1cec27bd967e4812bced983c3260101ed6e6afcf1fb9f28aedb1e4fced68,resized/bin_ceil/zh_line_09/r_2p466667.png,aa16304b464559e6845994fa08e11262a0fbc32068a8c36b1de78526503044c9,/home/karan/ocr_study/fonts/microsoft-jhenghei.ttf,0,44,16,39.466666666672,39,-0.46666666667199763,14,False,測試文字,"測試文字
",測試文字,測試文字,0,4,0.0,0.09260764099963126,ok,
zh_line_09,zh_tra,single_line,7,2.466666666667,opencv_bilinear,2.4571428571428573,2.4571428571428573,,canonical/zh_line_09/r_2p466667.png,122e1cec27bd967e4812bced983c3260101ed6e6afcf1fb9f28aedb1e4fced68,resized/opencv_bilinear/zh_line_09/r_2p466667.png,47423cb11787d885042ceb13fec928726030e636d90ec00bac740ff9aa383d1b,/home/karan/ocr_study/fonts/microsoft-jhenghei.ttf,0,44,16,39.466666666672,39,-0.46666666667199763,17,False,測試文字,"測試文字
",測試文字,測試文字,0,4,0.0,0.09255226400000538,ok,
zh_line_09,zh_tra,single_line,7,2.466666666667,lanczos2_7tap_16phase,2.4571428571428573,2.4571428571428573,,canonical/zh_line_09/r_2p466667.png,122e1cec27bd967e4812bced983c3260101ed6e6afcf1fb9f28aedb1e4fced68,resized/lanczos2_7tap_16phase/zh_line_09/r_2p466667.png,fec15071a24c8c818d722eeea74e3c2b607f660f1bd661c85d07db997a7277fb,/home/karan/ocr_study/fonts/microsoft-jhenghei.ttf,0,44,16,39.466666666672,39,-0.46666666667199763,17,False,測試文字,"測試文字
",測試文字,測試文字,0,4,0.0,0.0906279689997973,ok,
zh_line_09,zh_tra,single_line,7,2.466666666667,lanczos3_7tap_16phase,2.4571428571428573,2.4571428571428573,,canonical/zh_line_09/r_2p466667.png,122e1cec27bd967e4812bced983c3260101ed6e6afcf1fb9f28aedb1e4fced68,resized/lanczos3_7tap_16phase/zh_line_09/r_2p466667.png,f89268fc11ab4cc4de0eaea73876a48fec5780d7c55841bdcfc36b122f80083c,/home/karan/ocr_study/fonts/microsoft-jhenghei.ttf,0,44,16,39.466666666672,39,-0.46666666667199763,17,False,測試文字,"測試文字
",測試文字,測試文字,0,4,0.0,0.0911041010003828,ok,
zh_line_09,zh_tra,single_line,7,2.6,bin_floor,2.0,2.0,2,canonical/zh_line_09/r_2p600000.png,0f336c6615b7d3661ab50f40ac5b5cf46cdaedc7950fc5e58ae367fa3450cba1,resized/bin_floor/zh_line_09/r_2p600000.png,ed016c76a1bc8c521dfa6fbfa97948d1399a570d1fac00a5e654cd30e1db9df3,/home/karan/ocr_study/fonts/microsoft-jhenghei.ttf,0,46,16,41.6,42,0.3999999999999986,21,False,測試文字,"測試文字
",測試文字,測試文字,0,4,0.0,0.09290207400044892,ok,
zh_line_09,zh_tra,single_line,7,2.6,bin_ceil,3.0,3.0,3,canonical/zh_line_09/r_2p600000.png,0f336c6615b7d3661ab50f40ac5b5cf46cdaedc7950fc5e58ae367fa3450cba1,resized/bin_ceil/zh_line_09/r_2p600000.png,c310783e27feb96a3781a9ce79b6766ea850aea47cdc080634064d0f49e9731a,/home/karan/ocr_study/fonts/microsoft-jhenghei.ttf,0,46,16,41.6,42,0.3999999999999986,14,False,測試文字,"測試文字
",測試文字,測試文字,0,4,0.0,0.10003880900057993,ok,
zh_line_09,zh_tra,single_line,7,2.6,opencv_bilinear,2.5961538461538463,2.5961538461538463,,canonical/zh_line_09/r_2p600000.png,0f336c6615b7d3661ab50f40ac5b5cf46cdaedc7950fc5e58ae367fa3450cba1,resized/opencv_bilinear/zh_line_09/r_2p600000.png,946d9d13f61021709c3a66f1abdf30a6673a4c77d869228b1c46ae0819d0ba5f,/home/karan/ocr_study/fonts/microsoft-jhenghei.ttf,0,46,16,41.6,42,0.3999999999999986,16,False,測試文字,"測試文字
",測試文字,測試文字,0,4,0.0,0.09310722899954271,ok,
zh_line_09,zh_tra,single_line,7,2.6,lanczos2_7tap_16phase,2.5961538461538463,2.5961538461538463,,canonical/zh_line_09/r_2p600000.png,0f336c6615b7d3661ab50f40ac5b5cf46cdaedc7950fc5e58ae367fa3450cba1,resized/lanczos2_7tap_16phase/zh_line_09/r_2p600000.png,b88d7cb3685f20559a7521d6db20bcc66d9354e50976d9bfa6f1ffa62228e389,/home/karan/ocr_study/fonts/microsoft-jhenghei.ttf,0,46,16,41.6,42,0.3999999999999986,18,True,測試文字,"測試文字
",測試文字,測試文字,0,4,0.0,0.09207054899979994,ok,
zh_line_09,zh_tra,single_line,7,2.6,lanczos3_7tap_16phase,2.5961538461538463,2.5961538461538463,,canonical/zh_line_09/r_2p600000.png,0f336c6615b7d3661ab50f40ac5b5cf46cdaedc7950fc5e58ae367fa3450cba1,resized/lanczos3_7tap_16phase/zh_line_09/r_2p600000.png,631834036414369cd61ef267676ba814330b83b805993f36eedb229d6418098b,/home/karan/ocr_study/fonts/microsoft-jhenghei.ttf,0,46,16,41.6,42,0.3999999999999986,18,True,測試文字,"測試文字
",測試文字,測試文字,0,4,0.0,0.09153602500009583,ok,
zh_line_09,zh_tra,single_line,7,2.625,bin_floor,2.0,2.0,2,canonical/zh_line_09/r_2p625000.png,0f336c6615b7d3661ab50f40ac5b5cf46cdaedc7950fc5e58ae367fa3450cba1,resized/bin_floor/zh_line_09/r_2p625000.png,ed016c76a1bc8c521dfa6fbfa97948d1399a570d1fac00a5e654cd30e1db9df3,/home/karan/ocr_study/fonts/microsoft-jhenghei.ttf,0,46,16,42.0,42,0.0,21,False,測試文字,"測試文字
",測試文字,測試文字,0,4,0.0,0.09424046999993152,ok,
zh_line_09,zh_tra,single_line,7,2.625,bin_ceil,3.0,3.0,3,canonical/zh_line_09/r_2p625000.png,0f336c6615b7d3661ab50f40ac5b5cf46cdaedc7950fc5e58ae367fa3450cba1,resized/bin_ceil/zh_line_09/r_2p625000.png,c310783e27feb96a3781a9ce79b6766ea850aea47cdc080634064d0f49e9731a,/home/karan/ocr_study/fonts/microsoft-jhenghei.ttf,0,46,16,42.0,42,0.0,14,False,測試文字,"測試文字
",測試文字,測試文字,0,4,0.0,0.09998647699922003,ok,
zh_line_09,zh_tra,single_line,7,2.625,opencv_bilinear,2.621359223300971,2.621359223300971,,canonical/zh_line_09/r_2p625000.png,0f336c6615b7d3661ab50f40ac5b5cf46cdaedc7950fc5e58ae367fa3450cba1,resized/opencv_bilinear/zh_line_09/r_2p625000.png,a492102bb0c1c62b90d129b3e3b87f10d6d30940d98b89d80c2774f8c01d746e,/home/karan/ocr_study/fonts/microsoft-jhenghei.ttf,0,46,16,42.0,42,0.0,17,False,測試文字,"測試文字
",測試文字,測試文字,0,4,0.0,0.08844958800000313,ok,
zh_line_09,zh_tra,single_line,7,2.625,lanczos2_7tap_16phase,2.621359223300971,2.621359223300971,,canonical/zh_line_09/r_2p625000.png,0f336c6615b7d3661ab50f40ac5b5cf46cdaedc7950fc5e58ae367fa3450cba1,resized/lanczos2_7tap_16phase/zh_line_09/r_2p625000.png,c83d261520975c68c791dc168e74462280e7f75a982e230188322b3f3e9980d5,/home/karan/ocr_study/fonts/microsoft-jhenghei.ttf,0,46,16,42.0,42,0.0,17,False,測試文字,"測試文字
",測試文字,測試文字,0,4,0.0,0.09594805100005033,ok,
zh_line_09,zh_tra,single_line,7,2.625,lanczos3_7tap_16phase,2.621359223300971,2.621359223300971,,canonical/zh_line_09/r_2p625000.png,0f336c6615b7d3661ab50f40ac5b5cf46cdaedc7950fc5e58ae367fa3450cba1,resized/lanczos3_7tap_16phase/zh_line_09/r_2p625000.png,a377a0e35ee5d069c00eb684ad85d6a9d5e165374be14f9cf7351145d7babbab,/home/karan/ocr_study/fonts/microsoft-jhenghei.ttf,0,46,16,42.0,42,0.0,17,False,測試文字,"測試文字
",測試文字,測試文字,0,4,0.0,0.09104678699986835,ok,
zh_line_09,zh_tra,single_line,7,2.733333333333,bin_floor,2.0,2.0,2,canonical/zh_line_09/r_2p733333.png,1e4820de69cf359466e231c16df463e979ea8a65846b0986321db47a1d53d8a8,resized/bin_floor/zh_line_09/r_2p733333.png,355abd11aec49a34c8450dc048d0054b7cbab4a7c6b8e0371a121befee44a32e,/home/karan/ocr_study/fonts/microsoft-jhenghei.ttf,0,49,16,43.733333333328,44,0.2666666666720019,22,False,測試文字,"測試文字
",測試文字,測試文字,0,4,0.0,0.09307784299926425,ok,
zh_line_09,zh_tra,single_line,7,2.733333333333,bin_ceil,3.0,3.0,3,canonical/zh_line_09/r_2p733333.png,1e4820de69cf359466e231c16df463e979ea8a65846b0986321db47a1d53d8a8,resized/bin_ceil/zh_line_09/r_2p733333.png,978b78dd968269026ac0bc1289539ab7e8fe9a781e876e2af9075c8449d8879c,/home/karan/ocr_study/fonts/microsoft-jhenghei.ttf,0,49,16,43.733333333328,44,0.2666666666720019,16,False,測試文字,"測試文字
",測試文字,測試文字,0,4,0.0,0.09248713799934194,ok,
zh_line_09,zh_tra,single_line,7,2.733333333333,opencv_bilinear,2.742857142857143,2.742857142857143,,canonical/zh_line_09/r_2p733333.png,1e4820de69cf359466e231c16df463e979ea8a65846b0986321db47a1d53d8a8,resized/opencv_bilinear/zh_line_09/r_2p733333.png,62d46014c8ac857b89dff1ac0c39bcd0497b4a87648ca1bc0e2c051fdf6f68fc,/home/karan/ocr_study/fonts/microsoft-jhenghei.ttf,0,49,16,43.733333333328,44,0.2666666666720019,17,False,測試文字,"測試文字
",測試文字,測試文字,0,4,0.0,0.09282146499936061,ok,
zh_line_09,zh_tra,single_line,7,2.733333333333,lanczos2_7tap_16phase,2.742857142857143,2.742857142857143,,canonical/zh_line_09/r_2p733333.png,1e4820de69cf359466e231c16df463e979ea8a65846b0986321db47a1d53d8a8,resized/lanczos2_7tap_16phase/zh_line_09/r_2p733333.png,75906b301aca8a03d81523aefc8c53ba57ad189bca4872f9990f32cd66dc4329,/home/karan/ocr_study/fonts/microsoft-jhenghei.ttf,0,49,16,43.733333333328,44,0.2666666666720019,17,False,測試文字,"測試文字
",測試文字,測試文字,0,4,0.0,0.0919662630003586,ok,
zh_line_09,zh_tra,single_line,7,2.733333333333,lanczos3_7tap_16phase,2.742857142857143,2.742857142857143,,canonical/zh_line_09/r_2p733333.png,1e4820de69cf359466e231c16df463e979ea8a65846b0986321db47a1d53d8a8,resized/lanczos3_7tap_16phase/zh_line_09/r_2p733333.png,054d9abfbfbd17ea0e88bc608240f4f9515f301b8860dba531645baff86a57ab,/home/karan/ocr_study/fonts/microsoft-jhenghei.ttf,0,49,16,43.733333333328,44,0.2666666666720019,17,False,測試文字,"測試文字
",測試文字,測試文字,0,4,0.0,0.09353930600082094,ok,
zh_line_09,zh_tra,single_line,7,2.866666666667,bin_floor,2.0,2.0,2,canonical/zh_line_09/r_2p866667.png,29fe7a7769dc9241f59cfdd571723453c971a7aa57dd94f7e5610fcef4cfdb53,resized/bin_floor/zh_line_09/r_2p866667.png,f4804d4a4d860f8a0ed542d4c994864ae905c327fc28d9df97176bd1d658eba9,/home/karan/ocr_study/fonts/microsoft-jhenghei.ttf,0,51,16,45.866666666672,45,-0.8666666666720033,23,False,測試文字,"測試文字
",測試文字,測試文字,0,4,0.0,0.09243851900009759,ok,
zh_line_09,zh_tra,single_line,7,2.866666666667,bin_ceil,3.0,3.0,3,canonical/zh_line_09/r_2p866667.png,29fe7a7769dc9241f59cfdd571723453c971a7aa57dd94f7e5610fcef4cfdb53,resized/bin_ceil/zh_line_09/r_2p866667.png,98bde4c80f3e6e39465498f4ed48ea83423e31cb09224f10ac83c4d730a820e8,/home/karan/ocr_study/fonts/microsoft-jhenghei.ttf,0,51,16,45.866666666672,45,-0.8666666666720033,16,False,測試文字,"測試文字
",測試文字,測試文字,0,4,0.0,0.09306673700029933,ok,
zh_line_09,zh_tra,single_line,7,2.866666666667,opencv_bilinear,2.857142857142857,2.857142857142857,,canonical/zh_line_09/r_2p866667.png,29fe7a7769dc9241f59cfdd571723453c971a7aa57dd94f7e5610fcef4cfdb53,resized/opencv_bilinear/zh_line_09/r_2p866667.png,1c56362efeeba040a708ceff12bb25f0d97345bcb877aaa3fae8af1081844360,/home/karan/ocr_study/fonts/microsoft-jhenghei.ttf,0,51,16,45.866666666672,45,-0.8666666666720033,16,False,測試文字,"測試文字
",測試文字,測試文字,0,4,0.0,0.09351536300073349,ok,
zh_line_09,zh_tra,single_line,7,2.866666666667,lanczos2_7tap_16phase,2.857142857142857,2.857142857142857,,canonical/zh_line_09/r_2p866667.png,29fe7a7769dc9241f59cfdd571723453c971a7aa57dd94f7e5610fcef4cfdb53,resized/lanczos2_7tap_16phase/zh_line_09/r_2p866667.png,c6614d64daeae36aad637fbe6c4eba5610cce08c1f3f64bb61f0fb7f92b5014a,/home/karan/ocr_study/fonts/microsoft-jhenghei.ttf,0,51,16,45.866666666672,45,-0.8666666666720033,17,False,測試文字,"測試文字
",測試文字,測試文字,0,4,0.0,0.09112935099983588,ok,
zh_line_09,zh_tra,single_line,7,2.866666666667,lanczos3_7tap_16phase,2.857142857142857,2.857142857142857,,canonical/zh_line_09/r_2p866667.png,29fe7a7769dc9241f59cfdd571723453c971a7aa57dd94f7e5610fcef4cfdb53,resized/lanczos3_7tap_16phase/zh_line_09/r_2p866667.png,90a931486cf85788effcc67aff5d904c4626a17e1954bc0f7593a1d5eeacb4f9,/home/karan/ocr_study/fonts/microsoft-jhenghei.ttf,0,51,16,45.866666666672,45,-0.8666666666720033,17,False,測試文字,"測試文字
",測試文字,測試文字,0,4,0.0,0.09662352499981353,ok,
zh_line_09,zh_tra,single_line,7,3.0,bin_floor,3.0,3.0,3,canonical/zh_line_09/r_3p000000.png,ab5846a274095a6bf78b3e92ade6fe789309d4855b205bdb8e178a2ff0692a13,resized/bin_floor/zh_line_09/r_3p000000.png,8c7ca0b996bfef6f47bbd6b99716a3541c3ab7b1c2bafd25c3c128a9e744dc39,/home/karan/ocr_study/fonts/microsoft-jhenghei.ttf,0,54,16,48.0,48,0.0,16,False,測試文字,"測試文字
",測試文字,測試文字,0,4,0.0,0.09180900999945152,ok,
zh_line_09,zh_tra,single_line,7,3.0,bin_ceil,3.0,3.0,3,canonical/zh_line_09/r_3p000000.png,ab5846a274095a6bf78b3e92ade6fe789309d4855b205bdb8e178a2ff0692a13,resized/bin_ceil/zh_line_09/r_3p000000.png,8c7ca0b996bfef6f47bbd6b99716a3541c3ab7b1c2bafd25c3c128a9e744dc39,/home/karan/ocr_study/fonts/microsoft-jhenghei.ttf,0,54,16,48.0,48,0.0,16,False,測試文字,"測試文字
",測試文字,測試文字,0,4,0.0,0.09351641600005678,ok,
zh_line_09,zh_tra,single_line,7,3.0,opencv_bilinear,3.0,3.0,,canonical/zh_line_09/r_3p000000.png,ab5846a274095a6bf78b3e92ade6fe789309d4855b205bdb8e178a2ff0692a13,resized/opencv_bilinear/zh_line_09/r_3p000000.png,63a6960e1b8cdd23a638371022efe505c64c72ef1847fac1880bccf86d68bf52,/home/karan/ocr_study/fonts/microsoft-jhenghei.ttf,0,54,16,48.0,48,0.0,16,False,測試文字,"測試文字
",測試文字,測試文字,0,4,0.0,0.09220166300019628,ok,
zh_line_09,zh_tra,single_line,7,3.0,lanczos2_7tap_16phase,3.0,3.0,,canonical/zh_line_09/r_3p000000.png,ab5846a274095a6bf78b3e92ade6fe789309d4855b205bdb8e178a2ff0692a13,resized/lanczos2_7tap_16phase/zh_line_09/r_3p000000.png,db2e60bc9102d40804a17fdb4b014b5cb0e69d2dd3551753bd75fa9b5484d1c7,/home/karan/ocr_study/fonts/microsoft-jhenghei.ttf,0,54,16,48.0,48,0.0,16,False,測試文字,"測試文字
",測試文字,測試文字,0,4,0.0,0.09113612800047122,ok,
zh_line_09,zh_tra,single_line,7,3.0,lanczos3_7tap_16phase,3.0,3.0,,canonical/zh_line_09/r_3p000000.png,ab5846a274095a6bf78b3e92ade6fe789309d4855b205bdb8e178a2ff0692a13,resized/lanczos3_7tap_16phase/zh_line_09/r_3p000000.png,140d7bc04b9630af2aa696c269ec4943845167ba155d407a055724da1d376a2b,/home/karan/ocr_study/fonts/microsoft-jhenghei.ttf,0,54,16,48.0,48,0.0,18,True,測試文字,"測試文字
",測試文字,測試文字,0,4,0.0,0.09040152999932616,ok,
zh_line_10,zh_tra,single_line,7,1.0,bin_floor,1.0,1.0,1,canonical/zh_line_10/r_1p000000.png,2b6461ee0701d76eacd51f7562b58377ba7f778cf7ad228856f145724a08f72b,resized/bin_floor/zh_line_10/r_1p000000.png,2b6461ee0701d76eacd51f7562b58377ba7f778cf7ad228856f145724a08f72b,/home/karan/ocr_study/fonts/microsoft-jhenghei.ttf,0,21,16,16.0,16,0.0,16,False,1234567890,"1234567890
",1234567890,1234567890,0,10,0.0,0.09666133599966997,ok,
zh_line_10,zh_tra,single_line,7,1.0,bin_ceil,1.0,1.0,1,canonical/zh_line_10/r_1p000000.png,2b6461ee0701d76eacd51f7562b58377ba7f778cf7ad228856f145724a08f72b,resized/bin_ceil/zh_line_10/r_1p000000.png,2b6461ee0701d76eacd51f7562b58377ba7f778cf7ad228856f145724a08f72b,/home/karan/ocr_study/fonts/microsoft-jhenghei.ttf,0,21,16,16.0,16,0.0,16,False,1234567890,"1234567890
",1234567890,1234567890,0,10,0.0,0.09743231799984642,ok,
zh_line_10,zh_tra,single_line,7,1.0,opencv_bilinear,1.0,1.0,,canonical/zh_line_10/r_1p000000.png,2b6461ee0701d76eacd51f7562b58377ba7f778cf7ad228856f145724a08f72b,resized/opencv_bilinear/zh_line_10/r_1p000000.png,2b6461ee0701d76eacd51f7562b58377ba7f778cf7ad228856f145724a08f72b,/home/karan/ocr_study/fonts/microsoft-jhenghei.ttf,0,21,16,16.0,16,0.0,16,False,1234567890,"1234567890
",1234567890,1234567890,0,10,0.0,0.09459368599982554,ok,
zh_line_10,zh_tra,single_line,7,1.0,lanczos2_7tap_16phase,1.0,1.0,,canonical/zh_line_10/r_1p000000.png,2b6461ee0701d76eacd51f7562b58377ba7f778cf7ad228856f145724a08f72b,resized/lanczos2_7tap_16phase/zh_line_10/r_1p000000.png,2b6461ee0701d76eacd51f7562b58377ba7f778cf7ad228856f145724a08f72b,/home/karan/ocr_study/fonts/microsoft-jhenghei.ttf,0,21,16,16.0,16,0.0,16,False,1234567890,"1234567890
",1234567890,1234567890,0,10,0.0,0.0929001229997084,ok,
zh_line_10,zh_tra,single_line,7,1.0,lanczos3_7tap_16phase,1.0,1.0,,canonical/zh_line_10/r_1p000000.png,2b6461ee0701d76eacd51f7562b58377ba7f778cf7ad228856f145724a08f72b,resized/lanczos3_7tap_16phase/zh_line_10/r_1p000000.png,2b6461ee0701d76eacd51f7562b58377ba7f778cf7ad228856f145724a08f72b,/home/karan/ocr_study/fonts/microsoft-jhenghei.ttf,0,21,16,16.0,16,0.0,16,False,1234567890,"1234567890
",1234567890,1234567890,0,10,0.0,0.09304276700004266,ok,
zh_line_10,zh_tra,single_line,7,1.133333333333,bin_floor,1.0,1.0,1,canonical/zh_line_10/r_1p133333.png,65c7da96815dc46d22273425b4d278fa645a729077a07fd13168dfc653cc337a,resized/bin_floor/zh_line_10/r_1p133333.png,65c7da96815dc46d22273425b4d278fa645a729077a07fd13168dfc653cc337a,/home/karan/ocr_study/fonts/microsoft-jhenghei.ttf,0,24,16,18.133333333328,18,-0.13333333332800024,18,False,1234567890,"1234567890
",1234567890,1234567890,0,10,0.0,0.10121424899989506,ok,
zh_line_10,zh_tra,single_line,7,1.133333333333,bin_ceil,2.0,2.0,2,canonical/zh_line_10/r_1p133333.png,65c7da96815dc46d22273425b4d278fa645a729077a07fd13168dfc653cc337a,resized/bin_ceil/zh_line_10/r_1p133333.png,98d0067008027235d83ad4b8db1f311444deff828f30ac9dec6b52e75a5803df,/home/karan/ocr_study/fonts/microsoft-jhenghei.ttf,0,24,16,18.133333333328,18,-0.13333333332800024,10,False,1234567890,"1234567890
",1234567890,1234567890,0,10,0.0,0.09448167699974874,ok,
zh_line_10,zh_tra,single_line,7,1.133333333333,opencv_bilinear,1.1320754716981132,1.1320754716981132,,canonical/zh_line_10/r_1p133333.png,65c7da96815dc46d22273425b4d278fa645a729077a07fd13168dfc653cc337a,resized/opencv_bilinear/zh_line_10/r_1p133333.png,7d358b8ad807a8931721088f8ba76c5443352f325fe93322ef9fca956fb3a5d7,/home/karan/ocr_study/fonts/microsoft-jhenghei.ttf,0,24,16,18.133333333328,18,-0.13333333332800024,17,False,1234567890,"1234567890
",1234567890,1234567890,0,10,0.0,0.1008253859999968,ok,
zh_line_10,zh_tra,single_line,7,1.133333333333,lanczos2_7tap_16phase,1.1320754716981132,1.1320754716981132,,canonical/zh_line_10/r_1p133333.png,65c7da96815dc46d22273425b4d278fa645a729077a07fd13168dfc653cc337a,resized/lanczos2_7tap_16phase/zh_line_10/r_1p133333.png,889355ca338f7d119f86a27fe213d003d6c30a6549ef7cb8a5c0ab4cc069036f,/home/karan/ocr_study/fonts/microsoft-jhenghei.ttf,0,24,16,18.133333333328,18,-0.13333333332800024,17,False,1234567890,"1234567890
",1234567890,1234567890,0,10,0.0,0.0935189720003109,ok,
zh_line_10,zh_tra,single_line,7,1.133333333333,lanczos3_7tap_16phase,1.1320754716981132,1.1320754716981132,,canonical/zh_line_10/r_1p133333.png,65c7da96815dc46d22273425b4d278fa645a729077a07fd13168dfc653cc337a,resized/lanczos3_7tap_16phase/zh_line_10/r_1p133333.png,976331de8d247d9a4e08cde37f5aca716dea0f82df64921a9e4b7870041b5388,/home/karan/ocr_study/fonts/microsoft-jhenghei.ttf,0,24,16,18.133333333328,18,-0.13333333332800024,17,False,1234567890,"1234567890
",1234567890,1234567890,0,10,0.0,0.09416958699966926,ok,
zh_line_10,zh_tra,single_line,7,1.266666666667,bin_floor,1.0,1.0,1,canonical/zh_line_10/r_1p266667.png,f2dc69db762475e08a7412c6f9edfbdc31fc1009838e3e35801375caf1779f3c,resized/bin_floor/zh_line_10/r_1p266667.png,f2dc69db762475e08a7412c6f9edfbdc31fc1009838e3e35801375caf1779f3c,/home/karan/ocr_study/fonts/microsoft-jhenghei.ttf,0,26,16,20.266666666672,20,-0.26666666667199834,20,False,1234567890,"1234567890
",1234567890,1234567890,0,10,0.0,0.0954795469997407,ok,
zh_line_10,zh_tra,single_line,7,1.266666666667,bin_ceil,2.0,2.0,2,canonical/zh_line_10/r_1p266667.png,f2dc69db762475e08a7412c6f9edfbdc31fc1009838e3e35801375caf1779f3c,resized/bin_ceil/zh_line_10/r_1p266667.png,475a825496ed5e32d9fd74c82b8e6e4b41c56fbd40c14926705be9948647ee73,/home/karan/ocr_study/fonts/microsoft-jhenghei.ttf,0,26,16,20.266666666672,20,-0.26666666667199834,10,False,1234567890,"1234567890
",1234567890,1234567890,0,10,0.0,0.09595572300077038,ok,
zh_line_10,zh_tra,single_line,7,1.266666666667,opencv_bilinear,1.263157894736842,1.263157894736842,,canonical/zh_line_10/r_1p266667.png,f2dc69db762475e08a7412c6f9edfbdc31fc1009838e3e35801375caf1779f3c,resized/opencv_bilinear/zh_line_10/r_1p266667.png,e9b5c59ccb5b597a5c79fbf9432b75016bd0530c6bdc7871441cf973ecb7fec8,/home/karan/ocr_study/fonts/microsoft-jhenghei.ttf,0,26,16,20.266666666672,20,-0.26666666667199834,16,False,1234567890,"1234567890
",1234567890,1234567890,0,10,0.0,0.09440162100054295,ok,
zh_line_10,zh_tra,single_line,7,1.266666666667,lanczos2_7tap_16phase,1.263157894736842,1.263157894736842,,canonical/zh_line_10/r_1p266667.png,f2dc69db762475e08a7412c6f9edfbdc31fc1009838e3e35801375caf1779f3c,resized/lanczos2_7tap_16phase/zh_line_10/r_1p266667.png,7cc5091a04ba0e765419e6deeddcfe3e895066757fccc67e9b4c82ee007ca7e0,/home/karan/ocr_study/fonts/microsoft-jhenghei.ttf,0,26,16,20.266666666672,20,-0.26666666667199834,16,False,1234567890,"1234567890
",1234567890,1234567890,0,10,0.0,0.09498918799999956,ok,
zh_line_10,zh_tra,single_line,7,1.266666666667,lanczos3_7tap_16phase,1.263157894736842,1.263157894736842,,canonical/zh_line_10/r_1p266667.png,f2dc69db762475e08a7412c6f9edfbdc31fc1009838e3e35801375caf1779f3c,resized/lanczos3_7tap_16phase/zh_line_10/r_1p266667.png,070097061e0cbc6b8cb53a0cf8b644e181a9321af13fd2de2d25421c70847051,/home/karan/ocr_study/fonts/microsoft-jhenghei.ttf,0,26,16,20.266666666672,20,-0.26666666667199834,16,False,1234567890,"1234567890
",1234567890,1234567890,0,10,0.0,0.09388911800033384,ok,
zh_line_10,zh_tra,single_line,7,1.4,bin_floor,1.0,1.0,1,canonical/zh_line_10/r_1p400000.png,df95f9edc9d8de70370ed34668576a8c2cb24ba929d4af67d5bfd57d408da1d7,resized/bin_floor/zh_line_10/r_1p400000.png,df95f9edc9d8de70370ed34668576a8c2cb24ba929d4af67d5bfd57d408da1d7,/home/karan/ocr_study/fonts/microsoft-jhenghei.ttf,0,29,16,22.4,22,-0.3999999999999986,22,False,1234567890,"1234567890
",1234567890,1234567890,0,10,0.0,0.09579340599975694,ok,
zh_line_10,zh_tra,single_line,7,1.4,bin_ceil,2.0,2.0,2,canonical/zh_line_10/r_1p400000.png,df95f9edc9d8de70370ed34668576a8c2cb24ba929d4af67d5bfd57d408da1d7,resized/bin_ceil/zh_line_10/r_1p400000.png,8adbd5b681fb947f88c1ba0af94d44040890e57ab1965d2420626c27b3a2d0ab,/home/karan/ocr_study/fonts/microsoft-jhenghei.ttf,0,29,16,22.4,22,-0.3999999999999986,12,False,1234567890,"1234567890
",1234567890,1234567890,0,10,0.0,0.09445880600014789,ok,
zh_line_10,zh_tra,single_line,7,1.4,opencv_bilinear,1.4025974025974026,1.4025974025974026,,canonical/zh_line_10/r_1p400000.png,df95f9edc9d8de70370ed34668576a8c2cb24ba929d4af67d5bfd57d408da1d7,resized/opencv_bilinear/zh_line_10/r_1p400000.png,3a8a222d5c5555a9c197897f1d52aff4117075c3926011f00d500f84e08022d7,/home/karan/ocr_study/fonts/microsoft-jhenghei.ttf,0,29,16,22.4,22,-0.3999999999999986,16,False,1234567890,"1234567890
",1234567890,1234567890,0,10,0.0,0.09674425399953179,ok,
zh_line_10,zh_tra,single_line,7,1.4,lanczos2_7tap_16phase,1.4025974025974026,1.4025974025974026,,canonical/zh_line_10/r_1p400000.png,df95f9edc9d8de70370ed34668576a8c2cb24ba929d4af67d5bfd57d408da1d7,resized/lanczos2_7tap_16phase/zh_line_10/r_1p400000.png,ecd9a815f48e843ff3042b9f068b12cc4685fb0646c05b4dedc37e3d74b96e58,/home/karan/ocr_study/fonts/microsoft-jhenghei.ttf,0,29,16,22.4,22,-0.3999999999999986,16,False,1234567890,"1234567890
",1234567890,1234567890,0,10,0.0,0.09592112299924338,ok,
zh_line_10,zh_tra,single_line,7,1.4,lanczos3_7tap_16phase,1.4025974025974026,1.4025974025974026,,canonical/zh_line_10/r_1p400000.png,df95f9edc9d8de70370ed34668576a8c2cb24ba929d4af67d5bfd57d408da1d7,resized/lanczos3_7tap_16phase/zh_line_10/r_1p400000.png,fd71877a19cb2a8e29d37bed836adad1d66b439ee600db294a58228965266e94,/home/karan/ocr_study/fonts/microsoft-jhenghei.ttf,0,29,16,22.4,22,-0.3999999999999986,16,False,1234567890,"1234567890
",1234567890,1234567890,0,10,0.0,0.09321370900033799,ok,
zh_line_10,zh_tra,single_line,7,1.533333333333,bin_floor,1.0,1.0,1,canonical/zh_line_10/r_1p533333.png,617a06d3b9a8b115dc01433655447dff2f3fdb59d573c927ec0fba0a8ef7dee5,resized/bin_floor/zh_line_10/r_1p533333.png,617a06d3b9a8b115dc01433655447dff2f3fdb59d573c927ec0fba0a8ef7dee5,/home/karan/ocr_study/fonts/microsoft-jhenghei.ttf,0,32,16,24.533333333328,25,0.4666666666720012,25,False,1234567890,"1234567890
",1234567890,1234567890,0,10,0.0,0.1048110790006831,ok,
zh_line_10,zh_tra,single_line,7,1.533333333333,bin_ceil,2.0,2.0,2,canonical/zh_line_10/r_1p533333.png,617a06d3b9a8b115dc01433655447dff2f3fdb59d573c927ec0fba0a8ef7dee5,resized/bin_ceil/zh_line_10/r_1p533333.png,06842f5d5953124d39d54b06e36d687649615fe6c22d460aff206d953ce7b83b,/home/karan/ocr_study/fonts/microsoft-jhenghei.ttf,0,32,16,24.533333333328,25,0.4666666666720012,13,False,1234567890,"1234567890,
",1234567890,"1234567890,",1,10,0.1,0.09315590999995038,ok,
zh_line_10,zh_tra,single_line,7,1.533333333333,opencv_bilinear,1.5286624203821657,1.5286624203821657,,canonical/zh_line_10/r_1p533333.png,617a06d3b9a8b115dc01433655447dff2f3fdb59d573c927ec0fba0a8ef7dee5,resized/opencv_bilinear/zh_line_10/r_1p533333.png,4d7252d5cf1fcbe6e5d1ea83eac9d35b753ca4087ffcbc9699200f3525982aea,/home/karan/ocr_study/fonts/microsoft-jhenghei.ttf,0,32,16,24.533333333328,25,0.4666666666720012,17,False,1234567890,"1234567890
",1234567890,1234567890,0,10,0.0,0.0946429719997468,ok,
zh_line_10,zh_tra,single_line,7,1.533333333333,lanczos2_7tap_16phase,1.5286624203821657,1.5286624203821657,,canonical/zh_line_10/r_1p533333.png,617a06d3b9a8b115dc01433655447dff2f3fdb59d573c927ec0fba0a8ef7dee5,resized/lanczos2_7tap_16phase/zh_line_10/r_1p533333.png,b109a2ad4c34ea33d1091ab53fd0b628684935dde5e616d7cae1cca8c6599685,/home/karan/ocr_study/fonts/microsoft-jhenghei.ttf,0,32,16,24.533333333328,25,0.4666666666720012,18,True,1234567890,"1234567890
",1234567890,1234567890,0,10,0.0,0.09227863299929595,ok,
zh_line_10,zh_tra,single_line,7,1.533333333333,lanczos3_7tap_16phase,1.5286624203821657,1.5286624203821657,,canonical/zh_line_10/r_1p533333.png,617a06d3b9a8b115dc01433655447dff2f3fdb59d573c927ec0fba0a8ef7dee5,resized/lanczos3_7tap_16phase/zh_line_10/r_1p533333.png,4cdfa5999b9d2a059e649bcb24e036ed41988b5080a90a662b53c2bc80dcf853,/home/karan/ocr_study/fonts/microsoft-jhenghei.ttf,0,32,16,24.533333333328,25,0.4666666666720012,18,True,1234567890,"1234567890
",1234567890,1234567890,0,10,0.0,0.09352491699974053,ok,
zh_line_10,zh_tra,single_line,7,1.666666666667,bin_floor,1.0,1.0,1,canonical/zh_line_10/r_1p666667.png,492ee5ae919905a2c86649aaaf80d882c7ffdef8eee30c8028cff62c98c9c21d,resized/bin_floor/zh_line_10/r_1p666667.png,492ee5ae919905a2c86649aaaf80d882c7ffdef8eee30c8028cff62c98c9c21d,/home/karan/ocr_study/fonts/microsoft-jhenghei.ttf,0,35,16,26.666666666672,27,0.3333333333279995,27,False,1234567890,"1234567890
",1234567890,1234567890,0,10,0.0,0.09585301100014476,ok,
zh_line_10,zh_tra,single_line,7,1.666666666667,bin_ceil,2.0,2.0,2,canonical/zh_line_10/r_1p666667.png,492ee5ae919905a2c86649aaaf80d882c7ffdef8eee30c8028cff62c98c9c21d,resized/bin_ceil/zh_line_10/r_1p666667.png,1065dbe63df1edaa1f2b142ba292131412e48f09257f0add55c221a910b05620,/home/karan/ocr_study/fonts/microsoft-jhenghei.ttf,0,35,16,26.666666666672,27,0.3333333333279995,14,False,1234567890,"1234567890
",1234567890,1234567890,0,10,0.0,0.0958951779994095,ok,
zh_line_10,zh_tra,single_line,7,1.666666666667,opencv_bilinear,1.664516129032258,1.664516129032258,,canonical/zh_line_10/r_1p666667.png,492ee5ae919905a2c86649aaaf80d882c7ffdef8eee30c8028cff62c98c9c21d,resized/opencv_bilinear/zh_line_10/r_1p666667.png,9120f83f1e2003c01eaadc9a876deb862e6235e867647dc618a4ba81a349a0b9,/home/karan/ocr_study/fonts/microsoft-jhenghei.ttf,0,35,16,26.666666666672,27,0.3333333333279995,17,False,1234567890,"1234567890
",1234567890,1234567890,0,10,0.0,0.09614068300015788,ok,
zh_line_10,zh_tra,single_line,7,1.666666666667,lanczos2_7tap_16phase,1.664516129032258,1.664516129032258,,canonical/zh_line_10/r_1p666667.png,492ee5ae919905a2c86649aaaf80d882c7ffdef8eee30c8028cff62c98c9c21d,resized/lanczos2_7tap_16phase/zh_line_10/r_1p666667.png,d921d605690cacebeb6190908a3b5819041339ab5f4b12e92249090fbc60aa1b,/home/karan/ocr_study/fonts/microsoft-jhenghei.ttf,0,35,16,26.666666666672,27,0.3333333333279995,17,False,1234567890,"1234567890
",1234567890,1234567890,0,10,0.0,0.09475717900022573,ok,
zh_line_10,zh_tra,single_line,7,1.666666666667,lanczos3_7tap_16phase,1.664516129032258,1.664516129032258,,canonical/zh_line_10/r_1p666667.png,492ee5ae919905a2c86649aaaf80d882c7ffdef8eee30c8028cff62c98c9c21d,resized/lanczos3_7tap_16phase/zh_line_10/r_1p666667.png,6c6f49361d093d03b8fc320ceb5b9e3ebdd25b72a776038983fc3d32e981c3f2,/home/karan/ocr_study/fonts/microsoft-jhenghei.ttf,0,35,16,26.666666666672,27,0.3333333333279995,17,False,1234567890,"1234567890
",1234567890,1234567890,0,10,0.0,0.0948258389998955,ok,
zh_line_10,zh_tra,single_line,7,1.8,bin_floor,1.0,1.0,1,canonical/zh_line_10/r_1p800000.png,1bb5885f48afe3a82fb069375340ea567a6beffda87c440447071804aec2df8c,resized/bin_floor/zh_line_10/r_1p800000.png,1bb5885f48afe3a82fb069375340ea567a6beffda87c440447071804aec2df8c,/home/karan/ocr_study/fonts/microsoft-jhenghei.ttf,0,38,16,28.8,29,0.1999999999999993,29,False,1234567890,"1234567890
",1234567890,1234567890,0,10,0.0,0.09784443999978976,ok,
zh_line_10,zh_tra,single_line,7,1.8,bin_ceil,2.0,2.0,2,canonical/zh_line_10/r_1p800000.png,1bb5885f48afe3a82fb069375340ea567a6beffda87c440447071804aec2df8c,resized/bin_ceil/zh_line_10/r_1p800000.png,e069db6a7718987c863bd94e23418b492db00d09387accfc01a5c1d9dad25d24,/home/karan/ocr_study/fonts/microsoft-jhenghei.ttf,0,38,16,28.8,29,0.1999999999999993,15,False,1234567890,"1234567890
",1234567890,1234567890,0,10,0.0,0.0953824660000464,ok,
zh_line_10,zh_tra,single_line,7,1.8,opencv_bilinear,1.7961783439490446,1.7961783439490446,,canonical/zh_line_10/r_1p800000.png,1bb5885f48afe3a82fb069375340ea567a6beffda87c440447071804aec2df8c,resized/opencv_bilinear/zh_line_10/r_1p800000.png,0447cd478ff69fd6305083b45c61e55d27086af07ff5989b968fb0ec36caf46c,/home/karan/ocr_study/fonts/microsoft-jhenghei.ttf,0,38,16,28.8,29,0.1999999999999993,17,False,1234567890,"1234567890
",1234567890,1234567890,0,10,0.0,0.09687488899999153,ok,
zh_line_10,zh_tra,single_line,7,1.8,lanczos2_7tap_16phase,1.7961783439490446,1.7961783439490446,,canonical/zh_line_10/r_1p800000.png,1bb5885f48afe3a82fb069375340ea567a6beffda87c440447071804aec2df8c,resized/lanczos2_7tap_16phase/zh_line_10/r_1p800000.png,1d7f44584f8ef6f768d9bdc39ebcb26f241ed8bbb6b9b4e2bd3c34ef24869467,/home/karan/ocr_study/fonts/microsoft-jhenghei.ttf,0,38,16,28.8,29,0.1999999999999993,17,False,1234567890,"1234567890
",1234567890,1234567890,0,10,0.0,0.09838323599979049,ok,
zh_line_10,zh_tra,single_line,7,1.8,lanczos3_7tap_16phase,1.7961783439490446,1.7961783439490446,,canonical/zh_line_10/r_1p800000.png,1bb5885f48afe3a82fb069375340ea567a6beffda87c440447071804aec2df8c,resized/lanczos3_7tap_16phase/zh_line_10/r_1p800000.png,2386ccc22281c2d77949348b97896ed35304b526f248543c03210fa1f32783c0,/home/karan/ocr_study/fonts/microsoft-jhenghei.ttf,0,38,16,28.8,29,0.1999999999999993,17,False,1234567890,"1234567890
",1234567890,1234567890,0,10,0.0,0.09370862400010083,ok,
zh_line_10,zh_tra,single_line,7,1.933333333333,bin_floor,1.0,1.0,1,canonical/zh_line_10/r_1p933333.png,a67dd0361821519e673af11a92f67a628443c40a2e001f09d432faf8360c85b9,resized/bin_floor/zh_line_10/r_1p933333.png,a67dd0361821519e673af11a92f67a628443c40a2e001f09d432faf8360c85b9,/home/karan/ocr_study/fonts/microsoft-jhenghei.ttf,0,40,16,30.933333333328,31,0.06666666667199905,31,False,1234567890,"1234567890
",1234567890,1234567890,0,10,0.0,0.10401492299934034,ok,
zh_line_10,zh_tra,single_line,7,1.933333333333,bin_ceil,2.0,2.0,2,canonical/zh_line_10/r_1p933333.png,a67dd0361821519e673af11a92f67a628443c40a2e001f09d432faf8360c85b9,resized/bin_ceil/zh_line_10/r_1p933333.png,9c3c48111a8e6b040de1dcc7a22b8f74ed1d55f3d6a991b55758760456216c1a,/home/karan/ocr_study/fonts/microsoft-jhenghei.ttf,0,40,16,30.933333333328,31,0.06666666667199905,16,False,1234567890,"1234567890
",1234567890,1234567890,0,10,0.0,0.09374563100027444,ok,
zh_line_10,zh_tra,single_line,7,1.933333333333,opencv_bilinear,1.9342105263157894,1.9342105263157894,,canonical/zh_line_10/r_1p933333.png,a67dd0361821519e673af11a92f67a628443c40a2e001f09d432faf8360c85b9,resized/opencv_bilinear/zh_line_10/r_1p933333.png,b6a1dc50327e541ce11852f521fbaf4f422182f3bc3b8d4ac2837f75d04375fc,/home/karan/ocr_study/fonts/microsoft-jhenghei.ttf,0,40,16,30.933333333328,31,0.06666666667199905,17,False,1234567890,"1234567890
",1234567890,1234567890,0,10,0.0,0.0963119629996072,ok,
zh_line_10,zh_tra,single_line,7,1.933333333333,lanczos2_7tap_16phase,1.9342105263157894,1.9342105263157894,,canonical/zh_line_10/r_1p933333.png,a67dd0361821519e673af11a92f67a628443c40a2e001f09d432faf8360c85b9,resized/lanczos2_7tap_16phase/zh_line_10/r_1p933333.png,a9ed5bf6d46afa4f19b6587152d0fc0b627ba4d954f63a1418f03ea34ebc745c,/home/karan/ocr_study/fonts/microsoft-jhenghei.ttf,0,40,16,30.933333333328,31,0.06666666667199905,17,False,1234567890,"1234567890
",1234567890,1234567890,0,10,0.0,0.10016763699968578,ok,
zh_line_10,zh_tra,single_line,7,1.933333333333,lanczos3_7tap_16phase,1.9342105263157894,1.9342105263157894,,canonical/zh_line_10/r_1p933333.png,a67dd0361821519e673af11a92f67a628443c40a2e001f09d432faf8360c85b9,resized/lanczos3_7tap_16phase/zh_line_10/r_1p933333.png,bfd0792f7da45f487949cd69bd5950c33d2bb6d8854117702e84e098ad0849e8,/home/karan/ocr_study/fonts/microsoft-jhenghei.ttf,0,40,16,30.933333333328,31,0.06666666667199905,17,False,1234567890,"1234567890
",1234567890,1234567890,0,10,0.0,0.09371652000027098,ok,
zh_line_10,zh_tra,single_line,7,2.066666666667,bin_floor,2.0,2.0,2,canonical/zh_line_10/r_2p066667.png,eaff6b502f3a1e917020489b39a91da32d480c2949eb532d67d592b17c539bd2,resized/bin_floor/zh_line_10/r_2p066667.png,b141b535d64fdb660f399b9391d80becd784e690c144ec0bae295fa1f1277836,/home/karan/ocr_study/fonts/microsoft-jhenghei.ttf,0,43,16,33.066666666672,33,-0.06666666667199905,17,False,1234567890,"1234567890
",1234567890,1234567890,0,10,0.0,0.09703552100017987,ok,
zh_line_10,zh_tra,single_line,7,2.066666666667,bin_ceil,3.0,3.0,3,canonical/zh_line_10/r_2p066667.png,eaff6b502f3a1e917020489b39a91da32d480c2949eb532d67d592b17c539bd2,resized/bin_ceil/zh_line_10/r_2p066667.png,2f64ec3f44da0ab8d093589d0150c240dbca64c2b527c48ad8827e57d5961afa,/home/karan/ocr_study/fonts/microsoft-jhenghei.ttf,0,43,16,33.066666666672,33,-0.06666666667199905,12,False,1234567890,"1234567890,
",1234567890,"1234567890,",1,10,0.1,0.09776353600045695,ok,
zh_line_10,zh_tra,single_line,7,2.066666666667,opencv_bilinear,2.064935064935065,2.064935064935065,,canonical/zh_line_10/r_2p066667.png,eaff6b502f3a1e917020489b39a91da32d480c2949eb532d67d592b17c539bd2,resized/opencv_bilinear/zh_line_10/r_2p066667.png,d4df24c3cefba6477c8368a32debe6ef57cbcfd6ffcc2ccad8f2957921bae822,/home/karan/ocr_study/fonts/microsoft-jhenghei.ttf,0,43,16,33.066666666672,33,-0.06666666667199905,16,False,1234567890,"1234567890
",1234567890,1234567890,0,10,0.0,0.10006466200047726,ok,
zh_line_10,zh_tra,single_line,7,2.066666666667,lanczos2_7tap_16phase,2.064935064935065,2.064935064935065,,canonical/zh_line_10/r_2p066667.png,eaff6b502f3a1e917020489b39a91da32d480c2949eb532d67d592b17c539bd2,resized/lanczos2_7tap_16phase/zh_line_10/r_2p066667.png,b59c212de3e5e64be497051994fa39a4b17ebd573d03f304e0eb4b62a754399e,/home/karan/ocr_study/fonts/microsoft-jhenghei.ttf,0,43,16,33.066666666672,33,-0.06666666667199905,17,False,1234567890,"1234567890
",1234567890,1234567890,0,10,0.0,0.09488835299998755,ok,
zh_line_10,zh_tra,single_line,7,2.066666666667,lanczos3_7tap_16phase,2.064935064935065,2.064935064935065,,canonical/zh_line_10/r_2p066667.png,eaff6b502f3a1e917020489b39a91da32d480c2949eb532d67d592b17c539bd2,resized/lanczos3_7tap_16phase/zh_line_10/r_2p066667.png,f9eb2c32ece5823af3379c4c345b4abc7b800730b76cd71730b3994cb5bfc610,/home/karan/ocr_study/fonts/microsoft-jhenghei.ttf,0,43,16,33.066666666672,33,-0.06666666667199905,17,False,1234567890,"1234567890
",1234567890,1234567890,0,10,0.0,0.0937840110000252,ok,
zh_line_10,zh_tra,single_line,7,2.2,bin_floor,2.0,2.0,2,canonical/zh_line_10/r_2p200000.png,192e479749c4cabf5e6aef97a72a6df817133eb0c1745f0de900dd24a0bcdf37,resized/bin_floor/zh_line_10/r_2p200000.png,48724bd31d7c7ee1906cc8b8f458a90af0f67826351f46f8259478fe7ad40599,/home/karan/ocr_study/fonts/microsoft-jhenghei.ttf,0,45,16,35.2,35,-0.20000000000000284,18,False,1234567890,"1234567890
",1234567890,1234567890,0,10,0.0,0.0954529860000548,ok,
zh_line_10,zh_tra,single_line,7,2.2,bin_ceil,3.0,3.0,3,canonical/zh_line_10/r_2p200000.png,192e479749c4cabf5e6aef97a72a6df817133eb0c1745f0de900dd24a0bcdf37,resized/bin_ceil/zh_line_10/r_2p200000.png,00e253523e2bd35fc327d5deee443abbe47e3eab30c09b2f23c657ea938162ca,/home/karan/ocr_study/fonts/microsoft-jhenghei.ttf,0,45,16,35.2,35,-0.20000000000000284,12,False,1234567890,"1234567890
",1234567890,1234567890,0,10,0.0,0.09677790200021263,ok,
zh_line_10,zh_tra,single_line,7,2.2,opencv_bilinear,2.196078431372549,2.196078431372549,,canonical/zh_line_10/r_2p200000.png,192e479749c4cabf5e6aef97a72a6df817133eb0c1745f0de900dd24a0bcdf37,resized/opencv_bilinear/zh_line_10/r_2p200000.png,251c018aa9ec9152be957b1be3f5b1efdaa1cdab860eb0be312a280ca9360a77,/home/karan/ocr_study/fonts/microsoft-jhenghei.ttf,0,45,16,35.2,35,-0.20000000000000284,16,False,1234567890,"1234567890
",1234567890,1234567890,0,10,0.0,0.09896004999973229,ok,
zh_line_10,zh_tra,single_line,7,2.2,lanczos2_7tap_16phase,2.196078431372549,2.196078431372549,,canonical/zh_line_10/r_2p200000.png,192e479749c4cabf5e6aef97a72a6df817133eb0c1745f0de900dd24a0bcdf37,resized/lanczos2_7tap_16phase/zh_line_10/r_2p200000.png,172a24ccd9d4be50bffaf349e2af3e8ba518a86acbfab43a391e0cf3457e7256,/home/karan/ocr_study/fonts/microsoft-jhenghei.ttf,0,45,16,35.2,35,-0.20000000000000284,17,False,1234567890,"1234567890
",1234567890,1234567890,0,10,0.0,0.09465373399962118,ok,
zh_line_10,zh_tra,single_line,7,2.2,lanczos3_7tap_16phase,2.196078431372549,2.196078431372549,,canonical/zh_line_10/r_2p200000.png,192e479749c4cabf5e6aef97a72a6df817133eb0c1745f0de900dd24a0bcdf37,resized/lanczos3_7tap_16phase/zh_line_10/r_2p200000.png,50efb7ee439267f9dd5f57dde42a6c3be47e858c10b38332be1d2e5c14911e8e,/home/karan/ocr_study/fonts/microsoft-jhenghei.ttf,0,45,16,35.2,35,-0.20000000000000284,17,False,1234567890,"1234567890
",1234567890,1234567890,0,10,0.0,0.09449217000019416,ok,
zh_line_10,zh_tra,single_line,7,2.333333333333,bin_floor,2.0,2.0,2,canonical/zh_line_10/r_2p333333.png,7ca58d20a5d95bf2f4b254e6a49e44ad86cfde509d4ae1bf11386f465eba1f51,resized/bin_floor/zh_line_10/r_2p333333.png,1ddc80744db5a773876bce95d4c83f8ff12dbed87aabb93d987c51577a1ad09c,/home/karan/ocr_study/fonts/microsoft-jhenghei.ttf,0,48,16,37.333333333328,37,-0.3333333333279995,19,False,1234567890,"1234567890
",1234567890,1234567890,0,10,0.0,0.09573933999945439,ok,
zh_line_10,zh_tra,single_line,7,2.333333333333,bin_ceil,3.0,3.0,3,canonical/zh_line_10/r_2p333333.png,7ca58d20a5d95bf2f4b254e6a49e44ad86cfde509d4ae1bf11386f465eba1f51,resized/bin_ceil/zh_line_10/r_2p333333.png,25f9c288869f81aaf616534d18a83f8f9300379372d186b8745d81a09b4b22c3,/home/karan/ocr_study/fonts/microsoft-jhenghei.ttf,0,48,16,37.333333333328,37,-0.3333333333279995,13,False,1234567890,"1234567890
",1234567890,1234567890,0,10,0.0,0.0961455639999258,ok,
zh_line_10,zh_tra,single_line,7,2.333333333333,opencv_bilinear,2.3289473684210527,2.3289473684210527,,canonical/zh_line_10/r_2p333333.png,7ca58d20a5d95bf2f4b254e6a49e44ad86cfde509d4ae1bf11386f465eba1f51,resized/opencv_bilinear/zh_line_10/r_2p333333.png,6e3b574f502fef504da5a7e35e87c961c34685a6d31093b00504aa188eb3ea24,/home/karan/ocr_study/fonts/microsoft-jhenghei.ttf,0,48,16,37.333333333328,37,-0.3333333333279995,16,False,1234567890,"1234567890
",1234567890,1234567890,0,10,0.0,0.0955414270001711,ok,
zh_line_10,zh_tra,single_line,7,2.333333333333,lanczos2_7tap_16phase,2.3289473684210527,2.3289473684210527,,canonical/zh_line_10/r_2p333333.png,7ca58d20a5d95bf2f4b254e6a49e44ad86cfde509d4ae1bf11386f465eba1f51,resized/lanczos2_7tap_16phase/zh_line_10/r_2p333333.png,048db8c3b02fe40bf746de2e932752ef19f171aafddfaf5fc38bc7da77c50486,/home/karan/ocr_study/fonts/microsoft-jhenghei.ttf,0,48,16,37.333333333328,37,-0.3333333333279995,17,False,1234567890,"1234567890
",1234567890,1234567890,0,10,0.0,0.09388623599988932,ok,
zh_line_10,zh_tra,single_line,7,2.333333333333,lanczos3_7tap_16phase,2.3289473684210527,2.3289473684210527,,canonical/zh_line_10/r_2p333333.png,7ca58d20a5d95bf2f4b254e6a49e44ad86cfde509d4ae1bf11386f465eba1f51,resized/lanczos3_7tap_16phase/zh_line_10/r_2p333333.png,c2740e0eaabfe447a5368c2ac57b388447d18577086d94e7a02ab5dbf6caacf8,/home/karan/ocr_study/fonts/microsoft-jhenghei.ttf,0,48,16,37.333333333328,37,-0.3333333333279995,17,False,1234567890,"1234567890
",1234567890,1234567890,0,10,0.0,0.09477804099969944,ok,
zh_line_10,zh_tra,single_line,7,2.466666666667,bin_floor,2.0,2.0,2,canonical/zh_line_10/r_2p466667.png,b68e48c503c0cf0fe333e259c56e9d938be2a4894bdb45acf245f4378ff0a168,resized/bin_floor/zh_line_10/r_2p466667.png,3541c5c6a3c435e149a6665a79568e081c6740d404a7abaf84a1c6d03733b760,/home/karan/ocr_study/fonts/microsoft-jhenghei.ttf,0,49,16,39.466666666672,38,-1.4666666666719976,19,False,1234567890,"1234567890
",1234567890,1234567890,0,10,0.0,0.09702554100022098,ok,
zh_line_10,zh_tra,single_line,7,2.466666666667,bin_ceil,3.0,3.0,3,canonical/zh_line_10/r_2p466667.png,b68e48c503c0cf0fe333e259c56e9d938be2a4894bdb45acf245f4378ff0a168,resized/bin_ceil/zh_line_10/r_2p466667.png,9ca096b413fbcf8b894fc84d4b0aea444d04fe98005f2627489eafefcbf13da3,/home/karan/ocr_study/fonts/microsoft-jhenghei.ttf,0,49,16,39.466666666672,38,-1.4666666666719976,14,False,1234567890,"1234567890
",1234567890,1234567890,0,10,0.0,0.10579948700069508,ok,
zh_line_10,zh_tra,single_line,7,2.466666666667,opencv_bilinear,2.472972972972973,2.472972972972973,,canonical/zh_line_10/r_2p466667.png,b68e48c503c0cf0fe333e259c56e9d938be2a4894bdb45acf245f4378ff0a168,resized/opencv_bilinear/zh_line_10/r_2p466667.png,1d93ac044f42357d6f9e0c2ee0d1271b2bc8eb6b3f2ec0ee2552bb4d43bba93f,/home/karan/ocr_study/fonts/microsoft-jhenghei.ttf,0,49,16,39.466666666672,38,-1.4666666666719976,16,False,1234567890,"1234567890
",1234567890,1234567890,0,10,0.0,0.09215520399993693,ok,
zh_line_10,zh_tra,single_line,7,2.466666666667,lanczos2_7tap_16phase,2.472972972972973,2.472972972972973,,canonical/zh_line_10/r_2p466667.png,b68e48c503c0cf0fe333e259c56e9d938be2a4894bdb45acf245f4378ff0a168,resized/lanczos2_7tap_16phase/zh_line_10/r_2p466667.png,379fc000a2a354960eb34a7ac0a71b17a25e155bc875c7a5f0c497565fe127f3,/home/karan/ocr_study/fonts/microsoft-jhenghei.ttf,0,49,16,39.466666666672,38,-1.4666666666719976,16,False,1234567890,"1234567890
",1234567890,1234567890,0,10,0.0,0.09405422800045926,ok,
zh_line_10,zh_tra,single_line,7,2.466666666667,lanczos3_7tap_16phase,2.472972972972973,2.472972972972973,,canonical/zh_line_10/r_2p466667.png,b68e48c503c0cf0fe333e259c56e9d938be2a4894bdb45acf245f4378ff0a168,resized/lanczos3_7tap_16phase/zh_line_10/r_2p466667.png,cdde69f1143d0254d6141ea37c9a993a3153bbb0f992000e1be6d9bc91816c84,/home/karan/ocr_study/fonts/microsoft-jhenghei.ttf,0,49,16,39.466666666672,38,-1.4666666666719976,16,False,1234567890,"1234567890
",1234567890,1234567890,0,10,0.0,0.09707427800003643,ok,
zh_line_10,zh_tra,single_line,7,2.6,bin_floor,2.0,2.0,2,canonical/zh_line_10/r_2p600000.png,5dd73a5b0209df277197237de3dcd93551262b64d9c031e68a6e454790fc8be5,resized/bin_floor/zh_line_10/r_2p600000.png,c3260105db9da1f55283541407dc0d34206973f8287f177074a2ba35ca23eb16,/home/karan/ocr_study/fonts/microsoft-jhenghei.ttf,0,53,16,41.6,42,0.3999999999999986,22,False,1234567890,"1234567890
",1234567890,1234567890,0,10,0.0,0.10383694699976331,ok,
zh_line_10,zh_tra,single_line,7,2.6,bin_ceil,3.0,3.0,3,canonical/zh_line_10/r_2p600000.png,5dd73a5b0209df277197237de3dcd93551262b64d9c031e68a6e454790fc8be5,resized/bin_ceil/zh_line_10/r_2p600000.png,1569cf61d86aa8296829c6047b869d765f612c43b5ff871ff23dbd4c3d4f4170,/home/karan/ocr_study/fonts/microsoft-jhenghei.ttf,0,53,16,41.6,42,0.3999999999999986,14,False,1234567890,"1234567890
",1234567890,1234567890,0,10,0.0,0.09950815399952262,ok,
zh_line_10,zh_tra,single_line,7,2.6,opencv_bilinear,2.6052631578947367,2.6052631578947367,,canonical/zh_line_10/r_2p600000.png,5dd73a5b0209df277197237de3dcd93551262b64d9c031e68a6e454790fc8be5,resized/opencv_bilinear/zh_line_10/r_2p600000.png,75a74d7711f707213ac500e8218c2d44414a5ea337e5ccf671b85f79a86e569c,/home/karan/ocr_study/fonts/microsoft-jhenghei.ttf,0,53,16,41.6,42,0.3999999999999986,16,False,1234567890,"1234567890
",1234567890,1234567890,0,10,0.0,0.09674319799978548,ok,
zh_line_10,zh_tra,single_line,7,2.6,lanczos2_7tap_16phase,2.6052631578947367,2.6052631578947367,,canonical/zh_line_10/r_2p600000.png,5dd73a5b0209df277197237de3dcd93551262b64d9c031e68a6e454790fc8be5,resized/lanczos2_7tap_16phase/zh_line_10/r_2p600000.png,aedf3e5577c21a61c6e768c86f1daa622b1ef65c3e88ee2c08408effaa591d9c,/home/karan/ocr_study/fonts/microsoft-jhenghei.ttf,0,53,16,41.6,42,0.3999999999999986,18,True,1234567890,"1234567890
",1234567890,1234567890,0,10,0.0,0.09670703199935815,ok,
zh_line_10,zh_tra,single_line,7,2.6,lanczos3_7tap_16phase,2.6052631578947367,2.6052631578947367,,canonical/zh_line_10/r_2p600000.png,5dd73a5b0209df277197237de3dcd93551262b64d9c031e68a6e454790fc8be5,resized/lanczos3_7tap_16phase/zh_line_10/r_2p600000.png,213d6737e9c0cf5edb87aeac5e07e589744178005b0332a0acb4ec5b5108ce80,/home/karan/ocr_study/fonts/microsoft-jhenghei.ttf,0,53,16,41.6,42,0.3999999999999986,18,True,1234567890,"1234567890
",1234567890,1234567890,0,10,0.0,0.09335518399984721,ok,
zh_line_10,zh_tra,single_line,7,2.625,bin_floor,2.0,2.0,2,canonical/zh_line_10/r_2p625000.png,5dd73a5b0209df277197237de3dcd93551262b64d9c031e68a6e454790fc8be5,resized/bin_floor/zh_line_10/r_2p625000.png,c3260105db9da1f55283541407dc0d34206973f8287f177074a2ba35ca23eb16,/home/karan/ocr_study/fonts/microsoft-jhenghei.ttf,0,53,16,42.0,42,0.0,22,False,1234567890,"1234567890
",1234567890,1234567890,0,10,0.0,0.09656250100033503,ok,
zh_line_10,zh_tra,single_line,7,2.625,bin_ceil,3.0,3.0,3,canonical/zh_line_10/r_2p625000.png,5dd73a5b0209df277197237de3dcd93551262b64d9c031e68a6e454790fc8be5,resized/bin_ceil/zh_line_10/r_2p625000.png,1569cf61d86aa8296829c6047b869d765f612c43b5ff871ff23dbd4c3d4f4170,/home/karan/ocr_study/fonts/microsoft-jhenghei.ttf,0,53,16,42.0,42,0.0,14,False,1234567890,"1234567890
",1234567890,1234567890,0,10,0.0,0.0935952810004892,ok,
zh_line_10,zh_tra,single_line,7,2.625,opencv_bilinear,2.622516556291391,2.622516556291391,,canonical/zh_line_10/r_2p625000.png,5dd73a5b0209df277197237de3dcd93551262b64d9c031e68a6e454790fc8be5,resized/opencv_bilinear/zh_line_10/r_2p625000.png,41f88440d7ea2f3aaf80b7389f877f87605f3fba9fc24262cae08fdaf0e54131,/home/karan/ocr_study/fonts/microsoft-jhenghei.ttf,0,53,16,42.0,42,0.0,17,False,1234567890,"1234567890
",1234567890,1234567890,0,10,0.0,0.12453332099994441,ok,
zh_line_10,zh_tra,single_line,7,2.625,lanczos2_7tap_16phase,2.622516556291391,2.622516556291391,,canonical/zh_line_10/r_2p625000.png,5dd73a5b0209df277197237de3dcd93551262b64d9c031e68a6e454790fc8be5,resized/lanczos2_7tap_16phase/zh_line_10/r_2p625000.png,3b666a5104d576951a22a16cf1c7e643e8934bf6df87f356be98cd4b3501bd55,/home/karan/ocr_study/fonts/microsoft-jhenghei.ttf,0,53,16,42.0,42,0.0,17,False,1234567890,"1234567890
",1234567890,1234567890,0,10,0.0,0.09170302300026378,ok,
zh_line_10,zh_tra,single_line,7,2.625,lanczos3_7tap_16phase,2.622516556291391,2.622516556291391,,canonical/zh_line_10/r_2p625000.png,5dd73a5b0209df277197237de3dcd93551262b64d9c031e68a6e454790fc8be5,resized/lanczos3_7tap_16phase/zh_line_10/r_2p625000.png,a7d732768e9d475e990e1c7d54ffb6ff8a2de782cc1c308329122ef2043d20cd,/home/karan/ocr_study/fonts/microsoft-jhenghei.ttf,0,53,16,42.0,42,0.0,17,False,1234567890,"1234567890
",1234567890,1234567890,0,10,0.0,0.09635720099959144,ok,
zh_line_10,zh_tra,single_line,7,2.733333333333,bin_floor,2.0,2.0,2,canonical/zh_line_10/r_2p733333.png,f9d9339af8700b6b85fa0019eb4e20fdf9389329fd242b9fa09796e54bb4ede1,resized/bin_floor/zh_line_10/r_2p733333.png,88d12f606f99748291504cd676c7c33c2b08c677b4cf1691411fc1c214af5c36,/home/karan/ocr_study/fonts/microsoft-jhenghei.ttf,0,55,16,43.733333333328,44,0.2666666666720019,22,False,1234567890,"1234567890
",1234567890,1234567890,0,10,0.0,0.09765114200035896,ok,
zh_line_10,zh_tra,single_line,7,2.733333333333,bin_ceil,3.0,3.0,3,canonical/zh_line_10/r_2p733333.png,f9d9339af8700b6b85fa0019eb4e20fdf9389329fd242b9fa09796e54bb4ede1,resized/bin_ceil/zh_line_10/r_2p733333.png,827ba8fc207f126434dd4b23452ff838ec8564a4742c963b91bbb5b5ff48c665,/home/karan/ocr_study/fonts/microsoft-jhenghei.ttf,0,55,16,43.733333333328,44,0.2666666666720019,16,False,1234567890,"1234567890
",1234567890,1234567890,0,10,0.0,0.09558195800036628,ok,
zh_line_10,zh_tra,single_line,7,2.733333333333,opencv_bilinear,2.738255033557047,2.738255033557047,,canonical/zh_line_10/r_2p733333.png,f9d9339af8700b6b85fa0019eb4e20fdf9389329fd242b9fa09796e54bb4ede1,resized/opencv_bilinear/zh_line_10/r_2p733333.png,11b11b40aea0d2140dbe278b6aa65e2dca79a45be6306bedd7cd64e76f11a289,/home/karan/ocr_study/fonts/microsoft-jhenghei.ttf,0,55,16,43.733333333328,44,0.2666666666720019,17,False,1234567890,"1234567890
",1234567890,1234567890,0,10,0.0,0.09419620400058193,ok,
zh_line_10,zh_tra,single_line,7,2.733333333333,lanczos2_7tap_16phase,2.738255033557047,2.738255033557047,,canonical/zh_line_10/r_2p733333.png,f9d9339af8700b6b85fa0019eb4e20fdf9389329fd242b9fa09796e54bb4ede1,resized/lanczos2_7tap_16phase/zh_line_10/r_2p733333.png,202727f4eb0561116005ddf047e21b5b9f7a0310e1f69fb8a8a654c2648ae53c,/home/karan/ocr_study/fonts/microsoft-jhenghei.ttf,0,55,16,43.733333333328,44,0.2666666666720019,17,False,1234567890,"1234567890
",1234567890,1234567890,0,10,0.0,0.09345318600026076,ok,
zh_line_10,zh_tra,single_line,7,2.733333333333,lanczos3_7tap_16phase,2.738255033557047,2.738255033557047,,canonical/zh_line_10/r_2p733333.png,f9d9339af8700b6b85fa0019eb4e20fdf9389329fd242b9fa09796e54bb4ede1,resized/lanczos3_7tap_16phase/zh_line_10/r_2p733333.png,58b0b8cdd0bd62f7d9d0107748dc8c09622250055e6cd490ab21477f16357f3c,/home/karan/ocr_study/fonts/microsoft-jhenghei.ttf,0,55,16,43.733333333328,44,0.2666666666720019,17,False,1234567890,"1234567890
",1234567890,1234567890,0,10,0.0,0.0931237049999254,ok,
zh_line_10,zh_tra,single_line,7,2.866666666667,bin_floor,2.0,2.0,2,canonical/zh_line_10/r_2p866667.png,829cc53694223d651319449762bfd66316d366db2695cde1d705c497942563cd,resized/bin_floor/zh_line_10/r_2p866667.png,9445f765b1ee1badd7058ce6f4dd09d1a8672459dd929c6d47b2bec7d5f872be,/home/karan/ocr_study/fonts/microsoft-jhenghei.ttf,0,58,16,45.866666666672,46,0.13333333332799668,24,False,1234567890,"1234567890
",1234567890,1234567890,0,10,0.0,0.0949067190003916,ok,
zh_line_10,zh_tra,single_line,7,2.866666666667,bin_ceil,3.0,3.0,3,canonical/zh_line_10/r_2p866667.png,829cc53694223d651319449762bfd66316d366db2695cde1d705c497942563cd,resized/bin_ceil/zh_line_10/r_2p866667.png,d100ef58100cf565a8bbaf0233b9a972f1b1ef7ef470f9009e239dece74cc7bb,/home/karan/ocr_study/fonts/microsoft-jhenghei.ttf,0,58,16,45.866666666672,46,0.13333333332799668,16,False,1234567890,"1234567890
",1234567890,1234567890,0,10,0.0,0.09912992799945641,ok,
zh_line_10,zh_tra,single_line,7,2.866666666667,opencv_bilinear,2.8609271523178808,2.8609271523178808,,canonical/zh_line_10/r_2p866667.png,829cc53694223d651319449762bfd66316d366db2695cde1d705c497942563cd,resized/opencv_bilinear/zh_line_10/r_2p866667.png,8aa8bd621b674ffacd9c19bbc963122a3eb34ea07959e406486f419f8e510756,/home/karan/ocr_study/fonts/microsoft-jhenghei.ttf,0,58,16,45.866666666672,46,0.13333333332799668,17,False,1234567890,"1234567890
",1234567890,1234567890,0,10,0.0,0.09823656899970956,ok,
zh_line_10,zh_tra,single_line,7,2.866666666667,lanczos2_7tap_16phase,2.8609271523178808,2.8609271523178808,,canonical/zh_line_10/r_2p866667.png,829cc53694223d651319449762bfd66316d366db2695cde1d705c497942563cd,resized/lanczos2_7tap_16phase/zh_line_10/r_2p866667.png,a100ff20cb70ec4497900bf3325b10c7e3e120dc8e428f31ba2cc08530d7300b,/home/karan/ocr_study/fonts/microsoft-jhenghei.ttf,0,58,16,45.866666666672,46,0.13333333332799668,17,False,1234567890,"1234567890
",1234567890,1234567890,0,10,0.0,0.09295842199935578,ok,
zh_line_10,zh_tra,single_line,7,2.866666666667,lanczos3_7tap_16phase,2.8609271523178808,2.8609271523178808,,canonical/zh_line_10/r_2p866667.png,829cc53694223d651319449762bfd66316d366db2695cde1d705c497942563cd,resized/lanczos3_7tap_16phase/zh_line_10/r_2p866667.png,e7cefe6c29b04934e8eede5e24ee7cebfbd35959223b1b262bf66d128f703a11,/home/karan/ocr_study/fonts/microsoft-jhenghei.ttf,0,58,16,45.866666666672,46,0.13333333332799668,17,False,1234567890,"1234567890
",1234567890,1234567890,0,10,0.0,0.09238458100026037,ok,
zh_line_10,zh_tra,single_line,7,3.0,bin_floor,3.0,3.0,3,canonical/zh_line_10/r_3p000000.png,44d127bc74fb0f6ee9aeb5aefd8af0b2f7813891b9f04efeac5db09bcfdeb729,resized/bin_floor/zh_line_10/r_3p000000.png,ac54ae461b4a723b49b1a8fe1efa37a692c5f485128918ccd10d0267df43c858,/home/karan/ocr_study/fonts/microsoft-jhenghei.ttf,0,61,16,48.0,48,0.0,16,False,1234567890,"1234567890
",1234567890,1234567890,0,10,0.0,0.09568571199997677,ok,
zh_line_10,zh_tra,single_line,7,3.0,bin_ceil,3.0,3.0,3,canonical/zh_line_10/r_3p000000.png,44d127bc74fb0f6ee9aeb5aefd8af0b2f7813891b9f04efeac5db09bcfdeb729,resized/bin_ceil/zh_line_10/r_3p000000.png,ac54ae461b4a723b49b1a8fe1efa37a692c5f485128918ccd10d0267df43c858,/home/karan/ocr_study/fonts/microsoft-jhenghei.ttf,0,61,16,48.0,48,0.0,16,False,1234567890,"1234567890
",1234567890,1234567890,0,10,0.0,0.09364111300055811,ok,
zh_line_10,zh_tra,single_line,7,3.0,opencv_bilinear,3.0,3.0,,canonical/zh_line_10/r_3p000000.png,44d127bc74fb0f6ee9aeb5aefd8af0b2f7813891b9f04efeac5db09bcfdeb729,resized/opencv_bilinear/zh_line_10/r_3p000000.png,e7c029f7b3338e4f4716de7ac38c96213f837da1f0bef08dfc76b736e33994bd,/home/karan/ocr_study/fonts/microsoft-jhenghei.ttf,0,61,16,48.0,48,0.0,16,False,1234567890,"1234567890
",1234567890,1234567890,0,10,0.0,0.09477668399995309,ok,
zh_line_10,zh_tra,single_line,7,3.0,lanczos2_7tap_16phase,3.0,3.0,,canonical/zh_line_10/r_3p000000.png,44d127bc74fb0f6ee9aeb5aefd8af0b2f7813891b9f04efeac5db09bcfdeb729,resized/lanczos2_7tap_16phase/zh_line_10/r_3p000000.png,95caf523a27805f108a475b7e3ae1d5f19e173e1e6423a8e1ce4261bdcb954e1,/home/karan/ocr_study/fonts/microsoft-jhenghei.ttf,0,61,16,48.0,48,0.0,16,False,1234567890,"1234567890
",1234567890,1234567890,0,10,0.0,0.09282243000052404,ok,
zh_line_10,zh_tra,single_line,7,3.0,lanczos3_7tap_16phase,3.0,3.0,,canonical/zh_line_10/r_3p000000.png,44d127bc74fb0f6ee9aeb5aefd8af0b2f7813891b9f04efeac5db09bcfdeb729,resized/lanczos3_7tap_16phase/zh_line_10/r_3p000000.png,d19b325864f635138e0021bbdf74fafe6b140d04b765a8fb092bdabccc44870a,/home/karan/ocr_study/fonts/microsoft-jhenghei.ttf,0,61,16,48.0,48,0.0,18,True,1234567890,"1234567890
",1234567890,1234567890,0,10,0.0,0.09353263699995296,ok,
